customer_id,signup_date,segment,region,monthly_fee,churn_month
0,2022-04-24,midmarket,North America,154.65,11
1,2024-09-14,smb,North America,39.4,-1
2,2024-04-15,smb,North America,38.79,9
3,2023-07-15,midmarket,APAC,97.42,-1
4,2023-07-07,enterprise,Europe,372.22,1
5,2024-12-31,midmarket,North America,115.98,-1
6,2022-04-20,smb,North America,35.6,-1
7,2024-06-08,smb,Other,28.54,-1
8,2022-09-15,smb,North America,40.82,-1
9,2022-05-01,midmarket,North America,141.08,10
10,2023-11-03,midmarket,North America,113.67,8
11,2025-05-29,smb,North America,29.45,1
12,2024-07-27,midmarket,APAC,103.57,-1
13,2024-08-29,smb,APAC,24.43,1
14,2024-07-04,midmarket,North America,103.8,-1
15,2024-09-30,midmarket,APAC,95.63,-1
16,2023-10-17,smb,North America,38.61,-1
17,2022-06-13,smb,APAC,27.27,-1
18,2024-12-07,smb,North America,30.82,-1
19,2023-07-29,midmarket,North America,137.58,-1
20,2023-10-01,smb,APAC,32.14,6
21,2023-04-19,smb,APAC,29.13,1
22,2022-08-21,smb,APAC,33.16,-1
23,2025-03-28,smb,Europe,27.34,1
24,2024-09-24,smb,APAC,28.52,4
25,2024-04-01,smb,Europe,31.2,2
26,2023-05-29,midmarket,North America,141.05,12
27,2024-11-15,midmarket,Europe,109.68,-1
28,2023-11-27,smb,Europe,29.43,-1
29,2023-07-20,enterprise,Europe,328.41,-1
30,2023-07-29,enterprise,APAC,360.79,23
31,2022-10-17,smb,Europe,28.85,29
32,2022-04-28,enterprise,North America,478.04,22
33,2023-12-09,smb,North America,35.75,-1
34,2025-02-06,smb,APAC,22.83,1
35,2022-03-23,midmarket,North America,144.47,-1
36,2024-12-31,smb,APAC,26.31,-1
37,2024-11-22,midmarket,North America,129.08,1
38,2022-12-20,smb,North America,34.88,28
39,2024-03-17,smb,APAC,23.6,-1
40,2022-07-30,midmarket,North America,119.33,4
41,2024-08-25,midmarket,APAC,86.25,-1
42,2024-06-12,midmarket,North America,125.12,-1
43,2023-03-29,midmarket,Europe,107.67,16
44,2022-03-28,midmarket,Europe,105.28,30
45,2025-05-23,smb,APAC,29.44,1
46,2023-07-23,midmarket,North America,111.73,1
47,2025-02-13,smb,North America,31.97,-1
48,2024-05-15,midmarket,Europe,116.42,-1
49,2024-09-20,smb,Other,26.55,-1
50,2024-08-27,midmarket,APAC,87.65,1
51,2022-09-06,midmarket,APAC,118.72,1
52,2023-04-10,smb,Europe,32.6,7
53,2023-08-19,midmarket,Europe,93.38,-1
54,2023-09-28,smb,APAC,24.37,1
55,2022-02-25,midmarket,APAC,121.73,5
56,2023-11-29,smb,APAC,26.46,-1
57,2022-07-16,smb,APAC,33.5,1
58,2024-08-06,smb,APAC,23.32,-1
59,2024-05-21,enterprise,North America,358.49,4
60,2025-03-23,midmarket,North America,126.16,-1
61,2024-08-08,midmarket,Other,100.48,-1
62,2023-04-13,midmarket,Europe,96.73,1
63,2025-05-19,midmarket,North America,101.46,-1
64,2023-06-09,smb,Europe,34.43,-1
65,2023-02-20,smb,Europe,33.21,11
66,2025-03-01,smb,APAC,25.28,-1
67,2023-04-18,midmarket,APAC,91.36,1
68,2022-04-08,midmarket,North America,154.29,-1
69,2023-08-23,smb,Europe,28.81,-1
70,2024-10-12,midmarket,North America,108.88,1
71,2022-08-30,midmarket,APAC,99.02,-1
72,2023-08-14,smb,North America,32.76,1
73,2022-06-15,smb,Europe,34.57,10
74,2024-05-25,smb,Europe,29.06,-1
75,2023-08-30,midmarket,Europe,113.09,-1
76,2023-02-26,smb,Europe,31.61,1
77,2022-10-17,midmarket,Europe,101.81,24
78,2023-12-22,midmarket,Europe,119.35,1
79,2024-05-04,smb,North America,35.19,8
80,2025-04-14,midmarket,North America,107.28,-1
81,2023-07-12,smb,Europe,27.45,1
82,2022-07-25,midmarket,North America,138.14,1
83,2024-11-28,enterprise,APAC,329.66,-1
84,2024-03-14,smb,North America,37.05,1
85,2024-06-12,midmarket,APAC,101.73,-1
86,2022-05-05,smb,North America,35.42,10
87,2023-02-03,midmarket,APAC,115.94,-1
88,2024-09-06,smb,North America,31.37,1
89,2024-11-27,midmarket,Europe,94.21,7
90,2023-07-10,midmarket,North America,127.08,-1
91,2024-10-23,smb,Europe,25.3,2
92,2024-12-09,midmarket,North America,113.86,-1
93,2023-05-10,midmarket,APAC,90.94,-1
94,2025-02-19,smb,Europe,31.24,-1
95,2023-01-03,smb,Other,30.29,8
96,2022-11-02,smb,Europe,34.56,-1
97,2024-05-20,smb,Europe,29.79,9
98,2024-03-23,smb,APAC,26.17,-1
99,2022-06-28,smb,North America,43.19,-1
100,2024-11-28,smb,Europe,29.61,-1
101,2022-09-13,midmarket,North America,132.8,6
102,2024-10-24,enterprise,Europe,300.13,-1
103,2022-01-10,smb,North America,36.85,1
104,2024-10-13,smb,North America,32.73,-1
105,2024-10-01,smb,Europe,31.48,1
106,2024-09-22,midmarket,Europe,113.01,-1
107,2024-04-28,midmarket,North America,138.8,1
108,2023-08-25,smb,Europe,31.26,17
109,2024-06-18,smb,APAC,26.93,11
110,2022-12-20,midmarket,North America,141.5,6
111,2024-09-23,smb,North America,32.5,-1
112,2023-12-11,smb,Other,26.94,-1
113,2023-08-09,smb,APAC,30.28,-1
114,2023-10-08,midmarket,North America,114.85,1
115,2023-12-27,smb,Europe,29.24,1
116,2022-02-17,smb,North America,38.34,-1
117,2022-06-28,smb,APAC,31.5,1
118,2022-11-10,enterprise,North America,408.69,-1
119,2022-05-27,smb,North America,36.05,6
120,2023-07-15,smb,North America,33.05,23
121,2024-05-02,midmarket,Europe,114.31,-1
122,2024-04-15,midmarket,North America,134.92,1
123,2023-08-25,smb,APAC,32.25,-1
124,2024-12-27,smb,Europe,32.22,-1
125,2023-12-23,enterprise,Europe,318.9,-1
126,2022-04-12,midmarket,APAC,93.66,34
127,2024-09-03,midmarket,North America,117.73,-1
128,2024-01-04,smb,North America,36.05,16
129,2024-03-20,smb,North America,37.93,1
130,2023-12-23,midmarket,APAC,88.58,-1
131,2023-12-08,midmarket,North America,139.41,-1
132,2022-04-26,midmarket,APAC,100.44,1
133,2023-12-15,smb,Europe,32.04,-1
134,2024-10-11,smb,Europe,32.95,-1
135,2023-01-23,smb,Europe,33.31,1
136,2024-02-09,enterprise,North America,438.27,-1
137,2022-02-09,enterprise,North America,492.1,-1
138,2023-03-20,midmarket,APAC,109.86,11
139,2023-07-12,smb,North America,40.38,2
140,2025-06-07,smb,Europe,27.51,-1
141,2022-10-01,smb,Other,27.36,-1
142,2022-12-19,midmarket,North America,142.97,-1
143,2023-06-06,smb,North America,38.0,-1
144,2025-06-20,midmarket,North America,115.69,-1
145,2024-12-24,smb,North America,32.9,-1
146,2022-02-14,smb,Other,26.96,26
147,2022-10-26,smb,Other,28.15,-1
148,2024-11-14,smb,North America,38.76,-1
149,2022-03-16,midmarket,Other,94.72,5
150,2024-12-27,smb,North America,31.48,-1
151,2022-12-26,enterprise,Other,287.1,10
152,2025-03-16,smb,APAC,25.87,-1
153,2023-01-10,midmarket,North America,122.14,1
154,2023-07-09,enterprise,Europe,387.6,1
155,2024-04-24,enterprise,APAC,280.92,14
156,2022-06-11,midmarket,North America,124.62,18
157,2023-12-12,smb,North America,31.27,1
158,2023-10-07,smb,Europe,27.28,-1
159,2024-09-27,midmarket,North America,128.86,-1
160,2025-06-25,smb,North America,36.67,-1
161,2024-04-27,smb,North America,38.06,4
162,2023-06-07,midmarket,Europe,122.77,1
163,2023-06-03,midmarket,North America,111.47,1
164,2023-06-18,smb,Europe,36.13,-1
165,2024-11-04,smb,North America,33.63,-1
166,2023-02-14,midmarket,North America,140.24,-1
167,2022-08-02,smb,Europe,35.05,9
168,2023-03-03,midmarket,North America,123.33,1
169,2022-01-29,midmarket,Europe,111.53,11
170,2022-05-16,smb,North America,34.99,-1
171,2022-04-25,smb,Europe,33.61,-1
172,2024-09-11,smb,North America,34.29,-1
173,2024-07-10,enterprise,APAC,355.5,-1
174,2024-06-08,midmarket,North America,103.05,-1
175,2023-08-13,enterprise,APAC,337.54,-1
176,2024-07-03,midmarket,North America,119.92,1
177,2022-07-25,enterprise,North America,383.32,25
178,2025-02-23,smb,Europe,27.58,1
179,2023-10-02,smb,North America,35.53,-1
180,2025-04-11,smb,Europe,28.69,2
181,2022-07-14,midmarket,APAC,96.63,-1
182,2023-09-27,enterprise,APAC,281.3,-1
183,2024-06-07,smb,Europe,28.47,5
184,2023-09-25,enterprise,Other,340.0,15
185,2023-07-24,smb,Europe,35.08,5
186,2022-08-01,enterprise,North America,402.6,1
187,2023-05-02,smb,APAC,30.47,-1
188,2022-11-01,smb,North America,43.29,-1
189,2023-01-20,smb,North America,34.29,-1
190,2024-05-22,smb,North America,31.18,1
191,2024-03-15,smb,North America,30.37,6
192,2024-02-14,midmarket,North America,110.18,-1
193,2023-04-07,smb,North America,41.01,19
194,2025-05-09,smb,Europe,31.28,-1
195,2022-04-22,smb,APAC,31.44,10
196,2023-03-14,midmarket,Other,90.69,-1
197,2022-05-31,midmarket,North America,147.94,12
198,2023-03-09,smb,North America,34.22,11
199,2025-05-12,smb,Europe,25.5,-1
200,2023-04-13,midmarket,North America,112.68,1
201,2025-03-05,midmarket,North America,125.98,-1
202,2023-09-24,midmarket,Europe,116.03,-1
203,2024-06-11,smb,APAC,28.33,6
204,2023-08-07,midmarket,North America,134.58,1
205,2022-12-06,enterprise,Europe,339.21,1
206,2024-09-02,enterprise,Europe,329.54,-1
207,2025-05-21,smb,APAC,28.15,-1
208,2022-12-03,enterprise,North America,491.42,18
209,2024-09-20,enterprise,APAC,308.41,2
210,2022-11-30,smb,APAC,26.65,17
211,2024-07-03,midmarket,North America,136.11,-1
212,2024-10-03,smb,Europe,28.77,-1
213,2023-07-28,smb,Europe,30.37,-1
214,2024-07-29,midmarket,North America,105.46,-1
215,2022-12-14,midmarket,Europe,97.29,7
216,2022-04-12,midmarket,North America,140.34,-1
217,2022-05-03,enterprise,APAC,365.32,-1
218,2023-07-25,midmarket,North America,116.52,15
219,2025-02-25,midmarket,Europe,89.55,-1
220,2022-06-12,midmarket,North America,135.97,8
221,2023-08-05,smb,Europe,31.33,4
222,2024-06-17,enterprise,Europe,326.4,1
223,2022-09-16,midmarket,Europe,105.83,29
224,2024-07-09,smb,Europe,33.44,-1
225,2023-01-26,midmarket,North America,149.34,25
226,2024-10-28,midmarket,North America,112.05,-1
227,2024-01-10,enterprise,Europe,377.16,-1
228,2023-11-29,midmarket,North America,137.69,7
229,2022-08-14,midmarket,APAC,89.7,9
230,2023-08-15,smb,Europe,35.86,-1
231,2024-12-29,smb,APAC,26.44,-1
232,2022-01-25,midmarket,North America,140.35,-1
233,2024-08-25,midmarket,Europe,104.18,8
234,2023-09-21,smb,North America,33.74,19
235,2024-07-07,smb,APAC,29.47,-1
236,2024-04-26,midmarket,Europe,112.48,6
237,2023-07-06,midmarket,Europe,96.75,11
238,2023-01-29,midmarket,Europe,115.54,1
239,2024-03-11,smb,North America,40.31,-1
240,2022-06-28,midmarket,Europe,130.31,2
241,2024-01-16,midmarket,APAC,99.75,4
242,2022-05-01,midmarket,North America,123.22,19
243,2024-04-09,midmarket,Other,85.28,10
244,2024-03-13,smb,APAC,24.84,-1
245,2022-04-18,smb,Other,32.17,32
246,2024-08-24,smb,APAC,29.28,5
247,2023-06-15,midmarket,North America,142.91,-1
248,2024-10-01,midmarket,Europe,88.51,-1
249,2022-02-23,smb,North America,45.65,1
250,2022-08-17,smb,APAC,34.76,34
251,2023-09-23,enterprise,North America,439.7,-1
252,2022-08-29,midmarket,APAC,116.51,-1
253,2023-02-25,smb,North America,37.15,1
254,2024-04-22,smb,North America,33.29,1
255,2022-07-04,smb,North America,35.08,-1
256,2024-05-14,smb,Europe,26.22,1
257,2022-05-12,midmarket,North America,116.86,1
258,2022-08-12,midmarket,North America,141.25,4
259,2024-01-20,midmarket,North America,116.8,4
260,2024-10-09,smb,North America,29.59,-1
261,2022-08-06,smb,Other,25.45,-1
262,2023-01-18,midmarket,Europe,119.02,-1
263,2025-03-26,smb,North America,37.61,-1
264,2025-06-16,midmarket,North America,108.97,-1
265,2024-01-12,enterprise,North America,443.5,1
266,2023-07-25,midmarket,North America,144.6,-1
267,2023-03-19,smb,North America,40.02,20
268,2024-02-21,smb,North America,38.02,1
269,2024-01-25,smb,North America,37.07,11
270,2023-01-12,smb,North America,43.49,1
271,2022-01-30,smb,APAC,29.61,4
272,2022-07-13,smb,North America,42.47,-1
273,2025-05-08,smb,Europe,27.86,-1
274,2023-06-18,midmarket,Europe,99.21,17
275,2023-09-08,smb,APAC,30.67,-1
276,2023-08-20,smb,North America,40.38,20
277,2024-09-25,smb,APAC,29.81,1
278,2022-03-24,midmarket,APAC,120.55,1
279,2022-04-16,smb,Other,31.5,1
280,2022-12-18,smb,APAC,30.16,13
281,2023-09-13,midmarket,North America,141.85,-1
282,2024-05-06,smb,Other,23.67,12
283,2023-09-19,midmarket,APAC,85.66,-1
284,2023-07-17,midmarket,North America,124.02,-1
285,2025-04-11,midmarket,North America,116.13,-1
286,2022-07-25,smb,Other,30.49,-1
287,2023-12-31,smb,North America,39.41,-1
288,2023-11-23,midmarket,APAC,83.32,-1
289,2023-08-28,smb,North America,40.07,1
290,2024-10-27,midmarket,Europe,104.91,-1
291,2022-12-07,midmarket,North America,148.85,11
292,2025-05-02,smb,Europe,27.28,-1
293,2023-02-28,smb,Europe,34.07,-1
294,2023-11-27,smb,APAC,30.59,-1
295,2023-10-27,smb,North America,36.55,-1
296,2024-12-20,smb,North America,30.3,1
297,2023-07-15,midmarket,North America,109.51,-1
298,2022-12-30,midmarket,North America,115.77,-1
299,2022-01-28,enterprise,Other,339.48,1
300,2023-04-10,smb,North America,39.05,19
301,2024-11-20,smb,North America,34.7,1
302,2022-01-13,smb,APAC,33.51,34
303,2025-02-17,midmarket,North America,98.75,1
304,2023-11-24,enterprise,North America,368.49,-1
305,2022-06-28,smb,Europe,36.88,11
306,2023-01-21,smb,North America,41.24,1
307,2023-12-08,midmarket,APAC,102.48,-1
308,2023-02-07,midmarket,Europe,121.16,15
309,2022-05-19,midmarket,North America,154.3,1
310,2024-04-29,midmarket,Europe,119.16,-1
311,2024-05-07,midmarket,APAC,98.22,1
312,2022-06-01,midmarket,North America,127.53,16
313,2022-12-25,smb,Europe,28.39,-1
314,2022-11-08,midmarket,North America,136.87,20
315,2024-04-21,midmarket,Europe,102.98,-1
316,2024-07-20,enterprise,Europe,308.47,-1
317,2024-07-16,smb,North America,31.75,-1
318,2025-04-12,midmarket,Europe,111.46,-1
319,2024-09-07,midmarket,North America,102.44,-1
320,2023-02-14,enterprise,Europe,408.61,-1
321,2022-05-18,smb,Europe,38.5,1
322,2024-02-24,smb,North America,37.65,-1
323,2025-03-14,enterprise,North America,329.89,-1
324,2025-05-29,midmarket,APAC,97.35,-1
325,2022-10-21,midmarket,North America,138.39,-1
326,2022-10-29,smb,North America,36.01,11
327,2022-02-17,smb,North America,41.62,-1
328,2022-06-30,midmarket,Europe,104.47,1
329,2023-12-09,midmarket,North America,131.14,-1
330,2023-11-29,smb,APAC,31.75,-1
331,2023-04-19,smb,Europe,32.81,1
332,2023-01-31,midmarket,North America,148.1,7
333,2024-11-24,midmarket,Europe,99.42,1
334,2023-08-11,midmarket,North America,139.5,1
335,2024-10-28,smb,North America,36.97,-1
336,2025-05-14,smb,Europe,25.05,-1
337,2023-02-09,smb,North America,42.54,9
338,2022-09-16,smb,APAC,34.08,3
339,2025-04-30,midmarket,Europe,94.16,-1
340,2024-03-21,midmarket,North America,132.26,12
341,2023-01-07,enterprise,Other,294.76,27
342,2024-03-04,smb,Europe,26.49,5
343,2023-10-20,smb,North America,33.19,-1
344,2025-03-01,midmarket,Europe,98.62,-1
345,2022-11-23,enterprise,Other,281.38,13
346,2025-06-19,smb,North America,29.35,-1
347,2025-04-09,smb,North America,37.52,1
348,2022-08-19,smb,Europe,33.81,11
349,2022-07-30,midmarket,North America,147.21,15
350,2023-11-12,smb,North America,33.01,-1
351,2022-02-27,smb,Europe,30.54,19
352,2023-01-17,smb,APAC,32.27,2
353,2023-07-10,smb,Europe,30.66,7
354,2025-05-21,smb,North America,32.47,-1
355,2025-06-20,smb,North America,37.51,-1
356,2022-07-13,smb,North America,36.99,34
357,2025-02-11,midmarket,North America,113.67,-1
358,2022-04-27,midmarket,Europe,123.14,26
359,2024-08-13,smb,North America,30.27,-1
360,2024-12-15,smb,APAC,28.16,1
361,2025-02-10,enterprise,Europe,327.36,-1
362,2022-10-13,midmarket,Europe,103.83,10
363,2025-02-14,smb,APAC,25.61,-1
364,2022-05-28,smb,Europe,33.95,-1
365,2023-10-25,smb,APAC,29.67,15
366,2023-08-23,midmarket,APAC,111.52,12
367,2023-02-08,smb,Europe,35.53,-1
368,2022-01-29,smb,North America,38.83,-1
369,2024-09-12,midmarket,North America,134.35,1
370,2023-03-05,midmarket,APAC,109.89,-1
371,2024-04-24,smb,North America,30.27,-1
372,2023-06-08,enterprise,Other,277.45,12
373,2023-04-22,smb,North America,34.31,21
374,2025-02-04,smb,Europe,25.43,1
375,2022-05-01,smb,North America,39.34,15
376,2024-07-28,midmarket,Other,83.77,-1
377,2024-08-10,smb,North America,39.43,-1
378,2023-04-30,midmarket,North America,127.46,25
379,2022-12-01,smb,APAC,27.33,-1
380,2022-01-07,midmarket,North America,157.49,12
381,2025-04-10,smb,North America,33.19,-1
382,2025-04-24,smb,APAC,22.56,1
383,2022-11-04,midmarket,APAC,90.09,1
384,2022-02-10,midmarket,North America,144.59,11
385,2022-06-06,smb,Europe,34.14,-1
386,2022-03-28,enterprise,North America,472.77,-1
387,2024-11-26,midmarket,North America,128.72,1
388,2025-02-12,smb,Europe,30.65,-1
389,2022-07-15,smb,North America,43.39,-1
390,2024-08-10,smb,Europe,32.21,-1
391,2022-08-17,midmarket,North America,140.56,20
392,2023-04-14,smb,APAC,26.12,10
393,2024-02-04,smb,Europe,30.83,-1
394,2024-07-07,midmarket,North America,116.64,-1
395,2025-01-20,midmarket,APAC,91.28,-1
396,2022-02-27,midmarket,APAC,103.99,-1
397,2022-09-08,midmarket,North America,137.74,-1
398,2022-12-24,smb,Other,27.34,26
399,2023-01-31,enterprise,North America,442.21,-1
400,2025-06-27,smb,North America,31.66,-1
401,2024-09-18,midmarket,North America,131.95,-1
402,2023-02-13,midmarket,North America,124.85,3
403,2025-05-25,midmarket,Europe,104.79,1
404,2023-09-30,smb,Europe,32.88,-1
405,2023-10-01,smb,APAC,27.49,-1
406,2023-07-08,midmarket,North America,138.3,11
407,2022-07-03,midmarket,North America,151.42,22
408,2025-04-07,midmarket,North America,122.19,-1
409,2022-01-18,smb,North America,45.67,20
410,2022-08-11,midmarket,Other,96.84,34
411,2022-10-21,smb,Europe,37.72,24
412,2022-12-23,midmarket,APAC,114.13,11
413,2022-06-18,midmarket,Europe,126.48,10
414,2022-01-23,smb,North America,44.3,-1
415,2024-05-14,smb,North America,37.51,-1
416,2025-05-21,enterprise,North America,377.05,1
417,2022-06-05,smb,APAC,31.26,-1
418,2023-01-14,midmarket,North America,127.19,3
419,2023-10-09,midmarket,North America,130.86,-1
420,2025-03-29,midmarket,Europe,93.89,-1
421,2024-06-04,smb,North America,37.41,11
422,2024-09-04,smb,Europe,29.91,-1
423,2024-01-12,enterprise,North America,391.37,3
424,2023-06-17,smb,Europe,28.86,16
425,2022-09-12,smb,North America,35.93,19
426,2025-01-07,smb,APAC,27.41,-1
427,2024-10-23,smb,Europe,28.55,-1
428,2022-02-02,smb,North America,34.45,37
429,2024-07-01,smb,APAC,25.78,1
430,2022-04-18,midmarket,APAC,102.24,13
431,2024-07-31,midmarket,Europe,95.25,1
432,2024-11-19,smb,APAC,24.89,-1
433,2022-06-17,midmarket,APAC,112.01,7
434,2023-07-08,smb,North America,39.66,-1
435,2022-06-07,enterprise,North America,511.34,8
436,2023-12-25,smb,North America,31.88,1
437,2025-03-29,midmarket,Europe,93.5,-1
438,2022-04-14,smb,Other,25.62,-1
439,2023-05-23,midmarket,Europe,114.98,-1
440,2025-05-26,midmarket,North America,96.35,-1
441,2023-01-20,smb,Other,25.63,-1
442,2022-06-18,smb,Europe,35.09,-1
443,2023-09-16,smb,North America,35.01,-1
444,2023-10-11,smb,APAC,28.85,-1
445,2024-04-25,midmarket,North America,126.01,-1
446,2023-02-05,smb,Europe,36.26,23
447,2025-05-04,midmarket,Europe,94.85,-1
448,2023-10-27,smb,APAC,26.58,8
449,2023-01-01,midmarket,North America,131.93,-1
450,2025-05-10,enterprise,North America,327.17,-1
451,2025-03-26,smb,Europe,24.93,-1
452,2023-09-29,smb,APAC,28.2,-1
453,2022-02-01,midmarket,North America,125.75,2
454,2024-02-01,smb,North America,30.37,10
455,2023-12-10,smb,Other,28.05,-1
456,2022-07-09,midmarket,APAC,114.99,20
457,2024-03-19,smb,North America,31.71,-1
458,2024-12-08,midmarket,North America,118.08,1
459,2022-05-16,enterprise,Europe,449.68,1
460,2024-07-11,smb,Europe,28.09,1
461,2022-06-29,midmarket,Europe,125.37,27
462,2024-08-13,midmarket,APAC,83.26,-1
463,2023-06-19,smb,North America,41.92,3
464,2022-01-09,enterprise,APAC,306.05,1
465,2025-05-17,smb,North America,30.85,-1
466,2022-07-31,smb,APAC,35.01,1
467,2024-01-31,midmarket,North America,129.11,-1
468,2022-08-20,smb,North America,35.59,1
469,2025-04-05,enterprise,North America,410.8,-1
470,2024-07-31,smb,North America,38.86,-1
471,2024-10-23,enterprise,North America,388.93,1
472,2023-07-06,smb,Europe,28.8,1
473,2023-08-20,midmarket,APAC,91.45,-1
474,2024-03-20,smb,Europe,34.93,-1
475,2024-09-28,midmarket,Europe,91.99,-1
476,2024-12-16,midmarket,North America,109.32,-1
477,2022-01-23,smb,APAC,28.15,-1
478,2024-04-26,smb,North America,31.1,13
479,2022-05-20,smb,North America,39.77,-1
480,2023-01-03,enterprise,North America,421.23,-1
481,2024-11-24,enterprise,North America,335.45,-1
482,2022-11-16,midmarket,Europe,102.31,-1
483,2024-10-13,midmarket,North America,100.88,-1
484,2023-08-14,smb,North America,31.5,1
485,2022-10-24,smb,APAC,27.29,17
486,2023-03-03,smb,North America,40.42,20
487,2023-11-09,midmarket,Europe,92.19,-1
488,2024-09-03,midmarket,North America,110.85,-1
489,2024-02-13,smb,APAC,28.43,-1
490,2025-04-05,midmarket,Europe,105.76,-1
491,2025-01-12,smb,North America,35.4,-1
492,2024-08-19,midmarket,APAC,106.23,-1
493,2024-02-09,midmarket,North America,113.96,1
494,2023-01-05,smb,North America,32.33,1
495,2023-06-11,midmarket,Europe,95.32,-1
496,2022-06-01,smb,Europe,30.07,7
497,2023-04-23,midmarket,North America,146.83,1
498,2025-03-28,enterprise,North America,387.87,-1
499,2023-06-28,midmarket,North America,138.68,24
500,2022-05-26,midmarket,Europe,134.94,16
501,2024-04-11,smb,Other,28.76,-1
502,2025-05-13,midmarket,North America,109.58,-1
503,2025-01-11,smb,Other,27.64,-1
504,2022-12-16,smb,North America,37.46,1
505,2023-08-03,midmarket,APAC,87.18,9
506,2023-11-09,midmarket,APAC,98.51,-1
507,2022-11-13,midmarket,Europe,128.78,24
508,2022-12-09,smb,North America,41.48,21
509,2022-10-29,smb,North America,37.45,1
510,2025-06-23,midmarket,North America,124.0,-1
511,2024-08-09,smb,Europe,29.7,1
512,2024-12-08,smb,Other,26.36,-1
513,2024-11-07,midmarket,North America,110.66,-1
514,2025-05-08,midmarket,North America,102.38,1
515,2022-05-15,smb,North America,37.3,-1
516,2025-01-29,midmarket,Europe,111.48,1
517,2022-03-26,midmarket,Europe,136.37,2
518,2023-08-30,midmarket,North America,117.06,-1
519,2024-01-29,smb,APAC,25.22,-1
520,2023-04-02,midmarket,North America,111.98,-1
521,2022-07-06,midmarket,Europe,125.59,-1
522,2022-09-03,midmarket,North America,134.06,13
523,2024-11-18,smb,North America,34.55,-1
524,2023-02-11,midmarket,Europe,97.45,1
525,2023-01-31,smb,Europe,28.92,-1
526,2025-03-24,midmarket,North America,128.14,2
527,2022-07-03,midmarket,APAC,107.45,1
528,2025-03-13,smb,Europe,26.47,1
529,2025-03-21,smb,North America,30.32,-1
530,2024-02-03,midmarket,Other,83.29,1
531,2022-07-31,smb,Other,25.15,1
532,2022-07-18,smb,North America,33.86,1
533,2022-12-30,midmarket,Other,103.25,1
534,2024-01-07,smb,APAC,26.05,1
535,2022-07-16,smb,North America,37.79,1
536,2023-08-05,midmarket,Europe,110.78,-1
537,2022-05-28,smb,North America,37.38,6
538,2023-11-21,midmarket,Europe,107.21,1
539,2022-01-27,enterprise,Other,377.23,1
540,2024-06-23,smb,North America,32.22,-1
541,2022-03-12,smb,Europe,37.71,-1
542,2022-09-06,smb,North America,36.03,1
543,2022-08-11,smb,Europe,30.7,8
544,2024-11-26,smb,APAC,23.18,-1
545,2022-03-10,midmarket,North America,144.29,8
546,2023-07-02,smb,Europe,31.26,22
547,2024-01-25,smb,North America,38.73,-1
548,2023-10-21,smb,Europe,28.15,-1
549,2024-05-18,smb,Europe,31.45,-1
550,2024-10-21,midmarket,Europe,86.97,7
551,2023-05-18,enterprise,North America,392.23,-1
552,2024-11-22,midmarket,Europe,104.63,-1
553,2023-02-10,midmarket,Europe,97.82,1
554,2025-06-10,smb,Europe,27.38,-1
555,2023-10-06,smb,Europe,32.22,1
556,2024-07-28,midmarket,APAC,99.51,1
557,2025-01-21,midmarket,North America,122.34,-1
558,2024-10-08,smb,North America,30.56,-1
559,2024-12-22,midmarket,Other,74.72,-1
560,2023-11-16,smb,North America,34.85,-1
561,2022-02-25,midmarket,APAC,99.15,25
562,2023-09-22,midmarket,Europe,102.65,1
563,2022-08-20,midmarket,APAC,99.6,14
564,2025-02-08,smb,Europe,28.17,-1
565,2022-10-30,midmarket,APAC,104.12,-1
566,2022-10-19,smb,Europe,28.62,-1
567,2022-11-15,midmarket,Europe,107.56,1
568,2024-03-30,midmarket,North America,112.96,1
569,2023-12-30,smb,North America,33.16,-1
570,2025-04-25,midmarket,North America,123.15,-1
571,2023-06-16,enterprise,Other,290.12,1
572,2022-12-27,smb,North America,34.22,19
573,2022-03-04,smb,APAC,34.51,2
574,2022-01-10,midmarket,Europe,115.79,-1
575,2023-04-22,midmarket,North America,116.33,4
576,2025-03-27,smb,Other,26.42,-1
577,2023-10-31,smb,North America,38.09,8
578,2025-02-14,smb,Europe,32.95,-1
579,2022-05-10,smb,Europe,38.25,11
580,2022-04-30,smb,North America,42.01,25
581,2024-11-29,midmarket,North America,104.65,-1
582,2022-05-17,midmarket,Europe,117.21,1
583,2022-03-08,smb,North America,35.32,26
584,2023-05-31,smb,APAC,29.62,12
585,2025-03-26,smb,Europe,32.52,-1
586,2024-05-29,smb,North America,29.86,12
587,2022-05-07,midmarket,North America,150.75,1
588,2024-12-04,smb,North America,34.19,-1
589,2024-12-12,smb,APAC,23.68,-1
590,2024-10-18,midmarket,Europe,112.72,-1
591,2025-02-25,smb,North America,33.79,-1
592,2022-11-03,smb,Europe,32.88,7
593,2025-06-03,enterprise,Europe,324.81,-1
594,2023-02-14,smb,Europe,29.43,-1
595,2024-10-20,smb,North America,30.19,-1
596,2024-01-10,smb,North America,37.56,1
597,2024-09-21,midmarket,North America,131.2,9
598,2024-03-12,smb,Europe,32.63,-1
599,2024-03-30,smb,Europe,33.98,-1
600,2024-02-26,smb,North America,39.32,1
601,2024-09-20,enterprise,North America,337.43,-1
602,2024-08-01,smb,Europe,32.47,-1
603,2022-06-21,smb,North America,42.54,9
604,2024-11-20,smb,Europe,28.22,-1
605,2023-11-16,smb,North America,35.21,1
606,2023-02-17,enterprise,North America,464.45,-1
607,2023-10-19,smb,Europe,36.25,-1
608,2025-05-18,midmarket,North America,129.19,-1
609,2024-12-30,smb,Europe,29.15,-1
610,2024-11-29,enterprise,North America,422.05,-1
611,2023-08-14,smb,North America,36.37,-1
612,2024-09-27,midmarket,Europe,113.64,1
613,2023-05-07,smb,North America,38.97,15
614,2024-05-25,smb,Europe,34.5,-1
615,2024-03-27,midmarket,APAC,109.32,-1
616,2022-11-15,midmarket,Other,92.37,1
617,2022-12-07,smb,North America,43.72,2
618,2022-03-20,smb,North America,42.18,1
619,2022-06-28,enterprise,North America,414.14,-1
620,2023-07-08,midmarket,APAC,84.32,1
621,2023-09-02,midmarket,North America,132.26,-1
622,2022-07-30,smb,North America,35.88,-1
623,2023-06-16,smb,Europe,29.67,15
624,2024-02-10,enterprise,North America,413.67,1
625,2022-10-24,smb,Europe,28.83,27
626,2023-03-08,smb,Europe,31.93,-1
627,2023-04-14,smb,Europe,35.52,10
628,2023-10-07,enterprise,Europe,310.23,9
629,2023-04-13,midmarket,North America,133.29,8
630,2024-07-29,midmarket,Europe,92.89,-1
631,2023-02-22,midmarket,Europe,125.13,21
632,2023-07-08,midmarket,North America,122.46,10
633,2023-04-30,enterprise,APAC,366.64,-1
634,2022-08-22,midmarket,APAC,111.55,-1
635,2024-05-25,smb,APAC,30.57,-1
636,2022-10-28,midmarket,Europe,115.63,1
637,2023-01-14,smb,North America,37.88,-1
638,2024-10-08,enterprise,North America,336.25,4
639,2025-04-25,smb,North America,33.39,-1
640,2024-05-05,midmarket,North America,121.08,-1
641,2025-03-15,smb,North America,34.3,-1
642,2024-12-25,smb,North America,30.05,1
643,2023-09-06,midmarket,North America,126.85,1
644,2024-09-09,smb,APAC,26.51,-1
645,2023-02-23,midmarket,North America,133.51,1
646,2023-08-11,smb,Europe,33.49,3
647,2023-11-15,enterprise,APAC,310.24,1
648,2025-05-10,midmarket,Europe,98.12,-1
649,2024-12-18,midmarket,North America,112.22,-1
650,2023-09-17,smb,Europe,34.32,19
651,2024-04-12,midmarket,APAC,103.05,-1
652,2022-09-16,smb,APAC,28.46,4
653,2024-10-23,midmarket,North America,108.68,-1
654,2023-12-07,midmarket,North America,130.06,-1
655,2023-11-11,midmarket,Europe,116.77,-1
656,2024-09-04,smb,North America,29.31,-1
657,2024-03-18,smb,APAC,27.14,-1
658,2022-04-03,midmarket,Europe,111.52,18
659,2023-01-03,smb,APAC,32.15,22
660,2022-08-14,midmarket,Other,88.17,-1
661,2024-07-26,enterprise,Europe,373.8,-1
662,2022-02-14,smb,APAC,32.87,1
663,2022-09-16,midmarket,Europe,127.49,12
664,2024-02-02,midmarket,North America,140.16,1
665,2024-06-05,smb,APAC,27.12,2
666,2023-10-05,midmarket,Europe,114.94,1
667,2025-01-03,smb,Other,26.41,1
668,2025-03-18,smb,North America,36.68,-1
669,2022-06-18,smb,North America,39.54,-1
670,2025-04-30,smb,APAC,22.82,2
671,2024-02-23,smb,North America,40.76,1
672,2024-03-22,midmarket,Europe,91.65,-1
673,2022-05-02,smb,Europe,39.12,32
674,2024-03-04,smb,North America,32.85,-1
675,2024-07-15,smb,North America,34.64,-1
676,2024-01-12,midmarket,APAC,109.12,8
677,2022-04-18,smb,North America,41.8,35
678,2023-10-30,smb,Europe,32.44,-1
679,2025-04-09,midmarket,Europe,93.4,-1
680,2024-07-12,smb,Europe,28.31,1
681,2022-06-25,midmarket,North America,115.94,23
682,2025-05-09,midmarket,North America,115.62,-1
683,2025-05-08,smb,APAC,25.19,1
684,2022-08-05,midmarket,North America,122.52,-1
685,2024-10-18,enterprise,North America,376.86,-1
686,2023-06-03,enterprise,Other,354.98,3
687,2024-01-28,midmarket,North America,135.66,-1
688,2023-07-23,smb,North America,36.16,-1
689,2024-09-25,smb,Other,29.04,4
690,2025-06-25,smb,North America,32.31,-1
691,2024-10-11,midmarket,North America,111.83,1
692,2025-04-03,smb,North America,31.94,-1
693,2025-04-22,smb,APAC,28.78,-1
694,2022-04-25,smb,APAC,28.9,-1
695,2022-11-20,midmarket,APAC,94.46,12
696,2024-07-10,midmarket,Other,100.13,-1
697,2024-01-23,smb,North America,38.34,1
698,2022-03-05,smb,Europe,37.42,-1
699,2022-05-02,enterprise,North America,484.12,13
700,2023-10-27,smb,APAC,30.03,1
701,2024-02-26,enterprise,Other,264.13,2
702,2022-08-03,enterprise,North America,479.13,-1
703,2022-08-07,smb,APAC,28.19,5
704,2022-06-15,smb,Europe,30.43,-1
705,2023-12-22,midmarket,North America,141.34,15
706,2022-01-11,smb,Europe,30.04,-1
707,2024-01-01,smb,Other,22.76,-1
708,2023-08-31,enterprise,North America,395.99,-1
709,2023-08-18,smb,North America,40.54,2
710,2024-05-16,smb,Other,29.65,1
711,2023-10-29,smb,North America,32.21,-1
712,2024-07-17,smb,North America,33.63,-1
713,2024-09-01,smb,Europe,31.97,-1
714,2025-03-20,midmarket,Europe,103.43,-1
715,2024-10-16,midmarket,North America,107.76,4
716,2023-10-23,smb,North America,34.51,5
717,2023-09-20,smb,APAC,29.42,-1
718,2022-10-28,enterprise,Europe,330.05,-1
719,2024-02-05,midmarket,Europe,114.48,-1
720,2022-06-27,smb,APAC,28.7,1
721,2025-04-03,enterprise,North America,414.99,-1
722,2024-12-14,enterprise,APAC,318.9,1
723,2022-06-02,smb,APAC,32.12,27
724,2024-09-29,smb,Other,27.42,-1
725,2022-05-30,smb,North America,34.48,1
726,2024-07-09,smb,North America,32.22,-1
727,2022-04-22,midmarket,Europe,119.12,-1
728,2023-09-15,smb,APAC,30.99,9
729,2024-04-19,midmarket,Other,98.74,1
730,2024-07-18,midmarket,North America,114.82,-1
731,2023-06-19,smb,Europe,35.12,-1
732,2025-03-21,smb,North America,30.45,-1
733,2024-09-15,smb,Europe,26.13,-1
734,2022-09-23,midmarket,APAC,96.13,25
735,2024-05-06,smb,APAC,30.78,-1
736,2024-07-21,smb,North America,35.17,3
737,2023-03-02,smb,Other,27.69,1
738,2024-07-30,smb,North America,37.25,2
739,2025-02-20,midmarket,Europe,85.0,-1
740,2024-11-08,smb,Europe,26.16,1
741,2024-08-30,smb,Europe,26.42,7
742,2024-03-20,smb,APAC,24.6,-1
743,2022-12-12,smb,Europe,32.77,-1
744,2024-10-11,smb,North America,31.91,-1
745,2023-04-10,enterprise,North America,465.09,1
746,2023-11-11,midmarket,Europe,118.87,-1
747,2023-02-06,smb,Europe,37.11,-1
748,2023-02-04,smb,Europe,29.91,23
749,2022-07-21,smb,North America,39.18,18
750,2025-05-11,enterprise,North America,324.8,-1
751,2022-07-08,midmarket,APAC,96.83,-1
752,2022-04-21,smb,Europe,35.71,-1
753,2025-04-09,smb,Europe,28.07,-1
754,2023-12-10,enterprise,Europe,378.3,-1
755,2023-07-13,smb,North America,40.69,1
756,2024-07-30,midmarket,North America,103.3,7
757,2023-05-05,smb,North America,42.21,1
758,2022-06-13,midmarket,Europe,101.15,-1
759,2024-07-20,enterprise,North America,454.08,-1
760,2022-08-13,enterprise,North America,463.63,1
761,2023-12-07,smb,Other,22.97,12
762,2025-04-26,smb,North America,32.0,-1
763,2025-04-09,smb,Europe,26.66,-1
764,2023-04-06,smb,North America,40.84,20
765,2024-09-22,midmarket,North America,108.06,-1
766,2024-02-21,midmarket,North America,134.15,-1
767,2023-09-04,smb,APAC,27.0,-1
768,2022-06-28,midmarket,Europe,134.46,22
769,2023-04-26,smb,Europe,30.35,13
770,2024-04-11,smb,Other,27.51,-1
771,2025-06-12,smb,North America,35.63,-1
772,2022-01-07,midmarket,Europe,109.79,1
773,2024-07-04,smb,North America,30.3,3
774,2024-12-15,midmarket,Europe,102.3,-1
775,2025-04-28,enterprise,APAC,311.36,-1
776,2023-06-25,smb,North America,40.65,-1
777,2022-06-01,smb,Other,27.09,-1
778,2022-12-12,smb,Europe,36.95,-1
779,2024-12-21,enterprise,North America,434.38,-1
780,2025-01-25,smb,North America,36.42,-1
781,2024-03-23,smb,Europe,26.28,1
782,2022-06-06,smb,Europe,29.96,7
783,2022-06-05,smb,North America,45.2,8
784,2023-09-03,midmarket,Europe,116.65,1
785,2024-01-21,smb,North America,37.19,-1
786,2022-02-11,smb,Other,33.18,24
787,2024-05-25,smb,North America,30.24,-1
788,2023-11-26,smb,Europe,33.9,1
789,2022-01-16,smb,APAC,32.96,-1
790,2022-05-03,smb,Europe,37.95,-1
791,2023-08-03,smb,APAC,31.15,1
792,2024-07-11,midmarket,Other,87.58,-1
793,2024-11-19,midmarket,North America,101.5,-1
794,2023-07-05,smb,North America,41.47,-1
795,2023-01-12,smb,Europe,35.69,-1
796,2025-05-20,smb,North America,31.45,-1
797,2023-08-09,smb,Europe,36.59,15
798,2023-02-07,smb,North America,35.71,-1
799,2023-07-19,midmarket,APAC,95.24,12
800,2022-01-16,midmarket,Europe,137.09,37
801,2023-01-21,smb,Europe,34.74,-1
802,2023-10-20,smb,North America,40.51,-1
803,2025-03-17,smb,Other,27.43,3
804,2024-07-30,smb,Europe,30.52,-1
805,2024-09-23,smb,APAC,25.0,-1
806,2023-11-27,smb,APAC,31.28,-1
807,2022-05-22,smb,North America,39.53,-1
808,2023-05-14,enterprise,North America,434.5,10
809,2025-06-26,smb,North America,33.09,-1
810,2022-02-26,smb,Europe,29.71,31
811,2025-01-26,enterprise,Europe,288.5,-1
812,2024-05-23,smb,North America,36.31,3
813,2022-12-29,smb,Other,30.75,-1
814,2024-09-19,smb,North America,33.9,-1
815,2024-12-03,smb,APAC,23.99,-1
816,2022-02-25,midmarket,Europe,116.1,6
817,2022-05-16,midmarket,North America,146.37,16
818,2024-04-29,midmarket,North America,106.72,1
819,2025-06-28,midmarket,Europe,99.21,-1
820,2022-01-31,smb,APAC,33.41,1
821,2024-04-29,smb,North America,34.38,-1
822,2022-06-24,smb,Europe,35.24,-1
823,2024-04-09,midmarket,Europe,117.25,-1
824,2024-03-06,midmarket,North America,111.08,-1
825,2022-04-26,midmarket,Europe,105.39,-1
826,2024-05-18,smb,North America,30.46,-1
827,2025-02-18,midmarket,APAC,95.77,-1
828,2025-01-06,smb,Europe,32.74,-1
829,2022-02-07,smb,North America,42.35,1
830,2022-11-10,smb,APAC,34.35,-1
831,2022-11-04,midmarket,North America,139.9,23
832,2023-08-02,midmarket,Other,87.21,21
833,2022-07-02,smb,Europe,31.54,6
834,2024-12-26,smb,North America,35.48,-1
835,2024-09-18,enterprise,Europe,359.34,-1
836,2024-10-28,smb,North America,34.41,7
837,2022-09-10,smb,APAC,30.59,-1
838,2022-01-19,smb,Other,29.01,-1
839,2025-03-07,midmarket,Europe,94.64,-1
840,2023-01-04,midmarket,Europe,117.96,1
841,2024-04-17,midmarket,Europe,112.96,-1
842,2025-03-06,midmarket,North America,124.68,-1
843,2022-02-16,smb,North America,37.76,-1
844,2022-01-07,smb,APAC,34.88,22
845,2022-01-07,smb,North America,37.87,-1
846,2022-07-19,smb,North America,36.85,-1
847,2022-03-07,midmarket,North America,149.29,35
848,2024-11-12,midmarket,Other,98.23,1
849,2024-02-13,smb,Other,29.76,12
850,2025-06-04,smb,North America,28.87,-1
851,2024-10-19,smb,North America,31.99,-1
852,2025-05-14,enterprise,APAC,316.92,-1
853,2022-11-01,midmarket,North America,143.77,2
854,2023-01-03,enterprise,Other,321.71,-1
855,2024-12-19,smb,APAC,22.61,2
856,2022-11-09,smb,APAC,30.07,29
857,2022-03-15,smb,North America,34.27,2
858,2024-05-03,smb,Europe,28.51,-1
859,2024-10-19,midmarket,Other,90.65,1
860,2025-05-20,smb,North America,29.27,-1
861,2025-03-29,enterprise,APAC,316.25,-1
862,2022-06-03,smb,North America,40.76,14
863,2024-09-12,smb,Other,24.85,-1
864,2024-12-15,smb,Europe,28.26,1
865,2024-06-09,midmarket,North America,134.54,-1
866,2024-11-12,smb,Europe,30.02,-1
867,2024-12-05,smb,North America,37.74,-1
868,2023-07-24,midmarket,North America,123.29,-1
869,2022-02-21,midmarket,APAC,110.56,-1
870,2023-08-06,smb,North America,41.76,1
871,2022-09-15,midmarket,Other,87.18,5
872,2022-05-26,midmarket,North America,125.83,-1
873,2022-06-09,midmarket,Europe,131.91,13
874,2024-06-08,midmarket,Other,86.37,-1
875,2023-10-06,smb,Europe,29.47,-1
876,2023-11-20,smb,APAC,32.55,4
877,2024-08-08,midmarket,Other,77.06,-1
878,2023-12-01,smb,Europe,32.36,2
879,2024-03-14,midmarket,APAC,103.35,-1
880,2022-04-20,midmarket,North America,147.81,1
881,2024-12-22,midmarket,North America,113.84,-1
882,2023-07-27,smb,North America,31.88,-1
883,2022-07-18,smb,APAC,33.77,25
884,2024-11-03,smb,Europe,32.23,-1
885,2024-07-26,enterprise,Europe,317.82,-1
886,2022-03-09,midmarket,Other,96.23,-1
887,2022-09-04,midmarket,North America,133.44,8
888,2022-01-21,smb,Other,26.31,1
889,2022-12-12,enterprise,North America,478.82,1
890,2022-05-08,smb,North America,44.52,-1
891,2024-06-24,smb,Europe,28.6,-1
892,2023-10-29,smb,North America,41.0,1
893,2025-06-04,smb,Europe,30.99,-1
894,2024-08-14,enterprise,APAC,329.96,1
895,2024-02-20,smb,APAC,31.82,-1
896,2023-10-12,midmarket,North America,118.16,-1
897,2022-03-11,smb,North America,44.85,12
898,2022-03-31,smb,North America,35.08,1
899,2024-02-26,enterprise,Europe,351.83,-1
900,2022-01-06,smb,North America,40.88,1
901,2022-02-24,enterprise,North America,406.08,26
902,2022-10-07,midmarket,APAC,110.92,1
903,2025-02-02,smb,Other,24.52,3
904,2023-08-09,smb,APAC,28.37,-1
905,2024-06-24,smb,North America,35.75,-1
906,2023-06-10,smb,Europe,28.74,11
907,2022-08-09,smb,North America,35.45,32
908,2023-04-19,midmarket,North America,116.2,11
909,2022-04-28,midmarket,North America,154.56,-1
910,2024-09-09,smb,Other,27.47,-1
911,2022-08-23,midmarket,Europe,117.17,1
912,2023-04-26,smb,North America,39.28,-1
913,2025-06-04,midmarket,Europe,101.83,-1
914,2024-01-26,midmarket,Other,84.31,11
915,2023-08-09,smb,North America,32.19,4
916,2023-11-24,smb,APAC,28.79,-1
917,2024-09-27,smb,North America,31.91,-1
918,2022-11-21,smb,North America,42.71,-1
919,2024-03-23,midmarket,APAC,87.6,1
920,2025-01-18,smb,North America,34.34,-1
921,2024-01-01,enterprise,Europe,347.47,15
922,2023-07-24,smb,North America,39.62,4
923,2022-07-05,midmarket,Europe,132.48,26
924,2022-11-13,smb,Europe,32.51,1
925,2025-04-22,midmarket,APAC,76.57,-1
926,2023-11-22,smb,APAC,29.7,-1
927,2023-01-20,smb,Europe,29.4,11
928,2023-06-18,smb,North America,32.71,12
929,2024-01-08,enterprise,North America,429.24,-1
930,2023-11-17,smb,Europe,27.72,-1
931,2024-06-11,midmarket,Europe,92.46,-1
932,2022-11-25,midmarket,North America,129.27,-1
933,2024-04-08,midmarket,Other,88.1,1
934,2023-07-19,midmarket,North America,142.33,-1
935,2025-04-15,smb,North America,30.84,-1
936,2022-07-21,midmarket,APAC,101.91,24
937,2022-07-09,midmarket,Europe,123.97,1
938,2023-08-13,smb,Europe,35.09,-1
939,2023-10-11,smb,North America,34.73,11
940,2024-05-31,smb,North America,36.46,-1
941,2023-05-31,smb,Europe,33.64,11
942,2025-03-11,midmarket,North America,107.24,1
943,2023-08-29,smb,Europe,28.3,1
944,2022-06-15,enterprise,North America,474.07,1
945,2022-06-02,midmarket,North America,125.46,1
946,2025-05-27,enterprise,North America,355.19,-1
947,2022-06-21,smb,North America,40.18,1
948,2025-04-24,midmarket,North America,101.8,1
949,2022-12-21,smb,APAC,27.59,-1
950,2022-04-30,midmarket,Europe,116.44,-1
951,2023-01-24,smb,North America,42.36,-1
952,2024-02-24,smb,Europe,33.52,-1
953,2023-07-01,enterprise,North America,398.96,16
954,2024-09-29,midmarket,North America,110.77,-1
955,2024-02-19,smb,APAC,31.97,-1
956,2023-05-27,smb,Europe,33.93,12
957,2024-03-20,enterprise,Europe,371.94,8
958,2025-05-24,smb,North America,28.48,-1
959,2023-06-10,midmarket,North America,112.17,-1
960,2022-07-15,enterprise,APAC,328.51,-1
961,2023-06-06,midmarket,Europe,122.0,-1
962,2024-12-07,smb,Europe,33.01,-1
963,2022-10-05,midmarket,Other,88.73,1
964,2025-04-26,smb,North America,35.18,1
965,2024-01-21,midmarket,APAC,106.91,16
966,2024-02-07,smb,Europe,34.51,3
967,2023-02-09,midmarket,North America,128.17,-1
968,2025-03-20,smb,North America,30.83,-1
969,2022-02-16,smb,Europe,39.61,-1
970,2023-01-17,midmarket,North America,121.67,-1
971,2023-06-18,enterprise,Europe,341.47,6
972,2023-09-02,smb,Europe,28.98,5
973,2023-08-28,smb,Europe,32.26,-1
974,2022-07-08,smb,Europe,30.03,13
975,2022-10-15,midmarket,Europe,117.49,1
976,2022-05-02,smb,Europe,38.93,-1
977,2024-01-01,midmarket,APAC,96.26,1
978,2023-03-24,midmarket,North America,147.17,9
979,2023-12-23,smb,Other,29.85,-1
980,2024-01-23,smb,North America,38.96,14
981,2024-06-14,smb,North America,36.03,4
982,2023-11-30,smb,Europe,35.06,-1
983,2024-04-06,midmarket,North America,122.92,-1
984,2024-01-20,smb,North America,32.68,13
985,2024-04-12,midmarket,North America,136.35,-1
986,2024-02-26,enterprise,Europe,354.4,15
987,2023-02-08,midmarket,Europe,126.65,1
988,2022-11-11,smb,North America,37.17,1
989,2024-10-01,smb,Europe,28.24,-1
990,2023-03-14,midmarket,North America,139.45,1
991,2023-12-02,smb,Other,27.69,5
992,2022-09-09,smb,North America,38.07,7
993,2023-07-05,smb,Europe,35.76,1
994,2023-11-07,smb,Europe,31.63,1
995,2024-03-09,midmarket,Europe,90.25,-1
996,2023-11-03,smb,Other,28.3,-1
997,2023-04-06,smb,North America,32.57,1
998,2025-05-12,smb,Europe,28.42,-1
999,2023-10-17,smb,North America,33.02,11
1000,2024-10-28,smb,Europe,27.41,6
1001,2024-07-29,midmarket,North America,136.16,1
1002,2023-12-14,smb,North America,31.83,1
1003,2025-02-05,midmarket,North America,123.46,1
1004,2022-06-13,enterprise,North America,467.99,1
1005,2025-03-21,smb,Other,22.32,3
1006,2024-12-20,smb,APAC,29.9,1
1007,2023-10-05,smb,North America,33.12,-1
1008,2024-07-24,smb,Europe,30.33,10
1009,2023-10-26,smb,Europe,34.39,-1
1010,2022-12-09,smb,North America,41.24,3
1011,2024-10-17,smb,North America,32.31,2
1012,2022-11-10,enterprise,Europe,420.51,21
1013,2023-02-06,smb,North America,43.1,10
1014,2023-10-25,midmarket,Europe,107.6,-1
1015,2024-12-04,enterprise,North America,403.86,-1
1016,2023-05-05,midmarket,North America,122.68,7
1017,2023-09-23,smb,Europe,30.4,-1
1018,2022-02-23,smb,Europe,34.52,1
1019,2022-05-28,smb,Other,26.55,-1
1020,2022-03-13,smb,North America,42.15,36
1021,2022-04-02,smb,Europe,31.06,1
1022,2025-01-13,midmarket,Other,72.53,-1
1023,2024-12-10,smb,Europe,28.85,5
1024,2024-11-14,smb,Other,21.92,-1
1025,2022-03-12,smb,Other,30.03,3
1026,2022-04-10,midmarket,APAC,107.17,21
1027,2022-12-25,midmarket,Other,86.32,-1
1028,2023-12-23,smb,Europe,28.92,1
1029,2023-03-03,midmarket,Europe,96.28,21
1030,2023-09-15,midmarket,APAC,100.87,11
1031,2022-08-09,smb,APAC,28.59,11
1032,2024-07-21,midmarket,North America,126.63,9
1033,2023-02-05,enterprise,North America,449.44,12
1034,2022-03-26,smb,North America,38.37,18
1035,2024-08-05,smb,APAC,23.15,-1
1036,2025-02-25,smb,North America,31.62,-1
1037,2022-01-19,midmarket,North America,130.75,1
1038,2023-07-12,midmarket,Europe,104.57,1
1039,2024-11-21,midmarket,North America,132.34,-1
1040,2024-06-20,smb,Other,23.2,-1
1041,2024-12-28,enterprise,Europe,312.67,1
1042,2023-06-14,smb,North America,40.81,-1
1043,2023-04-21,smb,North America,42.26,1
1044,2024-06-23,smb,APAC,27.05,-1
1045,2022-07-16,midmarket,Europe,118.1,1
1046,2022-11-02,midmarket,Europe,99.14,-1
1047,2024-02-06,enterprise,North America,444.93,16
1048,2024-05-02,midmarket,APAC,96.81,9
1049,2022-06-02,smb,APAC,30.58,21
1050,2023-10-11,midmarket,Europe,102.03,14
1051,2023-04-11,smb,North America,36.85,8
1052,2023-10-03,smb,Other,28.78,-1
1053,2025-05-07,midmarket,Europe,85.67,-1
1054,2022-04-08,enterprise,North America,454.6,5
1055,2025-06-24,enterprise,Other,237.56,-1
1056,2023-07-28,midmarket,APAC,107.18,23
1057,2024-09-12,smb,Europe,27.28,1
1058,2023-06-26,smb,APAC,32.56,1
1059,2023-02-01,smb,North America,37.58,1
1060,2024-09-10,smb,Europe,29.48,-1
1061,2024-05-27,midmarket,North America,115.25,-1
1062,2022-07-03,midmarket,Europe,117.27,-1
1063,2024-06-19,midmarket,North America,113.84,-1
1064,2024-08-18,midmarket,North America,113.42,-1
1065,2023-05-10,smb,Other,25.05,23
1066,2025-03-27,smb,North America,31.7,-1
1067,2024-03-28,midmarket,APAC,104.03,-1
1068,2023-03-02,midmarket,North America,119.29,1
1069,2022-01-14,midmarket,North America,151.3,1
1070,2024-05-11,smb,North America,38.89,9
1071,2022-09-24,enterprise,North America,465.25,1
1072,2024-08-23,enterprise,Europe,294.85,8
1073,2023-11-02,midmarket,North America,126.36,1
1074,2023-08-19,smb,Europe,35.15,-1
1075,2022-07-28,smb,Europe,32.67,2
1076,2024-06-26,smb,North America,32.63,-1
1077,2022-07-31,midmarket,North America,127.01,14
1078,2023-06-18,enterprise,North America,414.37,18
1079,2024-12-03,smb,North America,29.44,-1
1080,2025-03-20,midmarket,North America,105.0,1
1081,2025-06-16,enterprise,Europe,339.15,-1
1082,2025-05-07,smb,Europe,28.35,-1
1083,2023-12-11,enterprise,APAC,297.64,4
1084,2022-09-13,enterprise,APAC,391.63,4
1085,2024-12-06,smb,Europe,27.58,-1
1086,2024-10-19,smb,North America,30.36,-1
1087,2025-06-17,midmarket,North America,101.96,-1
1088,2024-04-10,midmarket,Europe,98.73,-1
1089,2022-06-30,smb,North America,39.59,10
1090,2023-10-04,enterprise,North America,361.64,-1
1091,2023-07-26,midmarket,Other,103.55,-1
1092,2024-12-11,smb,North America,37.62,1
1093,2023-05-16,smb,North America,35.27,22
1094,2023-02-24,smb,Other,30.29,15
1095,2022-04-13,midmarket,North America,140.17,36
1096,2024-12-02,enterprise,North America,426.23,-1
1097,2024-08-21,smb,North America,32.22,1
1098,2022-02-22,smb,North America,41.39,38
1099,2023-07-08,midmarket,Other,81.59,-1
1100,2023-09-05,smb,Europe,27.11,11
1101,2023-08-22,midmarket,Europe,121.86,-1
1102,2025-03-18,smb,North America,31.19,-1
1103,2022-07-12,smb,North America,38.5,-1
1104,2023-01-26,midmarket,Europe,104.28,21
1105,2022-08-19,smb,North America,43.36,-1
1106,2022-11-08,smb,North America,37.07,1
1107,2025-03-03,midmarket,Europe,89.56,-1
1108,2025-04-15,midmarket,APAC,91.57,-1
1109,2022-02-26,smb,APAC,28.59,23
1110,2024-03-17,enterprise,APAC,294.33,-1
1111,2022-10-25,midmarket,Europe,121.01,-1
1112,2022-09-03,midmarket,APAC,118.37,23
1113,2023-01-08,smb,APAC,32.04,-1
1114,2022-09-06,midmarket,North America,117.95,12
1115,2023-09-18,smb,North America,34.5,-1
1116,2025-06-24,midmarket,North America,122.03,-1
1117,2024-01-19,midmarket,Other,84.66,-1
1118,2024-07-11,smb,APAC,29.13,-1
1119,2023-09-22,enterprise,APAC,324.23,-1
1120,2022-01-18,enterprise,North America,513.05,-1
1121,2022-04-18,midmarket,Other,96.35,2
1122,2022-12-10,smb,North America,43.2,-1
1123,2022-11-07,midmarket,North America,128.02,10
1124,2024-12-08,enterprise,Europe,358.63,-1
1125,2024-12-12,midmarket,APAC,82.38,-1
1126,2024-12-25,midmarket,APAC,91.51,-1
1127,2024-03-24,enterprise,North America,382.1,1
1128,2023-12-11,smb,North America,30.74,1
1129,2024-04-08,midmarket,Europe,103.17,-1
1130,2023-06-04,midmarket,North America,114.75,16
1131,2024-05-05,smb,APAC,31.23,4
1132,2024-10-10,smb,North America,37.32,-1
1133,2024-08-31,midmarket,North America,126.9,-1
1134,2024-02-23,midmarket,North America,120.48,1
1135,2022-03-16,midmarket,Europe,110.31,-1
1136,2024-07-14,smb,APAC,25.74,-1
1137,2023-04-13,midmarket,North America,117.11,-1
1138,2024-08-06,midmarket,North America,120.24,7
1139,2023-11-20,midmarket,Other,100.28,9
1140,2025-01-29,midmarket,Europe,90.8,-1
1141,2023-03-08,midmarket,North America,109.95,-1
1142,2025-04-03,enterprise,North America,335.34,-1
1143,2024-12-13,smb,Other,24.68,-1
1144,2023-02-27,smb,Europe,28.16,-1
1145,2023-09-08,smb,North America,35.5,9
1146,2023-11-10,smb,North America,31.97,-1
1147,2024-09-07,midmarket,North America,103.9,-1
1148,2024-05-29,smb,North America,37.32,-1
1149,2024-12-23,smb,North America,38.86,-1
1150,2023-04-17,smb,North America,34.05,17
1151,2023-10-07,smb,North America,33.43,1
1152,2023-07-04,midmarket,North America,118.88,1
1153,2025-03-06,midmarket,Europe,107.58,-1
1154,2023-01-25,midmarket,Europe,113.6,9
1155,2024-01-20,enterprise,APAC,327.19,1
1156,2022-06-03,smb,North America,39.88,27
1157,2024-12-20,enterprise,APAC,341.91,-1
1158,2023-05-06,enterprise,APAC,287.05,17
1159,2023-03-11,smb,Other,24.98,11
1160,2024-01-14,smb,North America,34.56,-1
1161,2023-09-29,smb,North America,36.43,-1
1162,2024-12-18,midmarket,Europe,89.08,-1
1163,2023-11-10,smb,North America,40.46,-1
1164,2023-10-22,smb,North America,38.32,4
1165,2022-05-14,smb,North America,44.64,26
1166,2022-01-28,smb,Europe,39.63,1
1167,2023-05-24,smb,APAC,29.3,1
1168,2025-06-27,midmarket,North America,123.94,-1
1169,2025-03-16,smb,Other,26.31,-1
1170,2024-03-13,smb,APAC,26.59,-1
1171,2024-03-15,midmarket,North America,127.29,-1
1172,2023-05-15,midmarket,North America,145.25,-1
1173,2022-08-15,midmarket,North America,144.15,20
1174,2022-01-11,midmarket,APAC,114.78,-1
1175,2023-03-09,smb,Europe,30.02,-1
1176,2023-02-08,smb,Europe,36.18,-1
1177,2022-09-02,midmarket,Europe,111.77,-1
1178,2022-11-27,midmarket,North America,136.58,-1
1179,2022-02-01,midmarket,Other,106.95,6
1180,2024-02-15,enterprise,APAC,320.21,1
1181,2025-03-29,smb,Europe,26.0,-1
1182,2024-05-31,smb,Europe,32.32,-1
1183,2023-07-26,smb,North America,34.13,-1
1184,2023-06-21,midmarket,North America,118.29,21
1185,2023-01-28,smb,North America,33.78,10
1186,2022-07-01,smb,Europe,35.26,8
1187,2024-02-03,midmarket,APAC,84.65,-1
1188,2023-12-24,smb,Other,25.38,1
1189,2022-01-10,smb,North America,44.95,1
1190,2023-06-15,smb,North America,36.59,1
1191,2022-12-21,midmarket,North America,146.55,21
1192,2022-08-06,midmarket,Other,98.51,-1
1193,2024-06-16,smb,APAC,24.68,-1
1194,2023-11-02,enterprise,Europe,387.6,-1
1195,2024-03-19,midmarket,Europe,101.05,-1
1196,2024-06-29,smb,Europe,34.59,-1
1197,2025-06-06,midmarket,North America,104.07,-1
1198,2024-10-21,smb,North America,37.46,-1
1199,2024-03-02,smb,North America,35.39,1
1200,2025-01-26,smb,North America,37.06,-1
1201,2023-09-02,smb,Europe,28.77,3
1202,2025-06-10,smb,North America,34.0,-1
1203,2024-08-29,midmarket,Europe,91.0,-1
1204,2024-04-10,midmarket,Europe,114.79,4
1205,2025-02-26,smb,Europe,26.76,-1
1206,2023-10-20,midmarket,Other,90.18,-1
1207,2024-07-08,midmarket,North America,124.59,-1
1208,2022-12-30,enterprise,Europe,377.35,17
1209,2025-05-14,smb,North America,35.62,-1
1210,2024-03-06,enterprise,Europe,372.22,-1
1211,2024-09-24,smb,Europe,26.56,8
1212,2023-08-11,midmarket,North America,136.32,11
1213,2025-01-11,smb,North America,32.84,-1
1214,2022-04-05,midmarket,Europe,121.82,-1
1215,2022-05-26,midmarket,Europe,107.78,1
1216,2023-10-10,smb,Europe,30.9,7
1217,2024-07-23,smb,North America,38.02,-1
1218,2024-10-29,midmarket,Europe,114.87,1
1219,2023-07-16,midmarket,Europe,124.59,-1
1220,2024-04-08,midmarket,North America,128.18,-1
1221,2023-12-07,midmarket,Europe,93.79,-1
1222,2025-05-11,smb,Europe,28.09,-1
1223,2024-04-14,midmarket,APAC,85.92,1
1224,2023-06-16,smb,North America,39.31,-1
1225,2025-05-22,midmarket,North America,101.25,-1
1226,2022-05-17,smb,Other,33.39,13
1227,2025-06-10,midmarket,APAC,79.67,-1
1228,2022-07-16,smb,North America,33.89,1
1229,2023-01-03,midmarket,APAC,112.58,1
1230,2024-11-14,smb,North America,30.94,1
1231,2024-07-25,smb,APAC,23.29,1
1232,2025-05-23,smb,North America,33.34,1
1233,2024-08-14,midmarket,North America,135.06,-1
1234,2024-03-23,midmarket,Other,83.58,6
1235,2023-03-19,enterprise,North America,418.7,-1
1236,2022-01-07,midmarket,APAC,99.48,-1
1237,2022-06-08,smb,Europe,34.79,1
1238,2023-01-15,smb,North America,36.01,23
1239,2022-02-22,smb,Other,30.43,-1
1240,2023-10-11,smb,Europe,31.42,-1
1241,2024-09-18,midmarket,APAC,104.02,-1
1242,2025-05-14,enterprise,APAC,309.0,-1
1243,2023-09-17,smb,North America,38.56,-1
1244,2025-01-21,midmarket,North America,114.76,1
1245,2025-06-11,enterprise,North America,351.5,-1
1246,2025-01-02,smb,Europe,27.59,-1
1247,2023-08-17,smb,North America,36.79,1
1248,2023-02-20,smb,North America,34.35,6
1249,2025-06-01,midmarket,APAC,78.03,-1
1250,2022-11-05,smb,North America,36.93,-1
1251,2023-06-10,midmarket,Europe,98.38,-1
1252,2022-04-05,midmarket,Europe,108.79,1
1253,2024-10-09,midmarket,North America,118.36,-1
1254,2024-04-09,smb,North America,38.34,1
1255,2022-04-19,smb,North America,36.42,3
1256,2022-10-11,smb,Europe,36.49,16
1257,2023-12-10,midmarket,North America,105.51,1
1258,2023-11-21,smb,APAC,32.55,3
1259,2024-10-20,midmarket,APAC,92.13,-1
1260,2022-12-06,smb,North America,37.94,-1
1261,2025-03-25,midmarket,APAC,93.22,-1
1262,2023-07-22,enterprise,Other,309.63,-1
1263,2024-11-15,smb,North America,33.04,-1
1264,2022-11-01,smb,Other,27.29,-1
1265,2022-02-17,smb,North America,45.81,14
1266,2022-03-12,enterprise,Europe,439.32,24
1267,2023-04-21,smb,North America,37.51,-1
1268,2025-05-01,enterprise,APAC,323.68,1
1269,2022-03-04,enterprise,APAC,319.15,11
1270,2023-04-16,smb,Other,27.95,18
1271,2022-05-20,midmarket,Other,98.63,12
1272,2025-04-03,smb,North America,31.32,-1
1273,2024-05-11,enterprise,Europe,392.44,1
1274,2024-08-31,enterprise,North America,434.01,-1
1275,2024-06-29,smb,North America,39.16,-1
1276,2024-04-18,midmarket,North America,125.83,-1
1277,2024-09-14,smb,Other,24.44,9
1278,2022-01-11,smb,Europe,37.7,-1
1279,2025-01-09,enterprise,North America,339.0,-1
1280,2024-08-02,smb,Other,28.23,-1
1281,2024-08-01,midmarket,APAC,79.56,-1
1282,2023-05-18,midmarket,North America,140.09,11
1283,2024-10-18,enterprise,Europe,360.27,-1
1284,2023-05-03,smb,Europe,28.43,1
1285,2022-03-04,smb,Europe,31.01,-1
1286,2025-03-04,smb,Europe,28.49,-1
1287,2022-10-27,smb,Europe,31.54,26
1288,2022-05-11,midmarket,North America,150.4,12
1289,2024-03-04,smb,Europe,27.99,9
1290,2022-10-26,smb,North America,37.63,-1
1291,2024-12-30,smb,North America,31.36,-1
1292,2023-07-21,smb,North America,32.8,-1
1293,2022-01-06,smb,Europe,32.48,39
1294,2025-04-29,midmarket,North America,125.57,-1
1295,2023-10-19,smb,North America,38.73,14
1296,2022-12-02,smb,North America,42.97,7
1297,2024-05-14,smb,Other,25.2,-1
1298,2023-11-09,midmarket,North America,114.42,-1
1299,2022-02-07,smb,North America,34.37,-1
1300,2024-08-27,midmarket,North America,118.22,-1
1301,2023-05-28,smb,Europe,27.95,1
1302,2024-06-11,smb,North America,29.71,-1
1303,2025-02-16,midmarket,North America,118.2,-1
1304,2024-02-19,smb,APAC,25.09,-1
1305,2024-05-06,enterprise,APAC,319.43,-1
1306,2022-11-21,smb,Europe,34.13,11
1307,2022-10-31,smb,Europe,35.81,-1
1308,2023-06-14,midmarket,Other,90.75,-1
1309,2024-12-24,smb,Other,26.51,-1
1310,2023-10-31,midmarket,Europe,104.09,-1
1311,2023-03-21,smb,APAC,25.92,-1
1312,2024-09-21,smb,APAC,25.35,-1
1313,2024-12-24,midmarket,Other,72.99,1
1314,2025-02-25,smb,North America,33.05,4
1315,2023-01-17,smb,Other,30.14,22
1316,2024-06-24,smb,Europe,32.94,12
1317,2024-01-24,smb,Europe,28.65,-1
1318,2023-07-27,smb,North America,32.56,-1
1319,2023-05-22,smb,North America,33.78,7
1320,2022-05-27,midmarket,APAC,121.4,7
1321,2022-12-17,midmarket,Europe,107.53,11
1322,2023-12-03,smb,North America,35.24,-1
1323,2025-02-05,midmarket,Europe,86.96,1
1324,2025-01-10,smb,North America,36.53,4
1325,2022-08-28,midmarket,Europe,114.36,-1
1326,2024-05-16,smb,Europe,26.73,1
1327,2022-04-19,smb,Europe,34.24,25
1328,2024-05-11,midmarket,North America,127.99,-1
1329,2023-03-13,midmarket,North America,128.1,-1
1330,2023-07-29,midmarket,North America,144.42,-1
1331,2024-07-04,smb,Europe,33.55,-1
1332,2023-06-27,smb,Other,27.55,1
1333,2024-10-27,smb,APAC,30.27,-1
1334,2023-11-12,smb,Europe,34.41,-1
1335,2025-06-28,midmarket,North America,107.64,-1
1336,2024-03-25,midmarket,North America,131.45,12
1337,2023-01-14,midmarket,APAC,102.24,14
1338,2024-09-16,midmarket,Europe,103.6,-1
1339,2023-06-05,smb,North America,37.34,-1
1340,2023-11-13,smb,Europe,34.34,1
1341,2022-06-24,smb,Europe,38.49,34
1342,2022-06-02,smb,North America,37.2,2
1343,2024-01-04,smb,North America,37.35,-1
1344,2022-08-27,midmarket,Europe,120.62,22
1345,2025-06-26,smb,North America,36.49,-1
1346,2024-12-27,smb,North America,33.26,1
1347,2024-06-13,smb,APAC,24.77,10
1348,2024-07-26,smb,Other,23.37,-1
1349,2024-01-30,smb,North America,31.0,-1
1350,2022-03-18,smb,North America,35.1,-1
1351,2023-05-16,smb,Europe,30.5,4
1352,2023-09-25,smb,North America,32.2,-1
1353,2025-03-13,midmarket,APAC,99.12,-1
1354,2022-10-08,midmarket,Europe,110.29,25
1355,2023-09-27,smb,North America,35.12,-1
1356,2023-03-16,midmarket,APAC,108.88,-1
1357,2022-06-21,smb,North America,36.98,17
1358,2022-05-12,smb,Europe,36.58,-1
1359,2023-04-12,smb,APAC,32.17,1
1360,2022-04-16,midmarket,North America,130.39,16
1361,2022-03-27,smb,North America,39.62,33
1362,2023-03-24,smb,APAC,27.91,-1
1363,2022-09-15,midmarket,Europe,112.94,3
1364,2023-12-09,smb,North America,36.88,1
1365,2022-01-23,midmarket,North America,131.78,12
1366,2023-01-21,midmarket,North America,129.01,21
1367,2023-08-02,midmarket,Europe,109.43,-1
1368,2025-05-13,smb,North America,28.18,-1
1369,2024-03-20,smb,North America,31.88,4
1370,2025-01-28,smb,North America,34.03,-1
1371,2023-03-15,enterprise,Europe,318.48,27
1372,2023-07-28,smb,APAC,30.67,7
1373,2023-06-21,smb,Europe,36.2,23
1374,2025-02-06,midmarket,Europe,107.26,-1
1375,2025-05-08,midmarket,APAC,83.28,-1
1376,2025-05-12,midmarket,North America,111.0,-1
1377,2024-08-17,smb,North America,36.09,1
1378,2023-10-04,midmarket,North America,131.47,-1
1379,2023-11-22,smb,North America,41.38,1
1380,2025-06-05,smb,Other,24.11,-1
1381,2022-12-30,smb,North America,35.35,-1
1382,2023-03-19,smb,APAC,28.26,27
1383,2025-02-18,smb,North America,37.66,-1
1384,2023-05-08,midmarket,Europe,115.63,1
1385,2022-10-27,smb,North America,42.81,-1
1386,2023-12-17,midmarket,North America,131.75,1
1387,2023-02-20,midmarket,North America,147.9,21
1388,2025-02-10,smb,Europe,29.08,-1
1389,2025-03-05,midmarket,Europe,112.48,-1
1390,2023-01-26,midmarket,APAC,113.88,22
1391,2023-11-07,smb,APAC,31.24,8
1392,2025-06-09,midmarket,Europe,110.29,-1
1393,2024-08-05,midmarket,Other,88.18,-1
1394,2022-10-03,smb,North America,41.4,1
1395,2024-01-24,smb,North America,36.42,1
1396,2024-03-01,smb,North America,38.39,1
1397,2024-04-13,midmarket,Europe,113.47,1
1398,2022-02-01,smb,Europe,37.54,9
1399,2023-01-18,smb,Europe,32.37,7
1400,2024-12-26,midmarket,APAC,98.73,1
1401,2022-11-04,midmarket,North America,146.55,1
1402,2023-01-18,enterprise,APAC,354.11,-1
1403,2023-02-16,smb,Europe,32.47,2
1404,2022-08-15,midmarket,Europe,128.46,6
1405,2022-07-18,smb,North America,42.41,-1
1406,2023-03-19,smb,North America,37.32,-1
1407,2025-01-20,midmarket,North America,117.99,1
1408,2022-01-02,smb,APAC,33.26,-1
1409,2022-12-28,midmarket,Europe,120.39,8
1410,2022-03-19,enterprise,North America,429.95,-1
1411,2023-12-18,smb,APAC,26.43,14
1412,2022-11-16,midmarket,Europe,127.81,1
1413,2024-10-07,smb,Other,28.56,-1
1414,2024-01-17,smb,Europe,30.23,1
1415,2024-09-27,midmarket,Europe,115.1,-1
1416,2024-03-21,midmarket,Europe,104.77,1
1417,2023-07-14,midmarket,Europe,99.11,-1
1418,2025-01-03,smb,North America,35.96,1
1419,2023-08-31,smb,North America,31.74,1
1420,2025-04-27,midmarket,Other,74.07,-1
1421,2025-06-23,smb,Europe,32.18,-1
1422,2024-01-22,smb,Europe,31.31,-1
1423,2024-05-10,smb,Europe,28.37,-1
1424,2022-11-23,enterprise,Europe,379.42,5
1425,2024-11-05,enterprise,North America,397.42,1
1426,2024-05-06,midmarket,North America,125.3,-1
1427,2025-02-25,midmarket,North America,109.38,1
1428,2022-12-07,smb,North America,36.93,6
1429,2024-10-01,midmarket,North America,118.88,-1
1430,2023-08-24,midmarket,APAC,102.34,12
1431,2022-08-25,midmarket,North America,150.46,8
1432,2022-08-07,midmarket,APAC,101.16,1
1433,2023-12-19,smb,APAC,31.35,-1
1434,2023-02-12,smb,North America,43.45,-1
1435,2022-05-11,midmarket,Europe,112.11,-1
1436,2023-06-30,smb,Europe,27.7,-1
1437,2024-04-13,midmarket,APAC,97.6,-1
1438,2023-02-11,smb,Europe,36.9,-1
1439,2025-05-04,smb,North America,28.47,-1
1440,2024-09-21,smb,North America,31.23,-1
1441,2023-10-17,smb,APAC,29.97,-1
1442,2025-04-07,smb,North America,36.13,-1
1443,2023-07-07,smb,APAC,25.32,6
1444,2022-06-28,midmarket,North America,129.33,9
1445,2022-02-15,midmarket,Europe,110.09,-1
1446,2025-04-11,smb,Europe,32.75,-1
1447,2025-05-09,smb,North America,34.67,-1
1448,2024-08-01,smb,North America,34.28,-1
1449,2022-05-12,smb,North America,43.81,-1
1450,2023-01-10,midmarket,APAC,103.21,12
1451,2022-02-22,midmarket,Europe,134.19,12
1452,2022-03-07,smb,North America,36.76,25
1453,2022-11-10,midmarket,Europe,98.26,11
1454,2024-01-01,smb,North America,35.06,11
1455,2022-03-25,smb,Europe,31.6,38
1456,2025-06-10,smb,APAC,28.16,-1
1457,2023-08-04,smb,APAC,29.04,-1
1458,2022-12-03,smb,APAC,28.02,1
1459,2023-10-21,smb,North America,39.36,1
1460,2024-10-05,midmarket,North America,118.07,1
1461,2023-02-03,smb,APAC,29.65,2
1462,2022-03-02,smb,North America,36.06,11
1463,2022-03-07,midmarket,North America,157.05,33
1464,2024-12-23,smb,North America,35.41,-1
1465,2022-05-23,smb,APAC,34.21,-1
1466,2024-03-21,midmarket,Europe,113.94,-1
1467,2023-05-06,smb,Other,27.59,-1
1468,2024-09-19,smb,North America,29.29,2
1469,2022-03-19,smb,North America,41.88,9
1470,2025-02-19,midmarket,North America,100.87,-1
1471,2024-06-09,smb,APAC,31.09,1
1472,2023-07-28,smb,North America,34.15,-1
1473,2022-09-22,smb,Other,27.52,1
1474,2025-05-31,midmarket,Europe,99.52,1
1475,2023-01-21,enterprise,APAC,340.47,-1
1476,2023-09-18,smb,APAC,29.94,-1
1477,2023-05-18,midmarket,Europe,120.66,-1
1478,2022-10-22,midmarket,Europe,123.94,18
1479,2023-06-16,midmarket,North America,142.83,-1
1480,2022-07-13,smb,APAC,30.36,-1
1481,2022-01-03,smb,APAC,31.82,16
1482,2023-01-06,smb,Europe,36.79,7
1483,2022-05-24,smb,North America,36.93,-1
1484,2023-06-14,smb,Other,25.34,4
1485,2025-01-05,smb,Other,21.18,-1
1486,2022-07-27,midmarket,Europe,125.05,3
1487,2022-01-02,smb,Other,31.42,21
1488,2022-05-22,enterprise,Europe,366.36,10
1489,2023-10-11,smb,North America,32.34,14
1490,2022-12-17,midmarket,Europe,98.31,1
1491,2023-09-17,smb,North America,36.43,-1
1492,2022-02-07,smb,Europe,31.64,1
1493,2023-03-02,midmarket,Europe,122.18,8
1494,2023-06-08,smb,North America,42.12,10
1495,2023-07-05,enterprise,North America,457.1,-1
1496,2023-12-05,midmarket,Europe,118.67,8
1497,2024-09-23,smb,APAC,30.84,-1
1498,2023-08-20,midmarket,Other,99.84,2
1499,2024-12-09,smb,North America,34.48,-1
1500,2023-11-07,smb,APAC,30.96,1
1501,2022-11-29,midmarket,North America,134.2,-1
1502,2022-10-20,smb,North America,37.81,11
1503,2023-02-16,smb,Europe,28.3,-1
1504,2024-02-02,smb,North America,37.17,11
1505,2022-11-06,enterprise,APAC,384.46,1
1506,2025-03-12,smb,North America,35.17,-1
1507,2023-09-05,enterprise,North America,405.82,-1
1508,2025-01-06,smb,Europe,30.25,-1
1509,2024-05-21,smb,North America,38.38,-1
1510,2023-03-02,smb,North America,40.65,-1
1511,2022-10-19,midmarket,North America,131.96,25
1512,2024-08-07,midmarket,North America,113.48,-1
1513,2023-02-27,smb,APAC,28.71,1
1514,2022-11-12,midmarket,North America,147.79,-1
1515,2025-04-02,smb,Europe,25.9,-1
1516,2023-09-08,smb,Europe,35.25,14
1517,2022-03-03,smb,Europe,31.51,35
1518,2023-09-24,midmarket,Europe,124.73,19
1519,2023-08-11,midmarket,Europe,107.85,-1
1520,2025-01-07,smb,APAC,28.14,1
1521,2024-06-26,midmarket,North America,127.89,1
1522,2022-09-02,enterprise,APAC,375.15,-1
1523,2022-07-11,midmarket,North America,145.86,4
1524,2024-02-10,midmarket,Europe,91.56,4
1525,2022-03-02,smb,Europe,32.32,30
1526,2023-02-12,midmarket,North America,119.25,-1
1527,2022-06-26,enterprise,North America,476.24,11
1528,2022-01-27,smb,North America,42.46,36
1529,2025-03-18,enterprise,North America,356.75,-1
1530,2022-04-25,midmarket,Europe,128.77,29
1531,2022-01-12,smb,North America,37.98,-1
1532,2025-04-05,smb,APAC,24.65,-1
1533,2022-08-29,enterprise,APAC,337.88,-1
1534,2024-11-07,midmarket,North America,125.04,-1
1535,2022-02-09,midmarket,North America,117.25,1
1536,2022-07-15,midmarket,North America,150.57,-1
1537,2022-05-22,smb,APAC,32.7,22
1538,2024-06-20,smb,North America,35.81,-1
1539,2024-03-02,smb,North America,32.66,-1
1540,2023-08-30,smb,Other,29.49,10
1541,2022-11-05,midmarket,Europe,127.31,1
1542,2022-04-24,smb,North America,39.71,1
1543,2023-12-28,smb,APAC,26.42,1
1544,2022-10-22,midmarket,APAC,99.83,-1
1545,2024-01-24,smb,Europe,30.37,-1
1546,2024-05-27,enterprise,North America,377.62,-1
1547,2024-12-19,smb,Europe,31.26,-1
1548,2023-09-23,smb,North America,34.83,-1
1549,2022-01-07,midmarket,Europe,131.56,16
1550,2022-12-25,smb,North America,37.8,15
1551,2024-12-24,midmarket,Europe,104.65,-1
1552,2023-11-12,smb,APAC,32.13,-1
1553,2024-02-29,enterprise,Other,296.17,-1
1554,2023-08-08,midmarket,APAC,88.84,3
1555,2022-07-27,midmarket,North America,136.21,1
1556,2025-02-18,smb,North America,33.39,-1
1557,2024-09-13,midmarket,Europe,111.08,-1
1558,2025-06-23,smb,North America,36.22,-1
1559,2024-12-27,midmarket,North America,123.25,-1
1560,2023-01-07,smb,APAC,33.98,-1
1561,2022-11-21,midmarket,North America,122.56,1
1562,2022-11-14,midmarket,North America,121.37,1
1563,2025-03-18,smb,Europe,27.09,-1
1564,2023-12-12,midmarket,Other,95.93,-1
1565,2023-08-03,smb,Europe,29.39,1
1566,2025-05-20,smb,North America,28.81,-1
1567,2024-02-09,smb,Europe,35.43,-1
1568,2025-03-06,smb,APAC,24.57,-1
1569,2025-06-10,smb,North America,29.96,-1
1570,2022-04-12,smb,Europe,33.06,1
1571,2023-04-07,smb,Europe,29.25,14
1572,2024-07-25,smb,Europe,25.98,-1
1573,2024-11-03,smb,North America,31.99,-1
1574,2022-07-09,midmarket,APAC,99.92,-1
1575,2023-02-11,smb,North America,41.38,1
1576,2023-12-01,midmarket,North America,121.07,1
1577,2024-10-16,smb,North America,36.59,-1
1578,2022-05-25,smb,Europe,36.79,2
1579,2024-02-06,smb,North America,38.73,-1
1580,2023-01-14,smb,APAC,33.5,10
1581,2022-10-04,smb,APAC,30.19,1
1582,2023-10-20,smb,North America,32.05,-1
1583,2023-06-13,midmarket,APAC,85.8,1
1584,2024-03-22,smb,Other,23.74,11
1585,2023-02-10,midmarket,North America,142.59,1
1586,2024-11-16,enterprise,Europe,345.2,-1
1587,2022-04-10,smb,Other,26.17,9
1588,2025-01-04,smb,APAC,23.4,-1
1589,2022-02-08,smb,Europe,38.93,30
1590,2024-07-28,midmarket,APAC,93.71,-1
1591,2023-03-19,smb,Europe,29.53,-1
1592,2023-05-05,midmarket,North America,143.1,-1
1593,2022-01-25,smb,North America,42.92,-1
1594,2024-06-14,smb,Europe,30.15,1
1595,2022-07-31,midmarket,North America,132.8,-1
1596,2024-04-21,midmarket,North America,127.19,9
1597,2024-07-14,midmarket,North America,113.25,11
1598,2024-12-14,enterprise,APAC,347.58,-1
1599,2024-06-22,midmarket,Europe,112.93,-1
1600,2023-01-20,enterprise,North America,453.08,11
1601,2024-07-31,midmarket,North America,125.72,7
1602,2024-11-19,midmarket,North America,133.83,-1
1603,2023-02-09,midmarket,North America,110.73,1
1604,2022-06-08,smb,Europe,29.3,21
1605,2025-02-09,midmarket,North America,124.4,-1
1606,2022-07-08,smb,Other,26.41,1
1607,2024-01-28,midmarket,North America,129.64,17
1608,2022-10-29,midmarket,North America,132.44,25
1609,2022-06-10,enterprise,APAC,332.62,-1
1610,2024-09-17,smb,North America,31.58,6
1611,2022-07-03,midmarket,North America,145.35,9
1612,2024-05-05,smb,North America,31.62,-1
1613,2024-06-03,midmarket,Europe,93.4,-1
1614,2022-03-18,smb,North America,39.19,5
1615,2022-08-09,midmarket,APAC,92.6,1
1616,2024-10-10,midmarket,Europe,106.17,-1
1617,2023-10-10,smb,APAC,32.67,-1
1618,2022-06-04,midmarket,Europe,125.97,-1
1619,2025-06-19,midmarket,APAC,90.42,-1
1620,2022-12-05,smb,Europe,32.18,-1
1621,2022-01-06,midmarket,Europe,137.57,-1
1622,2025-03-25,enterprise,Europe,367.99,-1
1623,2022-01-22,midmarket,Europe,131.54,12
1624,2023-12-08,enterprise,North America,378.18,4
1625,2025-06-21,smb,Europe,25.21,-1
1626,2024-01-08,smb,North America,32.36,-1
1627,2024-01-16,smb,Europe,28.89,1
1628,2023-05-11,midmarket,North America,111.83,12
1629,2022-06-11,smb,North America,43.91,-1
1630,2024-01-01,smb,North America,32.44,8
1631,2025-02-18,enterprise,North America,350.66,1
1632,2022-04-27,smb,North America,44.32,33
1633,2025-01-28,smb,North America,38.23,-1
1634,2023-06-14,smb,Europe,29.58,2
1635,2023-11-16,midmarket,North America,116.42,1
1636,2022-07-31,midmarket,Other,108.13,-1
1637,2024-03-04,smb,APAC,31.66,-1
1638,2022-08-21,smb,North America,40.71,20
1639,2022-12-15,midmarket,North America,128.79,8
1640,2024-07-09,enterprise,North America,417.53,-1
1641,2022-03-06,smb,North America,43.23,-1
1642,2023-07-25,midmarket,Europe,97.31,-1
1643,2024-01-29,midmarket,Europe,104.73,1
1644,2022-06-18,smb,Europe,37.86,9
1645,2023-01-12,enterprise,North America,461.49,9
1646,2023-03-15,enterprise,Europe,335.45,-1
1647,2024-04-26,enterprise,North America,433.94,-1
1648,2025-05-31,smb,APAC,27.02,-1
1649,2024-12-03,midmarket,Other,79.59,1
1650,2022-08-31,smb,North America,37.14,12
1651,2022-01-24,smb,APAC,29.75,27
1652,2022-03-08,smb,APAC,35.83,-1
1653,2024-01-31,smb,Europe,28.19,-1
1654,2022-07-19,smb,North America,43.01,6
1655,2022-10-23,midmarket,APAC,104.5,-1
1656,2024-12-17,smb,North America,37.65,1
1657,2025-01-20,smb,North America,38.47,2
1658,2024-12-06,smb,Europe,33.45,-1
1659,2022-11-20,midmarket,North America,145.67,1
1660,2024-03-01,midmarket,North America,118.4,1
1661,2024-02-19,smb,Other,24.53,1
1662,2022-08-25,midmarket,North America,126.34,4
1663,2023-12-08,smb,Europe,32.75,-1
1664,2023-11-02,midmarket,Europe,102.78,-1
1665,2023-05-21,smb,North America,36.57,6
1666,2024-08-17,smb,Europe,26.24,-1
1667,2024-05-14,smb,Europe,32.99,-1
1668,2023-11-11,midmarket,Europe,95.32,5
1669,2024-07-15,smb,Europe,28.71,-1
1670,2024-08-31,midmarket,Other,89.88,-1
1671,2023-12-25,midmarket,APAC,97.52,6
1672,2022-12-08,smb,North America,42.73,27
1673,2024-08-25,midmarket,North America,124.03,-1
1674,2024-07-04,smb,Europe,32.81,-1
1675,2025-06-08,midmarket,APAC,82.53,-1
1676,2022-07-11,midmarket,APAC,93.44,6
1677,2023-06-19,smb,North America,39.82,-1
1678,2025-03-25,enterprise,APAC,266.4,-1
1679,2023-10-19,smb,North America,40.02,1
1680,2025-04-17,smb,North America,37.45,-1
1681,2022-01-16,smb,Europe,32.72,1
1682,2022-02-14,smb,North America,43.2,-1
1683,2024-10-12,smb,Europe,29.15,1
1684,2023-04-03,midmarket,North America,120.76,1
1685,2023-10-26,midmarket,APAC,95.59,20
1686,2023-07-01,smb,Other,28.5,5
1687,2023-06-05,smb,North America,42.55,23
1688,2025-04-13,smb,Europe,27.02,-1
1689,2022-05-01,smb,Europe,36.48,11
1690,2024-09-12,smb,North America,32.65,-1
1691,2025-02-09,enterprise,APAC,276.65,-1
1692,2024-04-18,smb,Europe,31.88,-1
1693,2023-05-20,smb,North America,40.22,-1
1694,2022-07-24,smb,APAC,32.63,14
1695,2024-05-20,midmarket,North America,136.26,6
1696,2023-08-22,midmarket,North America,111.14,-1
1697,2022-07-10,midmarket,North America,135.84,1
1698,2023-04-04,smb,APAC,27.49,11
1699,2025-05-11,smb,Other,26.61,-1
1700,2022-12-05,midmarket,North America,113.82,1
1701,2022-08-16,smb,North America,35.17,9
1702,2024-05-20,smb,North America,37.95,-1
1703,2022-09-12,midmarket,Europe,110.56,7
1704,2025-03-19,smb,North America,35.05,1
1705,2025-01-01,smb,North America,38.63,-1
1706,2025-06-08,midmarket,North America,110.72,-1
1707,2025-03-10,smb,Europe,29.19,-1
1708,2022-11-08,smb,Europe,38.16,19
1709,2022-09-28,midmarket,Europe,124.14,31
1710,2023-03-14,midmarket,North America,117.4,-1
1711,2023-08-23,smb,Europe,34.87,1
1712,2025-01-27,midmarket,Europe,100.68,-1
1713,2024-07-24,smb,Europe,32.79,-1
1714,2024-04-02,smb,North America,36.31,12
1715,2025-01-25,smb,North America,30.86,1
1716,2024-04-04,smb,Europe,33.56,-1
1717,2023-04-29,smb,North America,31.88,-1
1718,2023-06-11,smb,Europe,36.03,7
1719,2023-10-22,midmarket,North America,136.64,-1
1720,2022-04-24,midmarket,North America,155.3,10
1721,2024-08-04,midmarket,Europe,88.61,1
1722,2024-04-12,midmarket,North America,118.66,-1
1723,2024-07-21,midmarket,North America,107.21,-1
1724,2023-11-13,midmarket,APAC,93.44,-1
1725,2024-09-26,midmarket,North America,112.81,-1
1726,2025-04-26,enterprise,APAC,304.3,-1
1727,2023-12-29,midmarket,North America,121.14,8
1728,2023-07-22,smb,APAC,32.94,12
1729,2022-05-14,smb,APAC,28.86,20
1730,2024-09-20,smb,North America,33.51,-1
1731,2025-02-27,smb,Europe,30.81,-1
1732,2024-06-11,smb,Europe,28.31,1
1733,2025-01-09,smb,Europe,31.19,-1
1734,2025-01-03,enterprise,North America,408.15,-1
1735,2024-10-15,smb,Other,26.86,-1
1736,2023-10-04,enterprise,Europe,380.49,-1
1737,2022-05-08,smb,Other,31.99,4
1738,2022-01-05,smb,APAC,36.18,-1
1739,2022-09-18,midmarket,APAC,90.16,7
1740,2023-07-04,smb,Europe,32.09,10
1741,2024-08-06,midmarket,Europe,112.62,-1
1742,2023-08-05,enterprise,APAC,279.36,-1
1743,2022-01-30,enterprise,Europe,405.42,-1
1744,2022-09-26,enterprise,North America,464.38,-1
1745,2025-06-03,enterprise,Europe,294.79,-1
1746,2025-06-14,smb,North America,31.71,-1
1747,2023-04-27,smb,Other,30.11,1
1748,2024-10-24,smb,Europe,25.84,-1
1749,2024-07-06,smb,Europe,26.88,1
1750,2025-04-03,enterprise,North America,413.82,-1
1751,2025-02-06,midmarket,Europe,108.89,-1
1752,2024-03-13,smb,North America,36.42,-1
1753,2023-05-19,smb,Europe,31.62,16
1754,2024-03-10,midmarket,Europe,93.2,-1
1755,2023-02-12,enterprise,Europe,411.31,-1
1756,2023-03-21,smb,North America,34.75,23
1757,2024-02-16,smb,Europe,34.83,-1
1758,2023-12-31,midmarket,Europe,116.23,-1
1759,2024-01-12,midmarket,APAC,84.04,-1
1760,2023-05-06,enterprise,APAC,347.16,-1
1761,2023-06-07,smb,APAC,32.71,-1
1762,2022-01-14,smb,North America,44.83,-1
1763,2024-02-07,smb,North America,36.85,-1
1764,2024-01-05,midmarket,APAC,86.66,11
1765,2025-04-08,smb,Other,25.75,-1
1766,2023-10-06,smb,North America,38.19,19
1767,2023-08-20,smb,Europe,32.8,1
1768,2022-03-28,smb,North America,37.08,4
1769,2022-09-09,midmarket,North America,148.9,11
1770,2023-03-08,midmarket,Other,95.53,8
1771,2023-04-27,smb,Other,26.02,-1
1772,2023-04-08,smb,Other,25.67,-1
1773,2023-05-18,smb,North America,34.85,1
1774,2024-09-08,smb,Europe,29.52,-1
1775,2022-06-17,midmarket,APAC,97.0,8
1776,2023-02-28,midmarket,Europe,113.44,25
1777,2022-07-27,smb,North America,35.53,35
1778,2023-01-28,midmarket,Europe,105.61,1
1779,2024-05-23,smb,North America,31.08,-1
1780,2022-03-01,midmarket,Europe,113.81,30
1781,2023-03-10,midmarket,APAC,98.22,4
1782,2022-01-31,smb,North America,39.09,17
1783,2025-05-03,enterprise,North America,401.01,1
1784,2024-07-16,smb,Europe,30.04,1
1785,2022-11-07,smb,Europe,35.33,-1
1786,2022-09-10,smb,North America,33.34,-1
1787,2022-05-07,smb,North America,38.76,21
1788,2023-08-27,smb,Europe,28.02,1
1789,2024-08-19,smb,North America,34.14,7
1790,2024-01-16,midmarket,Europe,110.49,-1
1791,2025-01-29,midmarket,Europe,109.12,-1
1792,2023-03-15,smb,North America,38.23,12
1793,2022-12-21,smb,Europe,32.03,1
1794,2023-09-02,smb,Europe,29.55,1
1795,2022-09-15,smb,Europe,38.34,24
1796,2025-05-29,smb,Europe,26.0,-1
1797,2022-08-26,midmarket,North America,115.24,7
1798,2023-09-04,smb,North America,32.46,-1
1799,2023-10-29,midmarket,Europe,124.64,-1
1800,2022-03-14,midmarket,Europe,133.39,1
1801,2023-08-21,smb,North America,34.76,1
1802,2023-08-04,smb,North America,31.28,12
1803,2022-11-28,midmarket,Europe,123.68,27
1804,2022-06-13,smb,North America,36.97,-1
1805,2022-02-27,smb,APAC,26.86,32
1806,2022-01-11,smb,Europe,34.54,31
1807,2023-09-07,smb,North America,35.73,-1
1808,2022-04-25,midmarket,Europe,113.44,1
1809,2025-05-09,smb,North America,34.38,1
1810,2022-11-09,midmarket,APAC,110.04,25
1811,2024-04-12,midmarket,Other,90.96,1
1812,2024-05-09,midmarket,APAC,80.41,-1
1813,2023-09-25,midmarket,Europe,93.38,1
1814,2025-02-01,smb,APAC,29.15,-1
1815,2022-05-22,midmarket,Europe,106.72,17
1816,2022-10-26,smb,APAC,29.28,8
1817,2022-11-19,midmarket,North America,116.01,21
1818,2022-06-22,midmarket,APAC,96.96,22
1819,2023-01-12,smb,Europe,32.93,8
1820,2023-02-03,smb,North America,34.85,-1
1821,2024-09-02,smb,Other,26.6,9
1822,2023-01-20,smb,Europe,31.76,11
1823,2025-01-23,enterprise,APAC,326.61,-1
1824,2024-09-12,smb,North America,35.4,9
1825,2025-02-24,smb,Europe,26.92,-1
1826,2022-05-15,enterprise,Europe,428.99,-1
1827,2025-06-10,smb,North America,36.92,-1
1828,2024-02-23,smb,APAC,24.71,1
1829,2025-06-07,smb,Europe,29.87,-1
1830,2023-03-29,smb,North America,39.15,1
1831,2025-05-01,smb,Europe,30.04,-1
1832,2024-01-22,midmarket,North America,105.55,-1
1833,2022-04-02,smb,APAC,26.67,1
1834,2023-06-08,midmarket,APAC,93.45,1
1835,2022-06-25,midmarket,Europe,102.48,23
1836,2025-04-16,enterprise,Europe,315.3,1
1837,2023-01-24,smb,North America,42.29,-1
1838,2022-10-11,smb,North America,36.9,-1
1839,2023-12-07,smb,APAC,27.27,-1
1840,2023-06-27,smb,North America,34.53,8
1841,2022-05-04,smb,North America,38.58,27
1842,2024-11-07,smb,North America,37.01,-1
1843,2024-12-15,midmarket,Europe,110.75,-1
1844,2024-08-06,smb,APAC,26.38,-1
1845,2024-02-26,enterprise,North America,394.69,1
1846,2023-05-29,midmarket,North America,116.18,1
1847,2023-11-24,midmarket,North America,141.79,12
1848,2023-10-27,midmarket,North America,117.65,19
1849,2022-07-30,smb,North America,37.3,1
1850,2022-04-15,smb,APAC,30.41,-1
1851,2022-11-20,midmarket,Europe,100.09,1
1852,2023-08-03,smb,North America,34.85,17
1853,2022-07-24,midmarket,Europe,131.77,-1
1854,2022-05-17,midmarket,APAC,92.48,-1
1855,2024-12-23,midmarket,North America,106.84,-1
1856,2023-04-24,midmarket,North America,117.63,1
1857,2024-01-16,midmarket,APAC,88.48,1
1858,2023-10-31,midmarket,North America,141.73,8
1859,2024-07-27,midmarket,APAC,98.98,-1
1860,2024-08-02,midmarket,APAC,104.32,1
1861,2023-01-13,smb,APAC,32.96,25
1862,2024-12-17,enterprise,North America,400.66,-1
1863,2023-04-19,midmarket,North America,130.82,-1
1864,2024-12-01,smb,APAC,26.52,-1
1865,2023-06-01,midmarket,Europe,116.94,-1
1866,2022-05-22,smb,North America,41.9,8
1867,2024-08-27,enterprise,Europe,353.41,-1
1868,2022-02-08,smb,North America,39.45,16
1869,2024-09-12,smb,Europe,31.44,-1
1870,2022-02-25,smb,Other,26.56,3
1871,2022-09-21,smb,Europe,34.24,1
1872,2024-02-09,midmarket,Europe,106.87,-1
1873,2025-04-16,midmarket,Other,84.64,-1
1874,2023-06-06,midmarket,Europe,111.01,-1
1875,2022-06-03,smb,North America,42.28,-1
1876,2022-10-25,enterprise,Europe,413.12,1
1877,2025-02-17,midmarket,North America,108.74,2
1878,2024-07-16,smb,North America,33.16,-1
1879,2022-05-09,midmarket,Europe,100.71,12
1880,2023-05-07,enterprise,North America,376.81,-1
1881,2022-12-04,smb,North America,35.5,1
1882,2022-08-15,midmarket,Europe,125.41,-1
1883,2024-12-16,smb,North America,36.81,-1
1884,2024-02-28,smb,Europe,28.65,-1
1885,2022-08-18,smb,North America,43.28,14
1886,2024-04-10,midmarket,Europe,101.23,1
1887,2023-06-12,midmarket,APAC,108.49,1
1888,2022-03-20,smb,North America,39.48,34
1889,2023-07-29,smb,APAC,30.74,-1
1890,2022-08-25,smb,North America,37.28,16
1891,2022-11-09,midmarket,North America,114.71,26
1892,2025-01-26,enterprise,North America,355.76,5
1893,2024-06-25,midmarket,North America,126.73,-1
1894,2022-06-21,midmarket,North America,151.74,-1
1895,2024-12-22,midmarket,APAC,94.16,2
1896,2024-01-03,smb,APAC,30.3,1
1897,2025-01-20,enterprise,Other,242.52,-1
1898,2024-08-11,smb,Other,27.51,-1
1899,2023-03-09,smb,North America,41.46,12
1900,2023-11-14,midmarket,North America,120.83,5
1901,2023-11-09,smb,North America,36.13,-1
1902,2024-07-07,smb,Europe,26.13,-1
1903,2022-11-13,midmarket,APAC,92.99,-1
1904,2023-03-02,smb,North America,32.66,12
1905,2022-11-09,smb,North America,41.07,1
1906,2023-01-13,smb,North America,41.46,-1
1907,2022-07-25,smb,APAC,27.04,31
1908,2022-02-16,smb,Europe,39.25,24
1909,2025-04-14,midmarket,Europe,108.59,-1
1910,2022-04-05,smb,Europe,35.31,16
1911,2025-02-07,smb,North America,38.22,-1
1912,2022-01-04,smb,North America,44.87,41
1913,2024-09-18,smb,APAC,24.64,-1
1914,2023-02-24,smb,APAC,33.66,1
1915,2023-10-23,smb,North America,35.75,1
1916,2022-12-27,midmarket,North America,117.47,1
1917,2023-09-19,smb,North America,33.27,1
1918,2023-07-31,midmarket,North America,133.61,-1
1919,2023-11-07,smb,North America,41.49,-1
1920,2023-05-17,smb,North America,36.69,4
1921,2023-11-16,smb,Europe,32.16,-1
1922,2024-11-19,midmarket,APAC,85.71,-1
1923,2023-07-09,smb,Europe,35.44,-1
1924,2023-04-07,midmarket,Europe,98.85,1
1925,2022-06-18,midmarket,Other,102.12,35
1926,2023-04-04,midmarket,Other,97.44,21
1927,2022-06-10,smb,North America,33.44,16
1928,2022-08-21,midmarket,North America,151.23,-1
1929,2025-04-30,smb,North America,37.76,-1
1930,2022-04-25,midmarket,APAC,105.48,3
1931,2023-09-08,smb,North America,39.04,6
1932,2024-11-30,smb,North America,37.53,-1
1933,2025-05-01,smb,Europe,25.3,1
1934,2022-07-07,smb,Europe,29.8,-1
1935,2022-07-28,smb,Europe,35.97,17
1936,2023-04-21,smb,APAC,29.86,-1
1937,2023-12-09,smb,Europe,33.0,18
1938,2025-05-09,enterprise,APAC,300.35,-1
1939,2022-09-23,midmarket,North America,141.97,27
1940,2022-07-29,smb,APAC,27.46,20
1941,2022-11-20,smb,Europe,30.55,-1
1942,2025-01-20,smb,North America,30.96,-1
1943,2022-02-08,smb,Other,28.87,-1
1944,2023-05-01,midmarket,Other,101.88,-1
1945,2022-06-01,smb,APAC,33.84,-1
1946,2022-07-20,smb,APAC,29.73,-1
1947,2025-03-15,smb,North America,34.26,-1
1948,2022-01-03,smb,North America,37.78,25
1949,2023-02-15,smb,North America,37.58,1
1950,2025-03-14,smb,APAC,29.45,-1
1951,2024-02-15,smb,APAC,25.96,-1
1952,2022-04-02,midmarket,Other,109.29,38
1953,2023-08-17,smb,APAC,24.81,13
1954,2025-05-23,smb,Europe,27.26,-1
1955,2023-05-26,smb,North America,39.08,-1
1956,2023-11-06,midmarket,North America,134.36,-1
1957,2023-11-10,smb,Europe,32.34,-1
1958,2024-04-22,midmarket,APAC,105.12,-1
1959,2022-08-27,smb,North America,42.71,5
1960,2024-12-07,midmarket,APAC,93.87,1
1961,2025-06-15,midmarket,Europe,93.01,-1
1962,2022-07-01,smb,North America,37.54,32
1963,2024-11-10,midmarket,APAC,94.32,1
1964,2024-11-08,enterprise,Europe,353.53,-1
1965,2024-08-04,smb,Europe,29.08,1
1966,2023-04-19,smb,North America,36.33,-1
1967,2023-08-22,midmarket,North America,113.77,1
1968,2024-12-06,smb,North America,28.73,-1
1969,2022-07-15,smb,Europe,33.64,4
1970,2024-11-23,smb,APAC,29.23,-1
1971,2025-03-20,midmarket,Other,90.97,-1
1972,2024-05-20,midmarket,APAC,108.09,-1
1973,2023-03-12,smb,North America,39.58,-1
1974,2023-12-15,smb,Other,24.49,-1
1975,2022-03-05,enterprise,North America,480.03,6
1976,2025-04-03,smb,North America,36.31,-1
1977,2023-03-13,midmarket,Europe,117.05,-1
1978,2022-03-14,smb,APAC,31.04,36
1979,2024-10-10,smb,Other,26.15,7
1980,2024-04-19,smb,APAC,23.68,-1
1981,2024-03-05,smb,North America,32.96,-1
1982,2022-03-11,midmarket,North America,122.7,-1
1983,2024-08-16,smb,North America,33.63,-1
1984,2024-03-24,midmarket,Europe,118.16,11
1985,2024-10-09,smb,Europe,26.93,-1
1986,2024-11-21,smb,North America,29.6,-1
1987,2022-09-28,enterprise,Europe,417.35,24
1988,2022-09-26,enterprise,Europe,427.86,-1
1989,2025-03-24,enterprise,Europe,333.44,-1
1990,2023-11-09,midmarket,North America,119.49,11
1991,2023-07-13,midmarket,North America,123.98,-1
1992,2023-01-02,smb,Europe,34.65,1
1993,2024-03-26,smb,Europe,33.89,1
1994,2024-08-20,smb,North America,31.31,1
1995,2022-01-03,smb,North America,45.11,-1
1996,2023-12-07,smb,Other,27.87,-1
1997,2025-06-21,midmarket,APAC,93.97,-1
1998,2022-12-25,smb,North America,33.48,13
1999,2022-12-25,smb,Europe,37.41,1
2000,2025-01-25,smb,Europe,29.47,1
2001,2022-03-21,smb,North America,38.23,20
2002,2023-05-23,smb,North America,36.17,6
2003,2023-08-08,smb,Other,25.47,1
2004,2024-10-15,smb,Europe,26.7,-1
2005,2022-06-14,smb,North America,33.84,-1
2006,2023-07-08,smb,APAC,26.86,16
2007,2022-07-14,enterprise,Europe,388.6,23
2008,2024-10-02,enterprise,Europe,356.48,-1
2009,2024-03-17,smb,North America,37.94,9
2010,2023-09-26,enterprise,North America,429.82,11
2011,2023-05-17,smb,North America,33.0,-1
2012,2022-07-15,enterprise,Other,323.86,3
2013,2025-03-22,smb,Europe,30.36,-1
2014,2024-04-06,midmarket,APAC,101.54,-1
2015,2023-02-12,smb,North America,35.86,-1
2016,2023-06-13,midmarket,APAC,112.38,7
2017,2024-07-15,enterprise,Europe,375.57,1
2018,2024-07-07,enterprise,Europe,381.4,-1
2019,2023-08-12,smb,North America,38.58,3
2020,2023-01-22,smb,Europe,32.22,16
2021,2024-04-22,smb,North America,39.86,-1
2022,2024-04-19,midmarket,North America,135.49,-1
2023,2024-02-05,smb,APAC,30.64,1
2024,2022-04-03,midmarket,North America,152.07,-1
2025,2023-08-27,smb,North America,41.34,-1
2026,2024-02-23,smb,APAC,29.95,15
2027,2025-04-27,midmarket,North America,103.14,-1
2028,2023-11-02,smb,Europe,31.83,-1
2029,2023-03-14,smb,APAC,30.5,-1
2030,2023-12-11,enterprise,Europe,387.18,-1
2031,2022-08-15,midmarket,North America,133.38,32
2032,2022-04-26,midmarket,Europe,118.81,2
2033,2024-05-15,midmarket,Europe,120.15,1
2034,2025-06-12,midmarket,North America,110.46,-1
2035,2024-12-15,smb,APAC,23.51,6
2036,2024-01-15,midmarket,Other,96.49,11
2037,2022-02-21,smb,North America,38.41,17
2038,2025-06-14,smb,North America,30.22,-1
2039,2023-07-28,smb,Europe,33.35,1
2040,2023-01-05,smb,Europe,37.58,-1
2041,2025-02-12,midmarket,APAC,84.65,-1
2042,2024-08-10,enterprise,North America,379.52,1
2043,2024-08-14,midmarket,North America,117.17,-1
2044,2022-12-21,smb,Europe,35.11,-1
2045,2025-06-19,smb,Other,23.41,-1
2046,2023-08-01,midmarket,North America,123.15,3
2047,2023-11-10,midmarket,APAC,102.96,9
2048,2024-08-16,smb,North America,39.56,-1
2049,2024-04-22,midmarket,North America,114.27,-1
2050,2022-08-08,smb,Europe,34.74,-1
2051,2023-01-21,midmarket,North America,141.93,26
2052,2023-04-06,midmarket,Europe,102.1,17
2053,2025-04-24,midmarket,North America,124.16,-1
2054,2024-06-30,midmarket,Europe,99.52,-1
2055,2023-04-13,midmarket,North America,113.52,-1
2056,2024-07-26,smb,APAC,23.3,-1
2057,2024-07-31,midmarket,APAC,80.1,-1
2058,2023-05-19,smb,North America,40.63,2
2059,2023-05-30,midmarket,North America,134.59,-1
2060,2025-02-15,midmarket,Other,92.16,-1
2061,2023-12-18,enterprise,North America,442.74,-1
2062,2022-07-10,midmarket,APAC,101.28,1
2063,2024-07-07,enterprise,Europe,389.82,-1
2064,2024-01-23,midmarket,APAC,107.02,-1
2065,2023-10-12,smb,North America,34.72,5
2066,2024-07-14,smb,North America,37.56,1
2067,2025-03-03,smb,North America,36.43,1
2068,2023-02-26,midmarket,North America,129.33,2
2069,2023-06-20,smb,North America,32.89,-1
2070,2022-08-30,smb,Other,27.36,5
2071,2024-04-05,midmarket,North America,138.65,-1
2072,2023-05-29,midmarket,North America,136.16,1
2073,2023-03-13,smb,North America,40.77,-1
2074,2024-06-07,smb,North America,39.21,1
2075,2023-06-05,smb,Europe,29.4,-1
2076,2023-08-16,midmarket,North America,143.69,3
2077,2023-07-16,smb,APAC,29.06,5
2078,2022-11-26,midmarket,APAC,110.61,-1
2079,2022-06-10,smb,North America,37.18,1
2080,2024-11-21,smb,APAC,25.23,1
2081,2022-04-28,smb,North America,38.02,-1
2082,2023-02-19,smb,North America,36.13,-1
2083,2024-05-01,midmarket,Other,77.24,-1
2084,2022-06-17,smb,APAC,29.02,4
2085,2024-04-16,smb,North America,36.83,5
2086,2024-07-24,smb,Europe,33.83,9
2087,2024-04-25,midmarket,North America,104.3,-1
2088,2023-01-25,midmarket,Europe,96.96,-1
2089,2022-01-26,midmarket,Europe,123.33,13
2090,2025-02-06,smb,North America,35.43,1
2091,2023-02-21,smb,APAC,30.59,-1
2092,2024-10-24,smb,Europe,33.92,4
2093,2022-09-10,smb,North America,35.62,-1
2094,2022-07-27,smb,APAC,30.46,3
2095,2024-09-19,midmarket,Europe,115.18,-1
2096,2025-04-14,smb,North America,34.22,-1
2097,2025-01-03,midmarket,Europe,102.52,1
2098,2024-08-16,midmarket,APAC,104.69,-1
2099,2022-11-11,enterprise,Other,308.74,28
2100,2025-03-11,midmarket,North America,102.24,-1
2101,2024-05-02,midmarket,Europe,92.97,-1
2102,2022-08-08,smb,APAC,33.43,1
2103,2022-06-15,enterprise,Other,367.78,2
2104,2025-01-16,midmarket,North America,106.03,4
2105,2022-12-18,enterprise,Europe,374.94,-1
2106,2024-09-04,smb,APAC,27.56,-1
2107,2022-06-26,smb,North America,35.07,-1
2108,2022-12-24,midmarket,North America,144.76,-1
2109,2022-12-28,midmarket,Europe,111.18,-1
2110,2022-12-25,smb,Europe,36.86,1
2111,2024-05-10,smb,Europe,32.89,-1
2112,2025-03-12,smb,North America,31.2,-1
2113,2025-03-07,smb,APAC,27.7,-1
2114,2024-08-04,smb,North America,37.02,-1
2115,2022-09-16,smb,APAC,28.63,1
2116,2025-05-10,midmarket,North America,104.37,1
2117,2023-11-23,smb,North America,39.7,-1
2118,2023-11-28,midmarket,Other,96.61,18
2119,2024-06-13,smb,APAC,29.28,-1
2120,2024-09-08,midmarket,North America,111.16,-1
2121,2025-04-30,enterprise,North America,402.96,-1
2122,2024-01-14,smb,Europe,33.15,1
2123,2024-02-18,smb,Other,25.02,11
2124,2024-08-09,midmarket,North America,110.24,-1
2125,2022-11-22,smb,Other,27.8,5
2126,2023-01-28,midmarket,North America,139.76,-1
2127,2024-03-09,smb,Europe,28.0,-1
2128,2022-03-23,smb,North America,44.36,19
2129,2023-02-13,midmarket,North America,120.25,-1
2130,2024-07-05,smb,Other,28.27,-1
2131,2025-05-30,smb,North America,29.48,-1
2132,2023-10-25,midmarket,Other,98.8,-1
2133,2023-05-25,midmarket,North America,130.24,-1
2134,2023-07-16,midmarket,North America,132.75,7
2135,2024-05-24,smb,APAC,31.36,1
2136,2023-11-26,midmarket,Europe,93.42,-1
2137,2022-01-30,midmarket,North America,123.47,20
2138,2023-11-20,smb,Europe,27.5,1
2139,2023-05-26,midmarket,North America,128.63,-1
2140,2024-06-13,midmarket,APAC,102.15,-1
2141,2025-01-21,smb,North America,29.12,-1
2142,2025-05-13,smb,Europe,30.98,-1
2143,2024-02-18,enterprise,North America,399.11,1
2144,2023-04-08,smb,Europe,36.91,1
2145,2023-07-21,smb,Other,26.34,1
2146,2022-08-14,midmarket,APAC,119.73,29
2147,2025-04-09,smb,North America,33.62,-1
2148,2024-12-17,smb,North America,38.76,-1
2149,2024-12-25,smb,North America,35.13,-1
2150,2023-02-23,smb,APAC,28.26,7
2151,2023-02-16,smb,North America,41.3,13
2152,2024-12-29,smb,Europe,29.27,-1
2153,2023-11-26,smb,North America,34.12,-1
2154,2024-06-18,smb,Other,25.63,1
2155,2023-09-18,smb,Europe,35.34,-1
2156,2023-07-19,smb,Europe,34.35,-1
2157,2024-03-17,smb,APAC,25.03,-1
2158,2024-11-03,midmarket,Other,94.85,1
2159,2023-03-03,midmarket,Europe,109.99,1
2160,2024-10-29,smb,APAC,23.39,-1
2161,2022-11-08,midmarket,Europe,102.38,-1
2162,2023-05-30,smb,North America,32.44,1
2163,2025-03-10,smb,North America,35.0,-1
2164,2025-05-02,smb,Europe,26.5,-1
2165,2025-03-24,midmarket,Europe,87.1,-1
2166,2023-02-08,smb,North America,36.33,-1
2167,2024-12-12,midmarket,North America,128.62,6
2168,2025-04-09,smb,Europe,29.85,2
2169,2025-06-02,enterprise,North America,372.01,-1
2170,2022-01-27,smb,Europe,37.45,2
2171,2024-08-08,smb,Europe,26.21,1
2172,2025-06-25,smb,North America,36.44,-1
2173,2024-09-02,smb,North America,31.03,-1
2174,2022-10-25,midmarket,North America,113.31,8
2175,2024-08-31,enterprise,North America,378.35,-1
2176,2022-05-15,midmarket,Europe,102.2,-1
2177,2023-09-06,smb,Europe,28.62,1
2178,2024-03-10,smb,APAC,29.74,9
2179,2023-08-06,midmarket,North America,122.38,-1
2180,2024-06-11,midmarket,Europe,88.66,-1
2181,2022-11-03,midmarket,North America,137.35,6
2182,2024-02-13,smb,APAC,29.62,7
2183,2024-04-02,midmarket,North America,135.5,-1
2184,2024-03-19,enterprise,Europe,315.82,-1
2185,2023-01-05,midmarket,Europe,125.55,24
2186,2023-01-25,midmarket,North America,138.58,-1
2187,2022-11-25,midmarket,Other,99.18,-1
2188,2023-08-13,midmarket,North America,116.98,2
2189,2024-01-18,smb,North America,35.37,1
2190,2023-04-08,smb,Europe,29.64,-1
2191,2023-06-08,midmarket,Europe,117.88,18
2192,2023-01-01,smb,North America,40.36,1
2193,2022-10-07,smb,North America,35.02,-1
2194,2024-04-18,smb,North America,32.65,-1
2195,2024-11-07,smb,APAC,29.79,7
2196,2023-01-06,midmarket,Europe,112.44,-1
2197,2025-01-03,smb,North America,34.12,1
2198,2023-12-30,smb,North America,40.96,1
2199,2022-08-02,smb,APAC,27.81,1
2200,2023-04-13,midmarket,APAC,104.41,-1
2201,2022-01-10,midmarket,North America,149.34,1
2202,2022-02-19,enterprise,Europe,376.6,-1
2203,2023-03-05,smb,North America,35.51,10
2204,2023-08-03,smb,North America,41.12,-1
2205,2024-10-14,midmarket,APAC,80.65,1
2206,2022-06-21,smb,APAC,27.61,21
2207,2024-12-06,enterprise,North America,375.89,-1
2208,2022-10-27,midmarket,APAC,112.81,1
2209,2022-06-26,smb,Europe,33.74,1
2210,2024-06-12,smb,APAC,25.43,7
2211,2024-09-15,smb,APAC,26.24,-1
2212,2024-02-11,smb,Europe,30.48,5
2213,2022-05-28,smb,Other,31.19,4
2214,2022-05-28,smb,North America,43.88,-1
2215,2023-05-13,enterprise,Europe,350.79,-1
2216,2023-07-29,smb,North America,39.24,-1
2217,2025-06-28,smb,APAC,27.13,-1
2218,2023-01-01,midmarket,North America,140.85,1
2219,2022-09-03,midmarket,North America,135.94,1
2220,2025-04-21,midmarket,APAC,75.78,-1
2221,2022-07-16,midmarket,North America,140.48,5
2222,2022-02-03,smb,North America,41.42,25
2223,2023-06-24,midmarket,North America,131.5,-1
2224,2023-05-27,smb,Europe,30.31,-1
2225,2024-03-01,midmarket,North America,106.89,10
2226,2025-01-24,enterprise,North America,348.3,-1
2227,2025-04-05,midmarket,Europe,90.16,-1
2228,2023-01-05,midmarket,Other,86.95,-1
2229,2025-06-05,smb,APAC,23.62,-1
2230,2024-03-18,midmarket,North America,105.83,-1
2231,2022-03-30,midmarket,APAC,99.6,13
2232,2025-04-12,midmarket,APAC,101.94,-1
2233,2022-06-26,midmarket,Europe,117.65,19
2234,2024-01-22,smb,Europe,29.7,1
2235,2024-10-05,smb,North America,36.42,-1
2236,2022-11-15,midmarket,Europe,113.45,-1
2237,2022-12-12,smb,Europe,28.54,10
2238,2023-08-31,smb,North America,37.27,-1
2239,2025-02-03,smb,North America,31.46,-1
2240,2022-10-13,smb,North America,39.41,7
2241,2024-04-26,midmarket,Europe,94.84,-1
2242,2023-08-01,smb,North America,36.55,11
2243,2022-05-23,smb,Europe,31.2,12
2244,2024-06-26,smb,APAC,25.66,-1
2245,2024-11-28,smb,North America,35.89,1
2246,2024-01-05,smb,North America,32.9,1
2247,2022-08-14,midmarket,North America,130.25,1
2248,2022-07-18,smb,North America,34.13,10
2249,2023-06-25,smb,APAC,30.68,-1
2250,2023-10-09,smb,Europe,32.0,14
2251,2023-12-06,smb,APAC,30.83,-1
2252,2022-11-07,smb,Other,28.69,-1
2253,2023-10-01,smb,North America,41.77,-1
2254,2023-01-12,smb,Europe,30.51,-1
2255,2024-05-25,enterprise,Europe,373.99,8
2256,2024-10-13,midmarket,Europe,99.78,-1
2257,2024-04-12,smb,North America,33.96,-1
2258,2022-01-02,smb,North America,43.05,-1
2259,2025-06-19,enterprise,Europe,369.23,-1
2260,2022-01-31,smb,Europe,37.68,23
2261,2025-06-29,smb,North America,31.02,-1
2262,2022-02-10,smb,North America,40.18,-1
2263,2023-10-22,enterprise,Europe,330.82,-1
2264,2022-05-16,smb,Europe,35.6,5
2265,2022-05-02,enterprise,Europe,381.19,-1
2266,2024-05-22,midmarket,North America,110.48,-1
2267,2024-07-17,smb,North America,29.73,10
2268,2022-05-31,smb,APAC,34.87,10
2269,2025-05-31,midmarket,Europe,85.62,-1
2270,2023-02-13,smb,North America,35.91,1
2271,2023-02-11,smb,Europe,29.86,-1
2272,2023-01-14,enterprise,North America,433.93,-1
2273,2023-08-12,midmarket,Europe,99.52,-1
2274,2022-08-15,smb,North America,41.72,-1
2275,2023-06-27,smb,Europe,29.61,-1
2276,2022-09-25,midmarket,Other,88.99,1
2277,2022-03-07,smb,North America,36.49,-1
2278,2023-04-16,smb,North America,35.21,8
2279,2024-05-07,smb,North America,36.58,-1
2280,2024-08-31,smb,North America,31.52,-1
2281,2023-03-27,enterprise,Other,336.97,-1
2282,2023-02-18,midmarket,Other,93.91,-1
2283,2024-10-01,midmarket,North America,106.48,-1
2284,2024-05-19,smb,APAC,25.32,-1
2285,2024-11-27,smb,North America,34.26,-1
2286,2025-03-02,smb,Europe,27.85,-1
2287,2024-11-13,midmarket,Europe,101.72,-1
2288,2025-04-09,smb,North America,36.16,-1
2289,2023-06-16,midmarket,Europe,95.57,1
2290,2023-05-19,midmarket,Europe,107.65,24
2291,2023-02-15,midmarket,North America,126.49,25
2292,2022-10-28,smb,Other,26.39,32
2293,2024-08-13,midmarket,North America,116.33,-1
2294,2024-06-30,smb,North America,35.6,1
2295,2024-10-19,smb,Other,25.89,1
2296,2022-08-02,smb,North America,40.94,34
2297,2023-09-19,enterprise,North America,364.78,-1
2298,2022-10-11,smb,North America,38.13,9
2299,2025-02-13,smb,North America,36.01,3
2300,2022-12-08,smb,North America,37.71,-1
2301,2022-07-03,smb,North America,40.98,-1
2302,2023-12-29,smb,Europe,32.16,-1
2303,2025-01-26,smb,Europe,28.92,5
2304,2025-03-14,smb,APAC,22.73,-1
2305,2022-05-03,smb,APAC,32.16,9
2306,2023-02-20,enterprise,North America,437.07,10
2307,2022-07-15,smb,Other,24.64,1
2308,2023-01-28,midmarket,APAC,93.08,20
2309,2023-11-13,midmarket,APAC,84.33,10
2310,2022-12-25,midmarket,Europe,116.35,1
2311,2022-03-28,midmarket,North America,116.85,1
2312,2023-10-13,midmarket,North America,137.53,-1
2313,2022-03-09,smb,APAC,35.4,1
2314,2022-10-17,midmarket,Europe,131.46,12
2315,2022-01-01,midmarket,APAC,99.14,14
2316,2022-04-21,smb,Europe,34.47,-1
2317,2023-07-11,smb,North America,41.26,5
2318,2024-12-21,smb,North America,35.69,1
2319,2024-09-15,midmarket,Other,81.78,-1
2320,2022-05-07,enterprise,North America,496.81,1
2321,2022-02-14,enterprise,Europe,407.0,40
2322,2023-03-08,midmarket,Other,102.04,4
2323,2024-04-12,smb,North America,40.24,2
2324,2024-08-10,smb,North America,39.69,-1
2325,2024-11-16,midmarket,Europe,101.45,4
2326,2023-03-13,smb,APAC,26.44,-1
2327,2022-08-03,midmarket,Europe,120.32,1
2328,2022-02-03,midmarket,North America,143.3,35
2329,2022-07-07,midmarket,North America,137.11,13
2330,2022-03-25,midmarket,North America,133.54,-1
2331,2025-01-03,smb,North America,34.43,-1
2332,2022-12-09,midmarket,North America,132.38,1
2333,2024-11-16,smb,APAC,30.14,-1
2334,2023-12-07,midmarket,North America,135.96,-1
2335,2023-11-19,smb,APAC,27.42,2
2336,2023-08-04,smb,APAC,29.37,1
2337,2024-11-11,smb,Europe,30.13,1
2338,2022-02-25,midmarket,Europe,119.83,34
2339,2022-04-29,smb,North America,34.43,-1
2340,2023-06-25,smb,Europe,34.33,7
2341,2023-05-19,midmarket,North America,136.75,21
2342,2023-11-28,smb,North America,36.02,5
2343,2024-07-30,enterprise,Europe,386.56,-1
2344,2024-01-20,midmarket,North America,140.65,17
2345,2022-11-25,smb,North America,42.01,1
2346,2023-02-22,midmarket,Europe,127.34,1
2347,2024-08-17,smb,Europe,29.91,-1
2348,2022-09-15,midmarket,North America,149.46,11
2349,2023-10-06,midmarket,North America,140.99,-1
2350,2023-11-19,enterprise,North America,428.95,1
2351,2024-08-15,midmarket,Europe,92.16,-1
2352,2024-06-30,smb,Europe,27.18,9
2353,2023-08-16,smb,North America,36.44,-1
2354,2023-01-30,smb,Europe,35.41,-1
2355,2023-04-15,midmarket,Other,95.03,4
2356,2023-06-10,smb,Europe,35.18,-1
2357,2022-10-07,midmarket,Europe,124.36,6
2358,2024-03-09,midmarket,Europe,96.3,8
2359,2022-09-23,smb,APAC,27.0,-1
2360,2024-04-07,smb,Other,27.68,-1
2361,2024-08-16,smb,North America,32.67,-1
2362,2025-05-12,smb,North America,37.12,-1
2363,2022-06-01,smb,North America,43.68,-1
2364,2024-08-27,midmarket,APAC,91.3,-1
2365,2022-04-20,enterprise,North America,464.63,3
2366,2023-03-07,midmarket,APAC,111.59,6
2367,2022-08-13,smb,North America,43.3,-1
2368,2022-07-27,smb,Europe,34.62,16
2369,2022-08-12,smb,North America,44.47,-1
2370,2022-02-26,midmarket,Europe,120.2,3
2371,2024-11-16,smb,North America,29.3,-1
2372,2022-03-19,smb,Europe,35.33,-1
2373,2023-05-24,smb,Europe,35.13,-1
2374,2024-06-11,smb,North America,39.98,-1
2375,2025-06-17,midmarket,Europe,85.91,-1
2376,2024-12-25,enterprise,APAC,296.86,-1
2377,2022-06-25,smb,APAC,31.58,-1
2378,2025-06-14,midmarket,Europe,108.6,-1
2379,2024-04-13,midmarket,Europe,111.96,1
2380,2022-08-18,midmarket,APAC,96.11,9
2381,2023-07-27,midmarket,Europe,121.97,7
2382,2025-03-17,smb,Other,25.78,-1
2383,2023-05-17,enterprise,APAC,373.15,1
2384,2022-08-23,midmarket,North America,146.97,-1
2385,2025-01-21,smb,North America,29.87,-1
2386,2025-04-30,smb,Europe,32.71,-1
2387,2025-05-29,midmarket,Europe,96.66,-1
2388,2025-05-04,enterprise,Europe,373.96,1
2389,2025-01-18,midmarket,Other,77.17,-1
2390,2023-08-03,midmarket,Europe,119.19,12
2391,2022-09-03,enterprise,North America,417.2,15
2392,2024-02-27,midmarket,Europe,91.74,1
2393,2022-10-09,smb,North America,44.31,24
2394,2023-08-27,smb,Europe,30.07,-1
2395,2024-04-17,smb,APAC,24.13,-1
2396,2025-04-22,midmarket,North America,125.59,-1
2397,2023-01-04,midmarket,APAC,99.98,-1
2398,2022-11-18,smb,APAC,30.75,-1
2399,2024-07-26,smb,North America,39.77,3
2400,2022-01-09,smb,APAC,31.32,-1
2401,2023-12-24,midmarket,APAC,84.07,1
2402,2024-08-09,midmarket,Europe,108.85,-1
2403,2023-12-04,smb,North America,38.28,-1
2404,2023-05-05,smb,North America,33.88,1
2405,2024-11-23,enterprise,Europe,342.27,-1
2406,2023-04-19,smb,North America,36.01,20
2407,2024-06-25,smb,North America,30.19,1
2408,2023-08-16,smb,Other,25.62,-1
2409,2022-02-03,midmarket,Europe,134.13,-1
2410,2023-11-08,smb,Europe,29.58,7
2411,2022-03-05,smb,Other,27.03,1
2412,2025-04-02,enterprise,North America,427.74,1
2413,2024-02-07,smb,North America,34.38,9
2414,2023-04-20,smb,Europe,36.9,-1
2415,2023-09-13,smb,North America,40.73,-1
2416,2024-03-01,midmarket,North America,120.48,13
2417,2022-11-28,smb,APAC,29.02,1
2418,2023-01-03,smb,North America,33.9,-1
2419,2023-06-19,enterprise,Europe,334.6,20
2420,2022-11-26,midmarket,Europe,105.31,-1
2421,2024-08-25,midmarket,Europe,102.03,-1
2422,2022-05-13,midmarket,North America,130.27,1
2423,2024-11-20,smb,North America,37.04,-1
2424,2023-03-21,smb,APAC,27.68,-1
2425,2023-12-18,midmarket,APAC,94.43,-1
2426,2022-07-21,smb,Europe,30.18,-1
2427,2023-05-07,midmarket,North America,119.1,1
2428,2024-08-20,smb,Europe,32.58,-1
2429,2022-12-12,smb,North America,40.6,1
2430,2022-06-18,smb,North America,38.17,1
2431,2023-10-28,smb,North America,37.22,1
2432,2022-07-27,smb,North America,38.65,29
2433,2023-02-06,midmarket,North America,145.16,17
2434,2023-07-29,enterprise,North America,408.72,-1
2435,2023-12-21,midmarket,APAC,103.05,-1
2436,2024-03-26,enterprise,Europe,322.58,1
2437,2024-05-13,midmarket,North America,117.91,-1
2438,2024-12-13,midmarket,North America,116.88,-1
2439,2022-03-26,smb,APAC,27.51,10
2440,2023-04-08,smb,North America,38.47,-1
2441,2022-01-02,smb,North America,41.15,1
2442,2022-01-13,smb,Europe,31.42,-1
2443,2022-09-28,midmarket,Europe,132.89,29
2444,2024-02-03,enterprise,APAC,279.78,-1
2445,2025-02-15,smb,North America,37.39,-1
2446,2024-09-14,smb,North America,34.26,-1
2447,2024-04-04,midmarket,North America,110.86,-1
2448,2024-09-19,smb,Europe,26.4,-1
2449,2022-08-08,smb,North America,41.29,-1
2450,2024-12-07,midmarket,North America,124.71,-1
2451,2025-02-09,midmarket,North America,120.56,-1
2452,2022-05-02,midmarket,Other,97.72,14
2453,2023-08-23,smb,North America,33.14,-1
2454,2024-11-25,smb,North America,36.93,-1
2455,2023-08-31,smb,APAC,31.96,-1
2456,2024-12-08,smb,Europe,28.43,1
2457,2025-04-08,smb,Europe,31.69,-1
2458,2023-08-29,midmarket,Europe,114.01,-1
2459,2022-03-17,smb,North America,40.2,25
2460,2023-03-10,smb,APAC,30.46,8
2461,2022-10-02,smb,North America,34.05,1
2462,2023-08-28,enterprise,Other,275.51,9
2463,2024-01-18,smb,North America,38.26,-1
2464,2023-08-15,smb,Europe,36.46,-1
2465,2022-09-07,enterprise,Europe,386.24,2
2466,2023-01-20,midmarket,North America,112.96,-1
2467,2024-05-17,midmarket,North America,104.7,-1
2468,2022-02-04,smb,APAC,31.05,5
2469,2022-10-01,smb,North America,40.41,5
2470,2025-02-12,midmarket,Other,75.93,2
2471,2022-05-07,smb,North America,33.98,6
2472,2023-06-14,midmarket,Europe,118.27,-1
2473,2022-09-22,smb,Europe,30.14,4
2474,2022-05-14,midmarket,Europe,115.62,-1
2475,2023-06-24,smb,Europe,34.54,8
2476,2023-10-28,smb,Europe,28.08,-1
2477,2022-08-13,midmarket,Europe,114.16,1
2478,2022-04-10,midmarket,Europe,104.55,1
2479,2022-06-21,smb,Europe,32.63,-1
2480,2024-04-11,smb,North America,39.63,8
2481,2025-01-02,smb,North America,35.49,5
2482,2022-08-19,smb,North America,33.38,8
2483,2023-02-13,smb,Europe,29.31,26
2484,2023-03-15,midmarket,APAC,94.82,-1
2485,2023-04-06,smb,North America,41.93,8
2486,2022-11-08,midmarket,Europe,122.99,18
2487,2022-03-12,enterprise,North America,471.85,12
2488,2023-11-02,midmarket,Europe,96.65,-1
2489,2023-04-02,enterprise,Europe,420.43,15
2490,2023-03-13,smb,Europe,35.78,15
2491,2022-12-04,smb,Europe,30.64,-1
2492,2025-03-31,smb,APAC,25.27,-1
2493,2024-02-18,midmarket,North America,119.56,9
2494,2023-06-19,smb,Europe,33.12,-1
2495,2022-09-20,smb,North America,37.32,6
2496,2024-10-19,midmarket,APAC,83.69,1
2497,2025-02-07,smb,APAC,27.47,-1
2498,2022-02-11,smb,North America,42.2,1
2499,2025-04-01,enterprise,North America,371.25,1
2500,2024-06-11,smb,Europe,30.23,-1
2501,2022-05-08,smb,Other,25.27,12
2502,2024-08-19,midmarket,North America,116.83,4
2503,2022-05-18,midmarket,Europe,128.42,-1
2504,2022-03-06,smb,North America,40.98,-1
2505,2022-05-28,smb,Europe,38.69,22
2506,2023-08-10,smb,Europe,34.03,-1
2507,2024-03-01,smb,North America,38.41,-1
2508,2023-06-04,smb,APAC,28.68,1
2509,2022-06-05,smb,North America,35.47,33
2510,2022-09-12,smb,APAC,34.1,-1
2511,2024-12-23,smb,North America,35.41,-1
2512,2025-05-13,enterprise,Europe,366.8,-1
2513,2024-08-20,smb,North America,35.75,1
2514,2022-05-12,smb,Europe,33.89,10
2515,2024-11-12,smb,North America,30.25,-1
2516,2024-06-01,smb,Europe,29.42,-1
2517,2023-11-03,smb,North America,37.25,1
2518,2022-07-02,midmarket,North America,151.55,18
2519,2025-06-25,enterprise,APAC,321.23,-1
2520,2023-07-19,enterprise,Europe,368.45,-1
2521,2022-02-26,midmarket,Europe,117.59,-1
2522,2022-09-25,smb,Europe,29.0,30
2523,2023-05-28,midmarket,North America,122.17,1
2524,2022-03-21,midmarket,APAC,122.46,10
2525,2023-02-18,midmarket,North America,139.16,23
2526,2023-08-21,smb,Other,27.36,2
2527,2025-04-25,smb,APAC,28.68,-1
2528,2022-04-21,midmarket,North America,116.63,8
2529,2024-01-07,midmarket,North America,139.68,-1
2530,2025-03-14,midmarket,Europe,105.04,-1
2531,2024-10-25,enterprise,APAC,260.94,-1
2532,2025-03-26,midmarket,North America,120.99,-1
2533,2022-08-06,enterprise,North America,389.56,-1
2534,2024-10-19,midmarket,North America,122.03,-1
2535,2025-06-02,smb,APAC,24.05,-1
2536,2023-02-21,smb,Europe,30.07,9
2537,2023-09-29,smb,North America,37.97,1
2538,2023-11-09,midmarket,Europe,105.76,4
2539,2023-09-22,midmarket,APAC,85.28,18
2540,2023-01-05,smb,Other,30.83,-1
2541,2025-05-23,midmarket,North America,104.79,-1
2542,2025-05-05,smb,North America,34.04,-1
2543,2023-05-01,smb,North America,38.52,1
2544,2024-10-24,smb,Europe,25.75,-1
2545,2023-05-23,midmarket,North America,146.96,-1
2546,2024-10-11,smb,North America,33.63,-1
2547,2024-01-17,enterprise,APAC,292.08,10
2548,2023-08-23,midmarket,Europe,107.47,-1
2549,2022-06-13,enterprise,North America,463.35,36
2550,2024-04-15,smb,North America,30.01,-1
2551,2023-02-14,smb,North America,35.58,1
2552,2022-10-04,midmarket,North America,133.75,-1
2553,2022-09-04,midmarket,North America,140.7,-1
2554,2025-06-06,smb,North America,30.86,-1
2555,2022-05-12,smb,North America,38.37,-1
2556,2024-10-15,midmarket,APAC,84.0,1
2557,2025-01-10,midmarket,APAC,84.58,-1
2558,2022-02-09,smb,North America,42.32,-1
2559,2024-01-22,smb,Europe,29.63,1
2560,2024-01-07,smb,North America,33.45,8
2561,2023-04-03,midmarket,APAC,94.5,-1
2562,2024-04-30,midmarket,APAC,97.83,1
2563,2023-06-06,midmarket,Europe,112.67,11
2564,2023-07-16,midmarket,Europe,107.02,6
2565,2023-07-05,smb,North America,38.4,9
2566,2024-10-18,enterprise,North America,407.15,1
2567,2024-03-18,smb,Europe,26.33,9
2568,2023-04-29,smb,North America,35.67,1
2569,2025-03-28,smb,Europe,26.69,1
2570,2024-10-20,smb,Europe,32.64,2
2571,2025-04-05,smb,North America,30.83,-1
2572,2024-07-21,enterprise,Europe,326.09,7
2573,2023-05-15,midmarket,APAC,101.21,-1
2574,2024-09-13,enterprise,Europe,346.19,-1
2575,2023-02-25,smb,Europe,35.99,-1
2576,2022-12-12,smb,APAC,28.91,1
2577,2023-07-30,enterprise,North America,394.34,1
2578,2025-05-21,enterprise,Europe,337.27,-1
2579,2023-12-26,midmarket,North America,131.91,-1
2580,2023-05-05,midmarket,North America,146.78,-1
2581,2023-08-13,smb,Other,28.12,2
2582,2023-01-07,midmarket,North America,130.05,1
2583,2024-04-20,smb,North America,31.39,-1
2584,2023-03-24,smb,North America,43.17,1
2585,2023-12-09,midmarket,Other,96.31,2
2586,2023-04-17,midmarket,APAC,90.47,-1
2587,2023-02-14,smb,North America,37.39,7
2588,2025-05-23,smb,Europe,29.1,-1
2589,2023-03-18,midmarket,North America,118.18,-1
2590,2022-03-31,midmarket,Europe,127.19,1
2591,2023-04-29,smb,Europe,34.06,7
2592,2023-11-11,smb,North America,33.3,-1
2593,2022-05-01,smb,Europe,39.41,1
2594,2023-01-26,smb,APAC,33.77,6
2595,2022-07-31,smb,North America,36.39,1
2596,2023-10-01,midmarket,North America,122.54,11
2597,2024-07-11,smb,Other,28.7,-1
2598,2025-05-20,midmarket,North America,109.53,-1
2599,2023-05-12,smb,Europe,36.86,1
2600,2025-01-06,smb,Europe,26.6,-1
2601,2022-10-01,smb,North America,41.18,20
2602,2024-09-22,smb,North America,35.37,1
2603,2023-12-19,smb,North America,34.35,-1
2604,2024-08-25,smb,North America,36.79,-1
2605,2024-08-22,smb,Europe,25.74,-1
2606,2023-11-11,smb,APAC,26.04,13
2607,2022-11-25,enterprise,North America,407.49,6
2608,2023-11-03,midmarket,Europe,95.52,2
2609,2024-11-20,smb,North America,29.23,-1
2610,2025-05-23,smb,North America,31.42,-1
2611,2025-03-29,smb,Europe,26.46,1
2612,2022-08-20,smb,North America,34.67,-1
2613,2024-02-02,midmarket,Europe,95.33,-1
2614,2022-05-14,midmarket,North America,148.73,1
2615,2024-05-03,smb,Europe,26.8,-1
2616,2025-06-20,midmarket,APAC,93.62,-1
2617,2022-03-09,smb,North America,34.54,13
2618,2024-04-17,smb,Other,22.48,8
2619,2025-04-21,smb,North America,32.48,-1
2620,2024-12-17,midmarket,North America,111.76,1
2621,2023-05-16,smb,North America,37.81,20
2622,2022-05-13,midmarket,APAC,112.47,-1
2623,2025-03-24,midmarket,Europe,93.45,-1
2624,2025-03-21,midmarket,Other,76.51,1
2625,2024-01-09,enterprise,Europe,390.4,-1
2626,2025-06-03,smb,North America,29.4,-1
2627,2022-01-06,smb,APAC,34.32,29
2628,2024-02-26,enterprise,Other,308.91,-1
2629,2022-02-19,smb,APAC,29.37,19
2630,2025-04-08,smb,Europe,27.14,-1
2631,2024-05-18,smb,APAC,26.39,-1
2632,2025-03-11,smb,North America,34.15,-1
2633,2023-12-19,smb,APAC,32.23,-1
2634,2022-04-17,midmarket,Other,95.11,5
2635,2022-02-03,enterprise,Europe,450.95,1
2636,2023-03-05,smb,North America,34.34,-1
2637,2024-08-06,smb,North America,30.52,-1
2638,2022-07-12,smb,Other,29.21,1
2639,2024-12-23,midmarket,APAC,103.64,-1
2640,2022-11-02,enterprise,Europe,379.93,7
2641,2023-09-26,smb,Other,29.45,1
2642,2022-09-17,midmarket,Europe,114.65,9
2643,2023-08-18,smb,APAC,31.78,-1
2644,2023-07-31,smb,North America,40.39,-1
2645,2022-01-07,midmarket,North America,145.71,-1
2646,2023-12-26,enterprise,Europe,370.22,-1
2647,2024-09-30,midmarket,North America,118.4,-1
2648,2025-04-09,midmarket,North America,128.86,1
2649,2023-02-26,smb,APAC,30.13,12
2650,2025-01-28,smb,North America,31.97,-1
2651,2025-01-26,midmarket,Europe,111.69,-1
2652,2025-06-15,smb,North America,34.26,-1
2653,2023-04-22,enterprise,APAC,341.1,-1
2654,2024-12-21,midmarket,North America,122.19,-1
2655,2023-12-23,smb,Europe,29.89,-1
2656,2022-03-16,smb,Europe,33.86,21
2657,2022-12-11,smb,North America,34.73,-1
2658,2024-05-07,midmarket,North America,133.1,-1
2659,2022-07-24,smb,North America,41.09,1
2660,2023-07-09,midmarket,North America,138.93,1
2661,2024-09-15,smb,North America,32.47,1
2662,2022-07-11,smb,North America,44.96,-1
2663,2023-09-26,smb,Europe,30.43,19
2664,2022-10-02,midmarket,North America,126.5,2
2665,2023-11-16,smb,North America,41.19,-1
2666,2022-11-04,smb,North America,40.19,2
2667,2025-05-16,midmarket,Europe,110.74,-1
2668,2022-04-08,smb,Europe,35.79,-1
2669,2025-05-14,smb,Europe,26.41,1
2670,2024-10-07,smb,Europe,28.73,-1
2671,2024-12-27,midmarket,Europe,111.6,-1
2672,2024-12-22,smb,North America,33.69,1
2673,2022-08-28,midmarket,North America,141.95,-1
2674,2025-04-03,smb,Europe,25.87,-1
2675,2024-01-29,smb,North America,34.75,4
2676,2025-05-12,midmarket,APAC,97.18,-1
2677,2025-01-25,smb,Europe,33.09,-1
2678,2024-01-10,smb,Europe,29.51,7
2679,2023-04-23,smb,Europe,29.39,-1
2680,2022-05-30,smb,APAC,26.5,11
2681,2022-05-10,smb,North America,35.1,3
2682,2023-05-13,smb,North America,41.05,1
2683,2024-10-31,smb,APAC,26.38,-1
2684,2023-10-07,enterprise,Europe,338.9,-1
2685,2023-09-07,smb,North America,39.58,-1
2686,2022-11-08,smb,North America,41.79,-1
2687,2023-12-22,smb,North America,34.52,1
2688,2024-03-25,midmarket,APAC,106.58,7
2689,2025-06-07,midmarket,North America,110.83,-1
2690,2024-07-19,enterprise,North America,368.33,-1
2691,2024-02-14,midmarket,North America,136.84,-1
2692,2025-03-07,midmarket,Other,75.46,-1
2693,2023-06-27,midmarket,Europe,127.11,1
2694,2025-04-07,midmarket,Europe,101.9,1
2695,2023-04-18,smb,APAC,32.99,13
2696,2022-06-13,midmarket,North America,121.85,5
2697,2023-06-17,smb,APAC,28.08,-1
2698,2022-06-14,midmarket,Europe,130.38,11
2699,2022-06-01,smb,Europe,37.66,17
2700,2025-01-29,midmarket,APAC,100.24,1
2701,2024-10-11,smb,Other,23.59,4
2702,2022-10-10,smb,North America,39.95,9
2703,2024-12-04,smb,North America,32.67,-1
2704,2022-03-29,midmarket,APAC,101.26,10
2705,2022-12-29,smb,North America,38.45,-1
2706,2024-06-19,midmarket,Europe,110.76,-1
2707,2023-01-23,smb,North America,38.25,1
2708,2024-07-21,midmarket,APAC,85.62,-1
2709,2025-01-20,smb,Europe,31.92,-1
2710,2022-03-26,midmarket,Other,115.55,-1
2711,2022-01-31,smb,Europe,33.56,-1
2712,2025-04-14,midmarket,Other,92.54,-1
2713,2023-10-27,midmarket,Europe,120.29,-1
2714,2023-10-09,midmarket,Europe,100.66,-1
2715,2023-08-15,enterprise,Europe,387.66,-1
2716,2023-07-08,smb,Europe,36.34,-1
2717,2024-05-30,smb,Europe,32.7,-1
2718,2024-01-10,smb,North America,30.77,-1
2719,2022-07-28,midmarket,North America,138.41,-1
2720,2024-03-10,midmarket,Europe,114.53,-1
2721,2024-05-02,smb,North America,36.33,5
2722,2022-05-25,enterprise,Europe,337.15,28
2723,2023-04-26,midmarket,North America,113.87,2
2724,2024-10-05,smb,North America,37.25,-1
2725,2024-02-29,midmarket,Europe,105.87,-1
2726,2022-06-24,midmarket,North America,153.36,-1
2727,2022-02-21,midmarket,Other,98.94,1
2728,2024-01-12,smb,Other,29.03,-1
2729,2023-08-13,midmarket,Europe,94.28,-1
2730,2025-05-11,smb,North America,36.23,1
2731,2023-10-29,midmarket,North America,138.15,7
2732,2025-04-03,midmarket,APAC,85.03,1
2733,2022-10-01,midmarket,North America,124.74,1
2734,2023-07-25,smb,Other,30.65,1
2735,2022-06-28,midmarket,Other,107.97,1
2736,2024-01-03,smb,North America,36.88,-1
2737,2022-08-29,midmarket,Europe,113.93,1
2738,2023-09-21,enterprise,Europe,408.25,4
2739,2023-03-16,midmarket,Europe,120.63,17
2740,2022-08-25,smb,North America,37.99,13
2741,2022-05-04,smb,Europe,34.32,9
2742,2023-10-16,smb,North America,31.99,-1
2743,2025-04-23,smb,APAC,28.28,-1
2744,2022-09-11,smb,Europe,37.17,21
2745,2023-06-01,smb,Europe,30.88,-1
2746,2022-10-14,smb,APAC,28.48,-1
2747,2024-10-29,smb,Europe,27.5,-1
2748,2023-06-14,midmarket,Europe,99.81,-1
2749,2025-05-28,smb,North America,37.29,1
2750,2022-11-09,smb,Europe,35.99,27
2751,2022-04-14,midmarket,North America,133.38,-1
2752,2024-01-14,smb,Other,23.38,16
2753,2024-04-11,smb,North America,31.45,-1
2754,2025-06-18,midmarket,North America,119.12,-1
2755,2025-01-16,smb,APAC,23.96,-1
2756,2025-02-02,midmarket,North America,109.37,-1
2757,2024-03-20,enterprise,APAC,360.58,5
2758,2023-04-05,midmarket,North America,131.64,22
2759,2023-07-02,smb,North America,40.35,-1
2760,2022-06-20,midmarket,Europe,103.32,1
2761,2023-07-05,smb,Europe,30.48,3
2762,2023-04-11,midmarket,Other,106.26,-1
2763,2022-02-15,midmarket,North America,150.16,29
2764,2022-09-18,smb,North America,41.37,-1
2765,2023-11-14,enterprise,North America,424.46,1
2766,2023-04-17,smb,North America,34.88,-1
2767,2025-06-21,midmarket,Europe,99.95,-1
2768,2023-09-03,smb,North America,31.63,1
2769,2025-05-08,smb,Europe,26.03,1
2770,2024-04-23,enterprise,APAC,317.18,-1
2771,2022-02-21,enterprise,North America,389.48,17
2772,2022-09-17,enterprise,Europe,354.38,7
2773,2024-06-19,smb,North America,31.26,12
2774,2023-11-27,smb,APAC,27.01,9
2775,2023-01-21,midmarket,North America,144.43,-1
2776,2023-10-29,midmarket,Europe,123.01,2
2777,2025-02-26,smb,North America,30.07,-1
2778,2023-05-11,midmarket,North America,117.56,-1
2779,2022-02-27,smb,North America,44.23,22
2780,2023-02-01,smb,North America,34.13,12
2781,2025-04-09,midmarket,APAC,95.12,1
2782,2024-08-30,smb,North America,30.24,1
2783,2024-12-04,midmarket,Other,89.45,3
2784,2025-03-09,midmarket,Europe,92.13,1
2785,2022-05-30,smb,North America,42.47,3
2786,2022-12-27,smb,North America,38.44,1
2787,2022-03-18,smb,North America,36.04,-1
2788,2022-01-07,smb,APAC,30.58,-1
2789,2024-12-01,midmarket,North America,116.36,1
2790,2025-04-10,smb,APAC,29.72,-1
2791,2022-07-18,smb,North America,38.91,-1
2792,2024-07-10,midmarket,North America,106.57,-1
2793,2023-11-14,midmarket,North America,126.14,-1
2794,2022-03-30,smb,Europe,31.77,31
2795,2025-03-14,smb,Europe,32.2,-1
2796,2025-01-16,midmarket,Other,93.71,-1
2797,2023-12-26,smb,North America,32.0,1
2798,2024-06-22,midmarket,North America,122.83,-1
2799,2023-05-22,midmarket,APAC,105.98,12
2800,2024-10-08,midmarket,Europe,94.26,1
2801,2023-07-22,smb,APAC,30.0,7
2802,2025-06-16,midmarket,North America,110.81,-1
2803,2022-03-22,smb,Europe,34.49,-1
2804,2022-08-08,midmarket,North America,135.63,-1
2805,2025-05-21,smb,Other,24.81,-1
2806,2023-01-04,smb,North America,40.43,6
2807,2023-02-01,midmarket,APAC,100.12,-1
2808,2024-10-06,smb,North America,36.44,-1
2809,2022-08-30,enterprise,APAC,346.98,33
2810,2023-10-18,midmarket,APAC,102.37,12
2811,2022-12-31,smb,APAC,27.79,-1
2812,2022-09-10,smb,Europe,34.14,12
2813,2025-05-15,midmarket,North America,111.62,-1
2814,2022-09-13,smb,APAC,28.54,1
2815,2022-05-01,midmarket,Europe,102.33,1
2816,2024-05-09,smb,Europe,30.6,1
2817,2025-01-11,smb,North America,28.67,-1
2818,2022-06-12,smb,North America,38.03,2
2819,2024-06-22,smb,North America,33.55,-1
2820,2023-11-22,smb,Europe,32.73,10
2821,2024-11-25,smb,North America,38.95,3
2822,2022-06-11,midmarket,North America,149.32,-1
2823,2025-05-30,midmarket,APAC,100.77,1
2824,2024-02-29,smb,Europe,35.18,15
2825,2024-12-10,midmarket,APAC,79.09,-1
2826,2023-04-07,smb,North America,35.03,24
2827,2025-04-18,midmarket,North America,106.43,-1
2828,2024-03-10,smb,Europe,26.86,-1
2829,2022-06-11,midmarket,North America,148.86,-1
2830,2025-03-23,smb,Europe,32.33,1
2831,2024-10-12,smb,North America,35.24,1
2832,2023-01-19,enterprise,Europe,422.34,-1
2833,2023-11-28,smb,North America,38.52,16
2834,2023-05-11,smb,Europe,31.85,5
2835,2023-11-25,midmarket,APAC,86.91,3
2836,2025-05-16,midmarket,North America,128.2,1
2837,2025-02-21,smb,Europe,30.74,-1
2838,2022-10-03,smb,Europe,32.09,-1
2839,2025-05-25,midmarket,Europe,87.08,-1
2840,2023-07-13,smb,North America,40.24,1
2841,2024-06-18,midmarket,North America,130.5,-1
2842,2024-09-02,enterprise,APAC,311.16,-1
2843,2023-09-09,smb,Europe,36.56,-1
2844,2023-08-06,midmarket,Europe,105.82,-1
2845,2023-08-06,midmarket,North America,142.69,11
2846,2025-01-05,smb,APAC,27.33,-1
2847,2023-05-08,midmarket,North America,136.95,5
2848,2022-12-24,midmarket,North America,147.44,-1
2849,2023-04-07,smb,Europe,35.83,-1
2850,2022-09-06,smb,Europe,31.58,-1
2851,2023-05-15,smb,Europe,36.01,11
2852,2022-05-26,smb,North America,39.98,22
2853,2022-04-25,smb,North America,34.28,2
2854,2024-07-12,midmarket,Europe,108.9,5
2855,2022-04-09,smb,North America,39.69,32
2856,2023-12-27,midmarket,Europe,108.53,-1
2857,2024-09-22,midmarket,Europe,99.68,3
2858,2024-07-13,smb,North America,30.18,11
2859,2023-07-24,smb,Europe,29.03,-1
2860,2022-09-05,smb,APAC,32.68,1
2861,2025-04-02,enterprise,APAC,272.08,-1
2862,2024-12-01,midmarket,North America,120.3,-1
2863,2024-02-21,smb,Europe,31.38,-1
2864,2022-04-21,smb,APAC,28.47,4
2865,2022-02-14,smb,Europe,32.55,23
2866,2023-02-07,enterprise,North America,417.48,-1
2867,2022-07-20,midmarket,North America,149.51,-1
2868,2025-01-02,smb,Europe,33.09,1
2869,2022-09-20,smb,APAC,29.31,11
2870,2022-12-27,enterprise,APAC,295.31,7
2871,2025-05-30,enterprise,APAC,302.9,1
2872,2024-11-10,midmarket,North America,113.61,-1
2873,2022-10-07,enterprise,Europe,382.62,24
2874,2023-05-05,smb,North America,36.65,-1
2875,2023-10-21,midmarket,North America,130.5,-1
2876,2024-04-27,smb,North America,33.2,8
2877,2025-04-09,smb,APAC,28.92,-1
2878,2025-01-16,smb,North America,32.81,1
2879,2025-05-31,smb,Europe,27.23,-1
2880,2022-02-21,midmarket,North America,154.8,12
2881,2022-10-29,enterprise,North America,422.26,11
2882,2023-12-20,midmarket,Europe,93.92,13
2883,2022-03-04,smb,North America,35.76,-1
2884,2023-03-30,enterprise,North America,458.16,4
2885,2022-07-15,midmarket,Europe,118.88,13
2886,2025-04-05,midmarket,APAC,89.62,1
2887,2022-03-22,midmarket,Europe,103.99,1
2888,2022-07-09,smb,APAC,27.55,18
2889,2022-09-06,smb,North America,37.57,21
2890,2022-07-09,smb,North America,38.53,14
2891,2023-12-27,smb,North America,34.67,4
2892,2023-04-10,midmarket,Other,95.07,12
2893,2025-03-10,midmarket,North America,121.95,-1
2894,2022-11-29,midmarket,North America,137.04,-1
2895,2023-11-17,smb,Other,27.64,1
2896,2024-04-22,smb,Other,26.52,14
2897,2024-03-09,enterprise,North America,368.83,-1
2898,2024-10-13,smb,APAC,27.57,3
2899,2022-09-15,midmarket,North America,119.32,33
2900,2023-10-10,midmarket,Europe,115.38,4
2901,2024-10-18,smb,Europe,29.28,-1
2902,2025-01-06,smb,Other,25.45,1
2903,2024-02-28,smb,North America,39.52,1
2904,2024-04-11,smb,APAC,26.55,1
2905,2025-01-07,midmarket,North America,101.39,-1
2906,2024-03-08,smb,Europe,34.45,1
2907,2025-04-25,smb,Europe,27.58,-1
2908,2022-06-12,smb,APAC,29.92,6
2909,2023-03-20,midmarket,APAC,94.89,-1
2910,2022-05-24,smb,APAC,30.18,1
2911,2022-04-26,midmarket,Europe,119.09,1
2912,2023-08-26,midmarket,North America,138.96,-1
2913,2022-10-16,smb,Other,30.41,1
2914,2023-06-04,smb,Europe,32.4,-1
2915,2023-07-13,smb,North America,39.85,-1
2916,2024-03-03,smb,Europe,34.05,-1
2917,2025-04-21,enterprise,North America,327.7,-1
2918,2024-12-19,smb,Europe,30.2,-1
2919,2023-04-28,midmarket,North America,110.9,4
2920,2023-02-20,smb,North America,35.67,4
2921,2024-09-10,midmarket,APAC,99.42,1
2922,2022-06-07,smb,APAC,33.47,4
2923,2023-11-21,smb,Europe,35.09,-1
2924,2023-06-24,smb,Other,27.42,1
2925,2022-08-22,midmarket,North America,116.91,-1
2926,2024-02-26,midmarket,North America,108.51,-1
2927,2023-02-14,midmarket,APAC,93.77,-1
2928,2022-08-25,enterprise,Europe,372.32,1
2929,2024-04-13,smb,APAC,27.82,-1
2930,2022-08-11,midmarket,North America,139.42,-1
2931,2024-05-08,smb,North America,31.53,-1
2932,2022-07-26,enterprise,North America,405.61,1
2933,2023-07-09,midmarket,Other,84.4,1
2934,2024-10-27,smb,North America,36.77,-1
2935,2022-10-19,midmarket,Europe,108.22,6
2936,2024-09-06,midmarket,North America,105.99,-1
2937,2024-07-10,midmarket,Europe,101.37,-1
2938,2025-02-25,midmarket,North America,105.92,-1
2939,2022-08-04,smb,APAC,29.29,15
2940,2024-07-01,midmarket,Europe,113.56,-1
2941,2025-04-10,midmarket,North America,107.69,-1
2942,2024-08-31,smb,North America,31.16,-1
2943,2022-08-28,smb,North America,35.83,12
2944,2024-11-15,smb,Europe,25.42,-1
2945,2022-05-17,midmarket,APAC,118.78,10
2946,2024-01-22,smb,North America,37.94,-1
2947,2023-09-27,midmarket,Europe,107.8,-1
2948,2023-11-09,midmarket,North America,126.35,1
2949,2023-10-25,smb,APAC,26.37,-1
2950,2022-02-10,smb,Other,28.76,14
2951,2023-10-11,smb,APAC,26.93,-1
2952,2025-04-10,smb,North America,36.27,-1
2953,2023-07-12,enterprise,North America,452.87,-1
2954,2022-12-20,smb,Other,26.42,9
2955,2025-06-23,smb,North America,35.26,-1
2956,2022-05-07,midmarket,Europe,103.45,11
2957,2023-09-13,midmarket,Other,84.38,-1
2958,2023-10-17,midmarket,APAC,86.08,1
2959,2023-09-02,smb,Europe,29.3,1
2960,2025-03-22,midmarket,Europe,90.96,1
2961,2023-06-23,midmarket,APAC,111.55,1
2962,2025-05-26,smb,North America,31.17,-1
2963,2022-03-27,smb,APAC,29.86,2
2964,2024-07-25,midmarket,North America,104.73,2
2965,2024-01-27,smb,APAC,24.38,-1
2966,2022-11-03,smb,APAC,27.53,1
2967,2022-10-18,smb,Europe,29.88,-1
2968,2024-07-07,enterprise,North America,378.25,-1
2969,2024-03-24,enterprise,North America,367.02,-1
2970,2024-02-19,smb,APAC,25.2,-1
2971,2022-03-06,midmarket,Europe,124.16,10
2972,2024-02-02,smb,North America,40.36,1
2973,2025-06-06,enterprise,APAC,249.59,-1
2974,2022-01-23,smb,APAC,33.44,6
2975,2023-08-22,smb,APAC,30.13,1
2976,2023-09-23,smb,Europe,32.6,16
2977,2025-02-18,smb,Other,26.13,-1
2978,2022-12-27,smb,APAC,29.99,5
2979,2023-08-30,midmarket,North America,142.12,-1
2980,2024-07-04,midmarket,Other,78.95,-1
2981,2022-03-18,smb,Europe,34.4,-1
2982,2024-10-19,smb,APAC,27.96,-1
2983,2024-11-15,smb,APAC,29.85,1
2984,2024-07-07,smb,Europe,30.07,-1
2985,2024-04-07,midmarket,North America,138.23,13
2986,2024-08-11,smb,North America,36.15,10
2987,2024-09-24,smb,North America,36.4,8
2988,2025-02-26,smb,Europe,31.84,-1
2989,2023-07-01,smb,APAC,30.93,15
2990,2023-08-05,smb,North America,36.99,-1
2991,2024-03-25,smb,North America,38.35,1
2992,2022-09-04,enterprise,Europe,331.66,-1
2993,2024-12-28,smb,North America,38.18,-1
2994,2024-09-10,enterprise,North America,430.59,-1
2995,2024-03-16,midmarket,North America,126.58,1
2996,2023-01-20,midmarket,Europe,98.73,26
2997,2023-03-20,smb,Europe,30.74,-1
2998,2023-07-10,midmarket,APAC,91.77,-1
2999,2024-04-25,smb,North America,32.7,-1
3000,2024-09-19,smb,North America,36.12,-1
3001,2024-05-07,smb,APAC,30.56,1
3002,2025-04-01,midmarket,Other,88.33,-1
3003,2025-05-10,enterprise,North America,363.13,1
3004,2024-06-18,smb,APAC,31.16,1
3005,2023-04-19,smb,APAC,32.53,-1
3006,2024-02-04,smb,APAC,29.44,1
3007,2023-06-27,smb,North America,35.97,1
3008,2024-03-13,smb,North America,37.41,14
3009,2024-11-02,smb,North America,33.04,-1
3010,2023-04-17,smb,APAC,26.3,1
3011,2023-10-08,smb,APAC,29.48,-1
3012,2022-02-28,smb,Europe,36.91,15
3013,2024-07-28,midmarket,North America,113.64,1
3014,2023-09-18,enterprise,North America,471.65,13
3015,2023-08-10,midmarket,Europe,121.19,-1
3016,2023-11-11,smb,APAC,29.03,-1
3017,2022-10-02,smb,North America,33.5,7
3018,2024-02-03,midmarket,Europe,90.86,-1
3019,2024-08-08,smb,Europe,31.29,9
3020,2023-03-23,midmarket,APAC,110.58,1
3021,2022-06-17,midmarket,APAC,105.54,21
3022,2023-05-09,smb,North America,31.97,21
3023,2022-09-11,midmarket,Europe,103.28,-1
3024,2023-04-23,midmarket,APAC,91.86,20
3025,2024-03-10,smb,Other,27.21,4
3026,2022-05-25,midmarket,Europe,117.31,37
3027,2024-08-11,smb,North America,30.41,1
3028,2022-10-14,smb,Europe,33.57,22
3029,2025-02-15,smb,Europe,32.29,-1
3030,2024-07-23,smb,North America,34.08,-1
3031,2022-12-14,midmarket,Other,86.68,-1
3032,2023-12-20,smb,North America,36.85,5
3033,2022-05-22,midmarket,APAC,119.68,1
3034,2022-05-08,enterprise,North America,399.53,5
3035,2025-05-04,smb,North America,29.48,-1
3036,2024-10-20,midmarket,Europe,103.89,-1
3037,2022-07-17,smb,Europe,32.4,17
3038,2022-12-27,enterprise,APAC,382.42,1
3039,2022-09-10,smb,Europe,35.87,4
3040,2023-05-20,midmarket,North America,114.34,-1
3041,2023-01-07,midmarket,APAC,113.41,-1
3042,2023-02-23,smb,Europe,34.32,-1
3043,2023-11-07,smb,North America,36.12,-1
3044,2022-08-30,smb,APAC,28.26,28
3045,2025-01-31,midmarket,North America,120.41,-1
3046,2024-07-17,smb,North America,38.87,-1
3047,2024-08-28,smb,Europe,25.87,1
3048,2022-08-05,smb,Europe,32.61,2
3049,2024-06-22,smb,Europe,34.31,1
3050,2024-12-03,midmarket,APAC,87.49,6
3051,2022-08-12,smb,North America,33.53,-1
3052,2024-08-16,smb,Other,22.47,6
3053,2023-04-02,smb,North America,39.63,17
3054,2024-10-01,smb,North America,36.21,-1
3055,2023-09-03,smb,North America,32.34,-1
3056,2024-10-20,smb,North America,31.28,-1
3057,2022-07-08,midmarket,North America,136.78,1
3058,2023-05-12,smb,APAC,30.82,13
3059,2022-12-15,smb,APAC,26.83,-1
3060,2022-11-13,smb,Europe,32.96,-1
3061,2023-01-29,midmarket,North America,132.84,-1
3062,2023-05-03,smb,APAC,25.25,1
3063,2022-06-12,smb,North America,36.07,-1
3064,2024-06-21,smb,Europe,34.16,2
3065,2023-12-04,midmarket,Europe,119.59,-1
3066,2024-11-24,midmarket,North America,110.29,-1
3067,2024-06-18,midmarket,Europe,115.54,-1
3068,2022-07-10,midmarket,APAC,109.21,-1
3069,2022-03-31,smb,North America,45.64,14
3070,2023-06-24,midmarket,Europe,126.13,-1
3071,2023-09-06,smb,Other,27.97,1
3072,2022-11-03,midmarket,North America,130.4,10
3073,2024-09-25,midmarket,North America,105.12,-1
3074,2024-01-13,smb,Europe,31.43,4
3075,2024-08-12,smb,APAC,26.2,-1
3076,2022-05-20,enterprise,North America,471.29,32
3077,2024-11-06,midmarket,Europe,88.82,-1
3078,2022-09-20,smb,North America,42.67,1
3079,2023-07-26,smb,Other,31.12,1
3080,2023-07-15,midmarket,APAC,90.45,-1
3081,2024-11-13,smb,Europe,30.72,1
3082,2022-12-20,enterprise,Other,352.1,4
3083,2022-11-04,smb,Europe,33.94,1
3084,2023-03-10,midmarket,Other,107.92,-1
3085,2023-04-06,smb,North America,37.62,-1
3086,2022-08-20,smb,North America,36.28,24
3087,2022-08-14,midmarket,APAC,103.64,1
3088,2022-10-23,smb,North America,38.45,1
3089,2023-08-20,midmarket,North America,116.67,2
3090,2023-03-15,midmarket,APAC,109.77,-1
3091,2023-05-16,enterprise,Europe,383.76,-1
3092,2024-07-06,midmarket,North America,114.4,8
3093,2022-11-04,smb,North America,37.5,23
3094,2025-03-07,enterprise,North America,365.26,1
3095,2024-08-17,smb,North America,33.99,1
3096,2022-08-11,enterprise,North America,448.99,-1
3097,2023-02-05,smb,Europe,31.25,24
3098,2022-08-23,smb,APAC,33.4,-1
3099,2022-12-15,smb,North America,43.13,-1
3100,2023-04-12,midmarket,North America,129.39,-1
3101,2022-06-17,midmarket,Europe,124.68,1
3102,2022-01-19,smb,North America,45.45,1
3103,2023-07-14,smb,North America,33.52,-1
3104,2024-06-13,smb,North America,31.65,-1
3105,2023-01-22,enterprise,Europe,329.53,25
3106,2025-01-02,midmarket,North America,113.23,1
3107,2023-04-17,smb,North America,35.58,1
3108,2025-02-23,smb,Europe,29.59,-1
3109,2022-10-29,smb,APAC,29.76,-1
3110,2023-11-20,midmarket,Europe,97.87,-1
3111,2024-08-31,midmarket,Other,84.65,-1
3112,2022-03-17,smb,Europe,29.78,27
3113,2025-04-01,smb,North America,33.43,-1
3114,2023-04-11,midmarket,North America,119.69,-1
3115,2023-09-28,smb,North America,32.31,-1
3116,2024-03-12,smb,North America,30.84,1
3117,2024-03-31,midmarket,North America,129.38,-1
3118,2022-01-31,midmarket,North America,127.54,15
3119,2025-01-11,smb,Europe,30.62,-1
3120,2024-03-06,midmarket,Europe,115.7,-1
3121,2025-06-28,smb,North America,32.69,-1
3122,2023-08-25,smb,Europe,28.43,-1
3123,2024-02-22,midmarket,North America,126.39,-1
3124,2023-07-17,smb,Europe,27.99,7
3125,2025-02-09,midmarket,Europe,109.13,-1
3126,2024-11-28,midmarket,North America,125.64,1
3127,2025-03-05,smb,North America,32.26,-1
3128,2023-10-06,smb,Other,25.02,1
3129,2024-10-06,midmarket,Europe,108.25,-1
3130,2023-04-03,smb,Europe,33.25,1
3131,2023-08-12,smb,North America,32.83,1
3132,2024-08-28,smb,North America,37.22,-1
3133,2022-04-14,smb,North America,37.72,6
3134,2024-06-25,midmarket,Other,98.89,11
3135,2022-01-21,midmarket,North America,151.64,1
3136,2024-01-11,smb,North America,33.41,1
3137,2023-09-01,enterprise,Other,286.16,-1
3138,2023-08-22,smb,Europe,30.97,-1
3139,2023-09-23,midmarket,North America,136.8,1
3140,2023-09-20,midmarket,Europe,96.92,-1
3141,2023-06-04,midmarket,Europe,104.54,13
3142,2023-07-30,midmarket,Other,98.05,1
3143,2023-12-26,midmarket,North America,106.17,11
3144,2024-09-01,smb,APAC,23.3,-1
3145,2023-12-06,smb,North America,38.84,10
3146,2024-03-30,midmarket,APAC,95.77,12
3147,2024-12-03,midmarket,APAC,92.24,-1
3148,2025-06-16,smb,APAC,23.65,-1
3149,2022-05-19,enterprise,APAC,356.77,1
3150,2024-06-28,smb,Europe,30.76,-1
3151,2022-10-15,smb,North America,37.59,1
3152,2022-09-09,smb,North America,44.18,5
3153,2024-10-08,smb,North America,29.54,4
3154,2022-03-29,smb,Europe,33.79,-1
3155,2024-12-17,smb,North America,37.42,-1
3156,2024-09-10,smb,Europe,27.23,-1
3157,2025-06-23,midmarket,Europe,110.17,-1
3158,2024-05-02,midmarket,Other,86.92,-1
3159,2025-01-18,midmarket,North America,103.36,-1
3160,2022-06-01,midmarket,APAC,92.64,11
3161,2025-02-09,smb,Europe,27.56,-1
3162,2022-07-24,midmarket,Other,111.69,-1
3163,2023-02-06,midmarket,APAC,114.94,1
3164,2022-06-13,midmarket,North America,137.4,-1
3165,2023-05-28,smb,North America,33.03,1
3166,2024-08-13,smb,Other,25.19,1
3167,2022-12-09,smb,Europe,32.42,5
3168,2024-11-15,midmarket,APAC,83.81,1
3169,2024-02-13,midmarket,APAC,83.46,-1
3170,2024-03-13,smb,Europe,29.73,-1
3171,2025-04-12,smb,APAC,24.87,-1
3172,2023-07-06,smb,APAC,30.67,2
3173,2023-03-16,smb,APAC,28.54,1
3174,2025-06-23,enterprise,North America,319.0,-1
3175,2023-12-12,smb,North America,30.82,2
3176,2024-02-24,smb,North America,37.64,11
3177,2023-01-14,smb,North America,39.87,-1
3178,2022-10-02,smb,APAC,27.12,-1
3179,2022-08-05,midmarket,APAC,116.02,15
3180,2022-10-13,midmarket,North America,138.76,25
3181,2022-09-07,smb,North America,34.75,18
3182,2024-08-10,smb,Europe,28.11,-1
3183,2022-03-15,enterprise,APAC,407.39,-1
3184,2024-03-14,midmarket,Europe,102.77,-1
3185,2025-04-26,smb,North America,30.44,-1
3186,2024-09-03,midmarket,North America,118.61,-1
3187,2023-05-30,midmarket,Europe,101.38,-1
3188,2022-03-17,smb,Europe,37.71,20
3189,2024-11-30,smb,APAC,28.94,-1
3190,2022-01-05,smb,Other,32.44,27
3191,2024-05-19,smb,North America,36.32,-1
3192,2024-05-06,midmarket,North America,127.29,-1
3193,2022-09-02,smb,North America,36.7,10
3194,2024-08-02,smb,North America,38.46,-1
3195,2022-08-12,smb,North America,34.8,5
3196,2022-10-15,smb,North America,35.75,1
3197,2024-11-02,midmarket,North America,133.71,-1
3198,2025-06-03,midmarket,APAC,99.82,-1
3199,2022-12-04,midmarket,North America,131.34,7
3200,2025-03-21,enterprise,APAC,297.22,2
3201,2025-03-11,smb,North America,29.42,-1
3202,2024-09-08,midmarket,North America,123.4,-1
3203,2022-06-28,smb,North America,33.79,1
3204,2023-01-18,midmarket,North America,123.15,12
3205,2024-05-14,midmarket,North America,117.34,1
3206,2025-06-29,midmarket,APAC,98.07,-1
3207,2024-11-05,midmarket,APAC,103.98,-1
3208,2023-06-21,smb,North America,42.39,-1
3209,2022-10-28,smb,North America,42.05,1
3210,2025-05-10,midmarket,North America,105.6,1
3211,2022-12-19,smb,APAC,25.83,-1
3212,2023-03-13,smb,North America,36.83,5
3213,2025-05-15,smb,North America,30.87,1
3214,2023-12-18,midmarket,APAC,101.11,-1
3215,2022-12-04,enterprise,APAC,328.63,2
3216,2022-01-07,smb,Europe,39.1,16
3217,2023-07-03,smb,North America,35.53,11
3218,2025-06-12,midmarket,North America,107.97,-1
3219,2023-07-06,smb,North America,39.8,-1
3220,2024-06-11,midmarket,Europe,106.86,-1
3221,2022-11-19,smb,APAC,27.85,1
3222,2024-09-16,midmarket,North America,124.0,8
3223,2024-09-16,smb,APAC,27.39,-1
3224,2024-02-16,midmarket,Europe,93.63,1
3225,2024-09-11,midmarket,APAC,91.25,-1
3226,2024-01-09,smb,North America,40.32,-1
3227,2023-04-28,midmarket,North America,117.4,19
3228,2024-07-30,smb,North America,33.83,-1
3229,2024-12-01,smb,Europe,27.41,-1
3230,2024-12-09,midmarket,North America,117.15,-1
3231,2022-09-29,midmarket,North America,151.89,-1
3232,2024-05-13,smb,APAC,25.89,-1
3233,2022-01-06,smb,Europe,38.49,9
3234,2023-12-31,smb,Europe,34.49,1
3235,2023-12-30,midmarket,Europe,99.6,1
3236,2023-04-09,smb,Europe,35.26,5
3237,2025-06-22,smb,Europe,32.59,-1
3238,2025-01-31,smb,North America,38.19,-1
3239,2022-02-19,midmarket,North America,141.73,1
3240,2022-09-24,enterprise,North America,396.84,-1
3241,2022-09-23,smb,North America,34.35,-1
3242,2025-02-19,smb,Europe,27.03,-1
3243,2023-10-25,midmarket,Europe,111.75,10
3244,2024-07-19,smb,North America,33.53,8
3245,2024-10-30,midmarket,APAC,97.14,6
3246,2024-09-06,midmarket,Europe,111.24,-1
3247,2022-04-24,enterprise,Europe,356.68,4
3248,2022-06-29,midmarket,APAC,118.36,-1
3249,2023-05-20,enterprise,North America,370.07,-1
3250,2023-03-08,midmarket,North America,120.04,-1
3251,2024-08-11,midmarket,North America,129.57,-1
3252,2022-07-19,smb,Europe,30.81,32
3253,2023-04-20,smb,North America,34.34,1
3254,2022-10-29,smb,APAC,34.51,12
3255,2022-08-29,midmarket,North America,150.1,-1
3256,2022-08-09,smb,Europe,37.06,-1
3257,2022-09-07,midmarket,Europe,104.29,1
3258,2023-12-22,smb,North America,33.36,-1
3259,2023-06-08,smb,Europe,29.71,5
3260,2023-07-10,midmarket,Europe,99.83,14
3261,2023-09-04,enterprise,APAC,373.15,-1
3262,2024-08-03,smb,Europe,27.02,6
3263,2025-01-04,smb,Europe,31.39,1
3264,2023-11-03,smb,North America,31.32,-1
3265,2024-03-30,smb,Europe,31.23,-1
3266,2024-07-31,smb,North America,30.25,-1
3267,2024-05-30,midmarket,North America,104.47,1
3268,2022-06-21,smb,North America,36.14,1
3269,2025-06-08,midmarket,Europe,109.89,-1
3270,2022-07-30,smb,North America,40.77,1
3271,2023-06-10,midmarket,Other,98.32,14
3272,2024-04-12,smb,North America,33.13,-1
3273,2023-05-30,smb,North America,39.8,1
3274,2022-11-07,midmarket,North America,138.85,1
3275,2025-03-24,midmarket,North America,112.66,1
3276,2022-04-02,midmarket,North America,143.56,-1
3277,2022-11-10,smb,Europe,37.07,1
3278,2025-06-21,smb,North America,37.2,-1
3279,2024-07-20,midmarket,North America,136.76,-1
3280,2022-04-21,smb,North America,39.56,1
3281,2024-08-20,smb,North America,29.69,-1
3282,2025-05-22,midmarket,Other,76.53,-1
3283,2022-05-05,smb,North America,35.92,2
3284,2023-06-13,midmarket,APAC,93.63,14
3285,2023-08-21,midmarket,Europe,104.97,13
3286,2022-06-17,midmarket,North America,141.66,-1
3287,2022-09-13,smb,APAC,30.58,1
3288,2022-08-10,midmarket,North America,139.57,30
3289,2022-08-25,midmarket,APAC,119.33,-1
3290,2023-05-30,smb,Europe,28.05,8
3291,2023-08-15,smb,North America,31.39,1
3292,2022-10-31,smb,APAC,31.7,-1
3293,2023-01-05,enterprise,North America,440.73,1
3294,2022-09-03,smb,Other,28.51,23
3295,2024-10-12,midmarket,Other,95.75,2
3296,2022-09-28,smb,North America,34.81,1
3297,2025-03-04,midmarket,North America,116.48,-1
3298,2023-11-19,enterprise,APAC,365.64,3
3299,2024-10-21,midmarket,North America,115.22,-1
3300,2024-03-23,smb,Europe,31.57,6
3301,2022-12-06,midmarket,North America,114.14,15
3302,2024-02-07,midmarket,North America,116.66,1
3303,2022-12-16,smb,Europe,28.66,1
3304,2022-06-01,smb,Europe,34.94,16
3305,2022-11-22,midmarket,Europe,117.61,-1
3306,2022-12-18,smb,Europe,37.73,8
3307,2022-06-22,smb,North America,40.96,1
3308,2022-01-31,midmarket,North America,117.42,13
3309,2025-04-19,smb,North America,36.36,-1
3310,2023-10-18,smb,North America,34.52,-1
3311,2023-05-29,midmarket,North America,136.1,-1
3312,2025-04-01,enterprise,Europe,305.25,-1
3313,2022-10-14,midmarket,North America,142.64,-1
3314,2023-05-30,midmarket,North America,144.28,12
3315,2024-12-16,smb,Europe,25.68,-1
3316,2024-03-17,smb,North America,35.93,-1
3317,2023-05-25,smb,Other,27.9,1
3318,2022-11-23,midmarket,North America,123.24,1
3319,2022-02-14,midmarket,North America,130.84,13
3320,2022-04-19,enterprise,APAC,373.81,-1
3321,2022-07-26,smb,Europe,31.92,-1
3322,2024-09-30,enterprise,APAC,263.94,-1
3323,2024-03-26,smb,North America,38.32,-1
3324,2023-07-08,smb,North America,38.32,12
3325,2024-09-25,midmarket,Europe,94.73,-1
3326,2022-07-25,smb,North America,44.56,14
3327,2022-09-27,smb,Europe,37.75,-1
3328,2023-05-17,smb,North America,42.49,-1
3329,2025-03-16,smb,North America,33.36,1
3330,2024-02-23,midmarket,North America,112.48,-1
3331,2024-12-21,smb,APAC,23.86,3
3332,2022-11-13,enterprise,North America,497.98,8
3333,2024-12-18,smb,Other,27.91,-1
3334,2022-04-03,midmarket,North America,145.94,-1
3335,2022-10-18,smb,Europe,33.66,8
3336,2023-10-30,smb,North America,35.11,1
3337,2022-03-06,midmarket,Europe,126.16,-1
3338,2024-12-31,midmarket,APAC,77.33,-1
3339,2025-01-11,smb,Europe,29.44,-1
3340,2023-11-22,midmarket,North America,130.74,18
3341,2023-01-26,smb,Europe,35.59,-1
3342,2022-05-07,smb,North America,38.93,25
3343,2024-02-29,midmarket,Europe,114.06,-1
3344,2023-11-18,smb,Europe,27.66,13
3345,2024-08-27,smb,North America,31.77,-1
3346,2024-02-08,smb,Europe,27.69,1
3347,2022-06-13,midmarket,Europe,111.62,-1
3348,2022-06-05,enterprise,North America,428.45,1
3349,2024-09-23,enterprise,North America,377.69,-1
3350,2022-07-22,smb,North America,38.74,20
3351,2025-04-12,smb,APAC,25.38,-1
3352,2022-05-16,smb,Europe,34.26,1
3353,2024-07-18,midmarket,North America,128.04,8
3354,2025-05-29,smb,North America,29.34,-1
3355,2023-07-18,smb,North America,35.28,-1
3356,2022-03-14,smb,North America,33.9,-1
3357,2025-01-23,midmarket,North America,98.92,-1
3358,2022-08-28,smb,North America,40.2,1
3359,2023-11-05,midmarket,North America,138.08,-1
3360,2025-06-10,midmarket,Europe,91.78,-1
3361,2024-08-08,smb,Europe,29.14,-1
3362,2022-03-01,smb,North America,36.41,-1
3363,2024-11-12,midmarket,Europe,90.44,-1
3364,2022-07-25,smb,North America,43.65,12
3365,2024-08-14,smb,North America,35.28,-1
3366,2024-03-03,midmarket,Other,95.37,-1
3367,2023-01-03,smb,Europe,36.86,23
3368,2023-06-25,midmarket,North America,130.62,8
3369,2022-05-31,midmarket,North America,122.48,-1
3370,2025-06-13,midmarket,Europe,103.69,-1
3371,2022-11-01,smb,North America,41.26,11
3372,2023-01-29,midmarket,Other,93.9,19
3373,2023-10-04,midmarket,North America,129.09,-1
3374,2024-05-07,smb,North America,34.92,9
3375,2023-10-07,smb,Europe,30.05,-1
3376,2023-10-07,smb,Europe,33.27,1
3377,2024-01-14,smb,Europe,28.79,5
3378,2024-12-30,midmarket,APAC,85.98,-1
3379,2023-05-20,midmarket,APAC,97.25,22
3380,2024-11-27,smb,North America,35.15,-1
3381,2024-10-01,smb,North America,37.77,-1
3382,2025-05-11,midmarket,North America,116.59,-1
3383,2025-03-11,midmarket,Europe,105.82,-1
3384,2024-10-15,midmarket,Europe,95.51,1
3385,2022-11-11,midmarket,North America,135.13,13
3386,2024-09-15,smb,Other,22.37,4
3387,2024-07-28,smb,North America,34.33,-1
3388,2023-01-05,midmarket,APAC,107.87,-1
3389,2024-05-15,smb,APAC,24.82,-1
3390,2022-11-19,smb,North America,43.04,2
3391,2023-10-30,midmarket,North America,121.62,1
3392,2024-10-13,midmarket,North America,123.14,-1
3393,2022-08-29,smb,APAC,30.21,1
3394,2023-03-06,enterprise,North America,460.48,11
3395,2024-10-11,smb,APAC,27.41,1
3396,2023-08-03,smb,Europe,28.33,1
3397,2025-05-10,smb,Europe,32.23,-1
3398,2022-01-11,smb,APAC,33.01,1
3399,2024-07-10,smb,North America,34.42,11
3400,2024-11-04,smb,Europe,31.11,-1
3401,2025-03-17,midmarket,North America,105.79,-1
3402,2022-07-20,smb,North America,42.3,7
3403,2025-06-09,smb,North America,31.82,-1
3404,2023-05-16,smb,North America,40.71,17
3405,2023-03-26,smb,Europe,30.53,-1
3406,2023-03-30,midmarket,North America,140.39,16
3407,2024-03-25,smb,Europe,34.59,-1
3408,2024-04-21,smb,North America,40.36,-1
3409,2023-08-28,smb,Europe,34.6,1
3410,2022-04-01,smb,APAC,32.97,1
3411,2025-06-12,smb,Europe,28.59,-1
3412,2022-10-11,smb,Other,25.15,-1
3413,2022-04-30,midmarket,North America,138.55,25
3414,2024-02-02,enterprise,North America,415.02,-1
3415,2023-06-11,smb,Europe,28.06,24
3416,2024-02-25,smb,North America,37.68,7
3417,2025-01-22,smb,Europe,26.15,-1
3418,2022-05-05,midmarket,APAC,109.09,16
3419,2022-12-29,enterprise,North America,433.22,26
3420,2023-10-22,midmarket,APAC,108.59,-1
3421,2024-10-02,smb,North America,31.42,-1
3422,2024-02-06,smb,Europe,27.93,1
3423,2023-05-04,smb,North America,37.87,-1
3424,2024-02-18,midmarket,Europe,104.98,-1
3425,2025-06-04,smb,North America,29.37,-1
3426,2023-09-05,smb,Other,27.94,-1
3427,2025-02-01,midmarket,Other,95.01,1
3428,2024-09-22,smb,Europe,32.02,-1
3429,2023-01-20,smb,Europe,30.19,4
3430,2022-11-15,enterprise,Europe,351.71,-1
3431,2024-09-09,enterprise,Europe,347.23,-1
3432,2022-09-22,smb,Europe,35.51,5
3433,2023-03-06,smb,Europe,37.46,-1
3434,2022-10-28,smb,APAC,26.62,1
3435,2024-02-13,smb,Europe,31.42,9
3436,2023-01-11,midmarket,North America,149.48,1
3437,2024-04-20,smb,APAC,24.38,-1
3438,2025-04-07,smb,North America,37.74,-1
3439,2024-11-24,midmarket,North America,115.17,-1
3440,2025-04-24,smb,Other,26.03,1
3441,2022-02-01,midmarket,North America,134.29,17
3442,2023-08-05,midmarket,North America,138.87,-1
3443,2022-10-08,midmarket,Europe,129.15,8
3444,2025-03-17,smb,APAC,23.41,-1
3445,2024-06-27,enterprise,North America,428.44,-1
3446,2023-02-13,midmarket,Europe,96.62,-1
3447,2023-12-21,smb,North America,33.6,3
3448,2024-02-12,midmarket,North America,124.11,4
3449,2023-09-25,smb,North America,37.69,16
3450,2023-08-29,smb,North America,35.26,1
3451,2022-03-12,enterprise,Other,313.68,1
3452,2023-08-01,midmarket,Europe,98.76,9
3453,2023-03-21,smb,APAC,27.18,16
3454,2024-11-10,midmarket,APAC,81.06,-1
3455,2025-01-08,enterprise,Other,263.56,2
3456,2024-08-15,smb,Europe,32.92,-1
3457,2022-02-09,smb,North America,37.51,1
3458,2024-12-09,smb,APAC,29.68,-1
3459,2023-05-21,smb,Europe,29.95,1
3460,2023-06-16,smb,North America,37.02,-1
3461,2025-04-21,smb,North America,29.76,-1
3462,2025-01-11,smb,North America,28.74,-1
3463,2022-03-06,smb,Europe,35.99,10
3464,2023-04-05,smb,APAC,27.91,4
3465,2024-08-14,smb,Europe,28.63,-1
3466,2023-11-19,midmarket,North America,120.65,1
3467,2022-11-25,smb,North America,41.61,-1
3468,2023-11-01,smb,APAC,27.47,3
3469,2025-01-10,midmarket,North America,100.93,-1
3470,2022-10-12,midmarket,North America,123.53,1
3471,2024-08-09,smb,APAC,27.64,-1
3472,2024-07-26,midmarket,APAC,106.94,2
3473,2025-02-04,enterprise,Europe,296.61,-1
3474,2023-01-16,midmarket,Europe,107.39,11
3475,2022-10-03,midmarket,North America,131.74,25
3476,2023-11-30,smb,Other,30.32,16
3477,2023-11-09,midmarket,Europe,95.22,1
3478,2023-06-07,midmarket,Europe,120.4,-1
3479,2024-09-21,smb,North America,36.64,5
3480,2024-10-16,enterprise,Europe,319.79,-1
3481,2022-11-10,midmarket,North America,142.49,8
3482,2024-10-12,smb,Europe,30.37,-1
3483,2022-10-22,smb,Europe,30.25,24
3484,2023-06-05,smb,APAC,27.18,17
3485,2022-02-04,smb,North America,38.0,21
3486,2023-03-11,smb,APAC,27.91,16
3487,2025-05-08,enterprise,North America,403.43,-1
3488,2023-07-19,smb,Europe,33.66,16
3489,2024-06-24,smb,North America,38.25,-1
3490,2022-05-18,midmarket,North America,135.91,28
3491,2024-03-21,smb,APAC,26.5,1
3492,2023-04-20,midmarket,North America,111.85,16
3493,2024-08-07,smb,APAC,29.41,5
3494,2025-03-30,smb,North America,29.0,1
3495,2023-11-10,smb,Europe,29.6,16
3496,2022-05-12,midmarket,North America,142.33,12
3497,2023-08-31,smb,Europe,34.48,3
3498,2022-06-07,smb,APAC,26.79,21
3499,2023-07-28,enterprise,Europe,378.85,-1
3500,2022-03-20,enterprise,North America,406.17,13
3501,2024-03-28,smb,APAC,29.89,-1
3502,2023-02-01,midmarket,Europe,120.63,-1
3503,2022-09-15,smb,North America,41.66,-1
3504,2022-01-23,smb,Europe,30.42,-1
3505,2025-02-07,midmarket,Europe,101.43,-1
3506,2024-12-04,smb,APAC,24.39,-1
3507,2024-11-01,midmarket,North America,116.35,-1
3508,2022-03-16,smb,North America,45.74,16
3509,2023-03-23,smb,Other,24.42,-1
3510,2025-05-24,midmarket,Europe,100.77,-1
3511,2024-01-09,smb,Europe,28.02,-1
3512,2022-06-13,smb,Other,29.16,3
3513,2022-06-29,smb,North America,39.57,-1
3514,2022-12-02,midmarket,North America,129.32,1
3515,2025-05-25,smb,APAC,26.8,-1
3516,2022-08-05,smb,Europe,38.7,32
3517,2025-02-26,midmarket,Other,92.46,1
3518,2024-05-15,smb,Europe,34.7,-1
3519,2025-03-22,midmarket,North America,103.35,-1
3520,2024-11-19,smb,North America,39.01,-1
3521,2023-02-28,midmarket,North America,122.19,-1
3522,2024-11-22,smb,APAC,22.88,-1
3523,2022-08-04,midmarket,North America,131.02,1
3524,2023-01-07,midmarket,Europe,104.77,-1
3525,2022-09-28,smb,North America,41.82,-1
3526,2022-06-19,smb,North America,34.45,1
3527,2022-04-25,smb,North America,40.27,-1
3528,2022-08-28,smb,Europe,31.74,-1
3529,2022-06-03,midmarket,North America,122.97,-1
3530,2023-05-01,smb,Other,30.68,6
3531,2022-04-01,enterprise,APAC,356.7,10
3532,2022-03-20,midmarket,North America,129.57,1
3533,2025-06-17,smb,APAC,27.47,-1
3534,2022-04-22,smb,North America,43.9,23
3535,2022-04-05,midmarket,North America,133.74,7
3536,2022-02-08,midmarket,North America,124.27,1
3537,2022-06-19,smb,APAC,35.34,1
3538,2023-11-05,midmarket,Europe,103.34,12
3539,2024-11-21,midmarket,North America,106.2,1
3540,2024-07-26,midmarket,Europe,91.18,-1
3541,2024-01-11,enterprise,Europe,315.83,1
3542,2022-04-19,midmarket,Europe,134.08,-1
3543,2024-09-15,smb,Europe,33.87,1
3544,2022-02-17,midmarket,APAC,107.76,12
3545,2024-03-16,smb,Europe,32.61,1
3546,2023-06-07,smb,North America,40.82,-1
3547,2025-01-30,smb,APAC,26.76,-1
3548,2023-01-28,smb,North America,39.94,-1
3549,2024-03-25,smb,Europe,35.15,-1
3550,2023-07-16,smb,Europe,28.96,12
3551,2023-10-29,smb,North America,32.43,-1
3552,2025-04-12,smb,North America,35.56,-1
3553,2024-06-28,smb,Europe,32.2,-1
3554,2023-06-13,smb,APAC,26.31,1
3555,2023-07-25,midmarket,APAC,93.22,22
3556,2024-06-18,smb,Europe,32.03,-1
3557,2023-03-18,smb,North America,37.6,-1
3558,2022-08-03,midmarket,North America,149.34,-1
3559,2023-08-20,smb,APAC,31.67,-1
3560,2022-03-29,midmarket,North America,136.21,33
3561,2022-08-05,midmarket,Europe,121.96,11
3562,2023-06-21,smb,North America,38.71,12
3563,2024-10-13,midmarket,North America,102.79,1
3564,2024-09-24,midmarket,Europe,100.11,1
3565,2022-11-29,midmarket,Europe,112.43,30
3566,2023-06-23,smb,Europe,36.12,-1
3567,2022-07-15,smb,North America,43.67,1
3568,2024-08-21,smb,APAC,23.44,-1
3569,2022-11-11,smb,Europe,36.85,25
3570,2024-10-17,smb,APAC,27.63,-1
3571,2024-12-10,smb,Europe,25.12,-1
3572,2024-05-29,smb,North America,33.84,1
3573,2023-02-26,midmarket,Europe,125.99,-1
3574,2025-04-30,smb,Europe,27.52,-1
3575,2024-05-25,smb,Europe,32.12,2
3576,2024-04-04,enterprise,Europe,357.4,-1
3577,2024-12-28,midmarket,North America,118.99,-1
3578,2025-01-29,smb,APAC,26.15,-1
3579,2022-04-10,midmarket,North America,135.38,-1
3580,2025-01-29,smb,North America,37.67,1
3581,2024-09-03,midmarket,APAC,89.78,1
3582,2022-09-21,smb,North America,35.18,-1
3583,2023-01-28,enterprise,Other,313.56,7
3584,2024-08-18,smb,North America,36.94,-1
3585,2022-10-04,midmarket,North America,131.32,-1
3586,2023-08-01,midmarket,North America,134.75,-1
3587,2024-05-29,midmarket,North America,110.9,9
3588,2024-04-10,smb,North America,36.14,1
3589,2025-03-06,smb,North America,36.87,-1
3590,2022-05-23,smb,North America,39.86,4
3591,2023-01-12,enterprise,North America,452.54,7
3592,2025-06-10,smb,North America,34.44,-1
3593,2023-12-27,smb,North America,38.6,1
3594,2022-11-14,enterprise,North America,419.2,1
3595,2023-01-05,smb,North America,39.48,2
3596,2023-03-09,smb,North America,36.72,1
3597,2023-12-09,smb,North America,34.83,1
3598,2022-12-30,midmarket,North America,130.07,-1
3599,2024-03-04,midmarket,North America,118.19,12
3600,2023-07-23,smb,APAC,24.79,-1
3601,2024-02-18,enterprise,North America,436.86,-1
3602,2022-07-17,midmarket,North America,137.6,1
3603,2024-03-06,smb,Europe,27.48,9
3604,2025-03-25,smb,Europe,26.83,-1
3605,2022-06-22,midmarket,North America,139.33,5
3606,2023-02-22,midmarket,APAC,102.11,1
3607,2024-06-03,smb,Europe,32.38,2
3608,2024-02-27,midmarket,Other,90.02,-1
3609,2024-05-10,midmarket,Other,98.1,-1
3610,2023-12-16,midmarket,Europe,93.74,3
3611,2024-05-20,smb,Europe,31.54,9
3612,2024-02-17,smb,North America,34.26,-1
3613,2022-04-05,enterprise,APAC,334.48,1
3614,2024-08-16,midmarket,Europe,116.65,1
3615,2023-07-25,smb,North America,40.96,1
3616,2022-03-07,smb,North America,36.1,-1
3617,2023-06-06,smb,Europe,27.99,-1
3618,2023-07-10,midmarket,Europe,122.23,5
3619,2022-04-21,smb,APAC,27.98,1
3620,2025-06-25,smb,North America,36.89,-1
3621,2022-10-11,smb,APAC,28.18,6
3622,2023-02-26,midmarket,North America,126.34,-1
3623,2023-07-17,smb,Europe,27.73,-1
3624,2024-11-28,midmarket,North America,117.81,-1
3625,2024-08-05,enterprise,North America,357.79,1
3626,2024-09-10,midmarket,North America,115.33,8
3627,2022-10-30,smb,North America,43.45,3
3628,2024-12-14,midmarket,North America,107.26,-1
3629,2024-11-24,smb,APAC,27.67,-1
3630,2023-08-15,smb,North America,33.46,4
3631,2023-11-28,smb,Europe,32.51,-1
3632,2022-02-17,enterprise,Europe,372.98,12
3633,2024-08-28,smb,North America,36.41,-1
3634,2025-05-11,midmarket,APAC,95.36,-1
3635,2023-08-26,smb,APAC,32.04,1
3636,2023-11-21,midmarket,APAC,109.3,-1
3637,2023-09-29,midmarket,APAC,90.49,-1
3638,2022-04-16,smb,Europe,30.68,4
3639,2024-03-01,enterprise,Other,258.92,-1
3640,2024-07-09,midmarket,North America,126.89,-1
3641,2025-03-30,smb,North America,30.12,-1
3642,2025-04-01,enterprise,Europe,358.08,-1
3643,2023-09-20,midmarket,North America,142.83,1
3644,2025-05-08,midmarket,Europe,87.65,1
3645,2023-11-06,midmarket,North America,116.02,-1
3646,2024-03-30,smb,North America,35.71,-1
3647,2024-02-08,midmarket,APAC,93.63,-1
3648,2025-06-28,smb,North America,31.96,-1
3649,2024-07-30,smb,North America,31.77,-1
3650,2022-06-03,midmarket,Europe,130.94,28
3651,2022-04-02,smb,APAC,32.76,-1
3652,2023-06-08,smb,APAC,26.03,12
3653,2023-10-21,midmarket,North America,106.18,-1
3654,2024-05-03,midmarket,APAC,101.56,-1
3655,2023-09-07,midmarket,Europe,93.17,18
3656,2023-10-19,midmarket,APAC,108.74,7
3657,2025-03-22,smb,North America,33.53,-1
3658,2023-03-04,smb,North America,42.53,9
3659,2023-09-22,midmarket,Europe,117.89,-1
3660,2023-12-13,midmarket,Europe,120.05,4
3661,2023-08-21,midmarket,North America,135.2,15
3662,2025-05-20,smb,Europe,29.24,-1
3663,2025-05-12,smb,Europe,25.78,-1
3664,2023-10-17,enterprise,North America,444.12,-1
3665,2023-07-29,smb,Europe,33.0,1
3666,2024-01-22,smb,North America,35.34,14
3667,2022-08-19,smb,APAC,31.03,1
3668,2023-06-28,smb,Europe,29.68,-1
3669,2022-10-04,smb,Europe,32.59,4
3670,2022-07-03,enterprise,Other,293.37,25
3671,2022-05-02,midmarket,Europe,114.61,-1
3672,2024-01-20,smb,North America,35.47,-1
3673,2022-01-01,midmarket,Europe,132.88,36
3674,2024-04-04,midmarket,Other,90.11,-1
3675,2023-07-06,smb,North America,41.46,22
3676,2023-04-13,smb,Europe,37.17,22
3677,2024-09-08,smb,North America,29.7,-1
3678,2023-11-19,smb,APAC,29.15,-1
3679,2024-07-24,smb,Europe,28.37,-1
3680,2024-06-24,midmarket,Other,97.76,-1
3681,2022-02-11,smb,Europe,34.78,13
3682,2022-10-02,smb,North America,33.71,4
3683,2023-12-29,smb,Europe,28.63,1
3684,2025-05-29,midmarket,APAC,92.8,-1
3685,2022-07-16,midmarket,North America,117.28,-1
3686,2022-05-15,smb,North America,38.08,9
3687,2025-04-15,midmarket,Europe,109.54,-1
3688,2025-05-18,enterprise,Europe,280.53,-1
3689,2022-08-02,smb,North America,41.25,2
3690,2023-05-28,smb,North America,39.26,10
3691,2024-03-10,midmarket,North America,115.02,1
3692,2022-09-07,enterprise,Europe,340.56,13
3693,2023-02-21,enterprise,Europe,331.3,1
3694,2023-05-20,smb,Europe,37.0,19
3695,2024-03-29,smb,APAC,29.22,-1
3696,2023-01-29,midmarket,North America,125.56,-1
3697,2023-06-11,midmarket,Europe,121.72,-1
3698,2023-01-05,midmarket,North America,114.89,-1
3699,2024-08-27,midmarket,North America,105.14,3
3700,2022-07-15,midmarket,Europe,106.11,9
3701,2022-10-22,smb,Europe,36.21,31
3702,2022-11-15,midmarket,Other,94.66,6
3703,2025-03-01,midmarket,North America,118.84,-1
3704,2025-04-20,smb,North America,30.4,-1
3705,2023-10-01,midmarket,North America,135.09,1
3706,2022-07-19,midmarket,Europe,127.26,5
3707,2024-08-22,enterprise,North America,384.37,9
3708,2023-09-20,enterprise,APAC,298.48,18
3709,2024-12-20,midmarket,APAC,94.21,-1
3710,2023-04-05,smb,Europe,30.21,1
3711,2025-06-28,midmarket,Europe,87.17,-1
3712,2024-10-26,smb,North America,35.35,-1
3713,2022-10-13,smb,Europe,33.69,5
3714,2024-07-14,enterprise,Europe,374.34,-1
3715,2023-01-02,enterprise,APAC,319.0,1
3716,2023-03-23,midmarket,Europe,103.05,-1
3717,2022-11-16,enterprise,North America,457.42,-1
3718,2024-05-20,smb,North America,37.2,-1
3719,2022-12-02,enterprise,North America,425.46,-1
3720,2024-03-26,smb,Other,25.75,-1
3721,2024-01-14,smb,APAC,24.87,12
3722,2024-08-16,smb,APAC,26.78,1
3723,2025-06-21,smb,APAC,29.12,-1
3724,2022-01-12,smb,North America,35.59,31
3725,2025-06-17,smb,Europe,29.0,-1
3726,2022-05-20,smb,Europe,29.39,35
3727,2023-11-04,midmarket,North America,117.58,-1
3728,2023-03-11,midmarket,Europe,121.1,6
3729,2024-03-26,midmarket,Europe,107.83,-1
3730,2024-07-09,midmarket,APAC,81.44,-1
3731,2025-01-02,smb,North America,33.12,-1
3732,2023-05-28,midmarket,APAC,87.44,1
3733,2025-04-05,smb,APAC,24.89,-1
3734,2023-02-16,smb,APAC,32.01,-1
3735,2022-09-18,midmarket,North America,123.3,1
3736,2023-04-29,smb,North America,36.96,6
3737,2023-11-06,midmarket,Europe,107.91,1
3738,2024-05-02,smb,North America,38.8,-1
3739,2024-11-28,smb,North America,30.12,2
3740,2022-10-14,enterprise,APAC,350.37,-1
3741,2023-01-22,smb,North America,32.68,27
3742,2025-04-12,midmarket,North America,99.51,-1
3743,2023-07-16,smb,Other,25.01,1
3744,2022-11-05,smb,North America,40.94,-1
3745,2025-06-11,midmarket,APAC,75.63,-1
3746,2023-07-27,smb,North America,41.86,-1
3747,2025-06-10,smb,North America,31.98,-1
3748,2025-03-19,smb,North America,36.62,-1
3749,2025-03-02,smb,North America,30.47,-1
3750,2024-01-13,smb,North America,34.08,8
3751,2024-10-15,midmarket,APAC,97.91,-1
3752,2025-05-10,smb,APAC,24.79,1
3753,2022-12-10,smb,North America,38.31,-1
3754,2022-02-18,midmarket,North America,150.11,14
3755,2023-02-14,midmarket,Europe,117.97,-1
3756,2024-03-23,midmarket,Europe,116.35,1
3757,2023-11-30,midmarket,North America,108.69,-1
3758,2022-04-13,midmarket,North America,140.52,2
3759,2023-12-17,midmarket,North America,127.2,12
3760,2022-08-11,smb,Europe,34.97,1
3761,2023-10-08,midmarket,North America,128.04,18
3762,2024-01-05,midmarket,Europe,113.97,1
3763,2024-03-23,smb,North America,39.11,9
3764,2023-06-11,midmarket,North America,116.93,-1
3765,2023-06-06,midmarket,Europe,97.52,-1
3766,2024-05-15,smb,North America,30.6,6
3767,2024-08-13,smb,APAC,24.26,-1
3768,2024-10-27,smb,Europe,31.1,-1
3769,2023-03-02,enterprise,APAC,328.46,-1
3770,2023-06-26,midmarket,Europe,105.65,1
3771,2023-02-26,smb,North America,42.51,1
3772,2023-11-05,smb,North America,40.54,1
3773,2022-06-12,smb,Europe,34.6,1
3774,2023-07-03,smb,Europe,31.71,-1
3775,2022-08-29,midmarket,North America,124.37,-1
3776,2023-11-11,midmarket,North America,122.59,-1
3777,2024-12-21,smb,North America,32.89,3
3778,2025-06-11,smb,North America,27.85,-1
3779,2023-07-24,midmarket,North America,136.44,3
3780,2022-03-13,smb,Europe,34.04,15
3781,2022-10-18,midmarket,Other,89.66,-1
3782,2022-05-14,smb,North America,41.48,14
3783,2024-08-26,midmarket,North America,116.53,-1
3784,2025-06-10,smb,North America,30.86,-1
3785,2023-12-08,midmarket,North America,113.48,-1
3786,2022-08-14,smb,Europe,29.4,1
3787,2022-01-27,smb,North America,40.29,1
3788,2025-05-30,midmarket,Other,80.19,-1
3789,2023-02-08,smb,APAC,25.54,1
3790,2022-05-23,smb,Europe,37.58,17
3791,2022-08-14,smb,APAC,33.31,-1
3792,2022-11-22,midmarket,Europe,114.16,-1
3793,2024-04-16,smb,Other,28.72,-1
3794,2025-02-11,smb,North America,33.23,-1
3795,2022-12-17,smb,Other,25.44,27
3796,2024-05-26,smb,North America,35.27,-1
3797,2022-03-24,smb,North America,37.64,1
3798,2022-01-13,midmarket,Other,100.54,1
3799,2022-03-12,midmarket,North America,156.04,-1
3800,2025-03-23,midmarket,North America,109.03,-1
3801,2024-01-13,midmarket,North America,112.35,15
3802,2024-10-24,midmarket,North America,104.08,-1
3803,2022-01-28,midmarket,North America,153.89,1
3804,2022-01-29,smb,North America,34.39,28
3805,2024-12-19,smb,Europe,32.98,-1
3806,2022-05-11,enterprise,APAC,306.94,1
3807,2022-07-18,smb,North America,42.11,-1
3808,2023-10-25,smb,APAC,26.71,1
3809,2024-02-13,smb,Europe,28.66,6
3810,2022-10-20,smb,APAC,27.3,7
3811,2023-07-22,smb,APAC,25.73,12
3812,2024-05-11,smb,APAC,23.88,-1
3813,2023-07-20,smb,North America,33.11,-1
3814,2023-05-04,smb,Europe,33.29,7
3815,2022-04-02,midmarket,APAC,108.74,6
3816,2023-07-31,smb,Europe,30.0,1
3817,2024-10-21,smb,North America,36.01,-1
3818,2024-03-10,smb,Europe,33.32,1
3819,2025-02-13,smb,APAC,29.93,-1
3820,2022-06-10,midmarket,North America,132.4,28
3821,2022-01-15,midmarket,Europe,115.49,-1
3822,2023-12-01,smb,APAC,32.18,1
3823,2022-08-16,smb,Europe,38.37,16
3824,2024-01-28,smb,North America,40.41,-1
3825,2025-02-27,smb,Europe,30.01,-1
3826,2023-03-07,smb,Europe,33.91,26
3827,2023-12-03,smb,North America,40.63,-1
3828,2024-05-19,midmarket,Europe,103.97,12
3829,2022-07-11,smb,North America,35.78,1
3830,2025-02-19,enterprise,APAC,342.47,2
3831,2022-09-16,smb,APAC,33.46,1
3832,2024-10-28,enterprise,APAC,264.86,1
3833,2024-04-22,smb,Europe,27.1,-1
3834,2022-06-29,midmarket,North America,150.29,-1
3835,2024-07-13,enterprise,Europe,324.41,-1
3836,2022-09-08,smb,North America,41.06,33
3837,2024-02-04,smb,Europe,27.44,1
3838,2025-05-09,midmarket,North America,101.56,-1
3839,2025-05-01,smb,Europe,30.7,-1
3840,2025-01-16,midmarket,Europe,114.61,-1
3841,2023-09-23,midmarket,North America,125.43,12
3842,2023-12-15,midmarket,North America,106.52,-1
3843,2023-01-19,smb,North America,35.0,-1
3844,2025-03-21,smb,North America,30.37,1
3845,2023-09-01,smb,North America,41.33,16
3846,2024-09-11,smb,APAC,26.23,1
3847,2023-04-04,smb,APAC,33.27,-1
3848,2024-08-02,smb,Other,28.28,-1
3849,2022-10-14,smb,North America,38.02,1
3850,2024-07-25,midmarket,North America,102.06,-1
3851,2022-02-28,midmarket,Europe,136.4,24
3852,2022-05-14,midmarket,Europe,100.49,20
3853,2023-03-26,smb,Europe,36.25,-1
3854,2023-09-08,smb,APAC,27.87,3
3855,2024-06-26,midmarket,Europe,97.85,-1
3856,2023-04-04,smb,Europe,31.7,3
3857,2022-01-24,smb,Other,28.47,-1
3858,2023-02-20,midmarket,North America,137.14,1
3859,2023-07-15,midmarket,APAC,101.25,-1
3860,2023-11-25,midmarket,Europe,100.03,-1
3861,2024-04-01,midmarket,North America,121.92,-1
3862,2022-11-13,smb,APAC,29.2,20
3863,2024-02-18,smb,APAC,31.41,-1
3864,2024-03-16,enterprise,APAC,354.43,1
3865,2024-09-18,smb,North America,35.56,-1
3866,2023-10-29,enterprise,North America,473.76,-1
3867,2024-10-31,midmarket,Europe,98.03,-1
3868,2022-10-10,midmarket,North America,115.95,1
3869,2024-06-27,smb,North America,30.16,-1
3870,2022-02-28,smb,North America,44.07,40
3871,2022-05-12,smb,North America,38.13,1
3872,2025-01-08,enterprise,Europe,370.1,-1
3873,2023-08-30,smb,Europe,31.56,1
3874,2024-03-03,enterprise,North America,345.76,14
3875,2024-02-09,midmarket,Europe,107.16,12
3876,2024-06-05,smb,North America,35.89,12
3877,2022-11-10,smb,North America,37.85,-1
3878,2022-08-16,midmarket,Europe,127.93,1
3879,2022-02-24,smb,Europe,36.34,-1
3880,2025-01-08,smb,North America,32.24,1
3881,2022-10-13,smb,Europe,35.76,13
3882,2024-01-04,smb,North America,33.88,-1
3883,2023-08-04,enterprise,Europe,402.25,16
3884,2022-07-27,smb,North America,36.56,1
3885,2023-06-13,midmarket,Europe,116.18,13
3886,2022-04-17,enterprise,Europe,384.45,1
3887,2022-08-14,smb,North America,34.3,28
3888,2022-06-28,smb,Europe,35.53,-1
3889,2024-11-17,enterprise,APAC,293.24,-1
3890,2023-12-26,smb,North America,37.46,6
3891,2025-03-27,smb,Europe,29.25,-1
3892,2023-07-11,smb,APAC,24.93,-1
3893,2022-09-14,midmarket,North America,121.17,22
3894,2024-02-16,midmarket,APAC,101.37,13
3895,2025-04-01,midmarket,North America,112.23,1
3896,2023-11-11,midmarket,Europe,106.81,12
3897,2022-01-23,midmarket,APAC,91.88,11
3898,2023-01-23,midmarket,Other,90.69,1
3899,2025-03-26,midmarket,Europe,104.14,-1
3900,2023-10-24,midmarket,Europe,121.04,-1
3901,2025-04-29,smb,North America,33.79,-1
3902,2023-10-12,smb,North America,36.82,9
3903,2022-01-16,midmarket,APAC,107.04,4
3904,2025-01-19,smb,North America,35.41,-1
3905,2024-08-31,midmarket,APAC,100.94,-1
3906,2024-07-01,midmarket,North America,109.05,-1
3907,2025-05-22,smb,North America,34.98,1
3908,2022-09-08,midmarket,North America,122.72,1
3909,2025-03-01,midmarket,Europe,85.18,-1
3910,2022-10-24,midmarket,North America,115.43,-1
3911,2025-05-23,smb,North America,28.4,-1
3912,2022-09-02,smb,Other,26.77,-1
3913,2023-12-04,midmarket,APAC,85.81,-1
3914,2024-10-04,midmarket,APAC,80.26,-1
3915,2022-04-10,midmarket,North America,121.71,8
3916,2022-03-27,smb,North America,34.36,19
3917,2024-12-20,midmarket,Europe,96.02,1
3918,2022-03-19,smb,North America,43.74,1
3919,2024-02-23,smb,North America,36.21,-1
3920,2025-04-12,midmarket,APAC,77.12,-1
3921,2024-02-24,smb,North America,34.3,-1
3922,2023-09-06,enterprise,APAC,320.12,-1
3923,2023-06-17,midmarket,North America,114.74,3
3924,2024-03-25,midmarket,North America,116.92,-1
3925,2023-12-31,smb,North America,34.24,-1
3926,2023-10-03,smb,Other,26.84,15
3927,2022-07-15,smb,Europe,36.05,21
3928,2024-04-25,midmarket,APAC,94.03,2
3929,2024-08-01,midmarket,North America,103.26,2
3930,2024-06-23,smb,APAC,23.67,5
3931,2022-04-06,midmarket,Europe,132.12,22
3932,2024-06-15,midmarket,Europe,110.13,1
3933,2024-07-20,smb,APAC,28.45,-1
3934,2022-08-23,smb,APAC,34.27,-1
3935,2024-12-19,smb,Europe,29.75,-1
3936,2023-10-31,midmarket,North America,108.77,-1
3937,2023-08-26,enterprise,APAC,349.79,-1
3938,2024-07-11,midmarket,North America,106.97,1
3939,2023-10-13,smb,Other,28.23,-1
3940,2023-11-27,midmarket,North America,120.39,-1
3941,2023-02-03,midmarket,North America,111.41,-1
3942,2025-03-29,enterprise,North America,329.23,-1
3943,2025-05-22,smb,Europe,27.66,1
3944,2022-06-16,smb,North America,40.44,17
3945,2024-07-24,smb,APAC,24.49,-1
3946,2022-01-30,enterprise,Europe,352.81,1
3947,2023-04-16,smb,North America,36.09,-1
3948,2025-05-22,midmarket,Europe,106.94,-1
3949,2022-08-12,midmarket,APAC,113.44,-1
3950,2023-04-27,midmarket,APAC,106.13,5
3951,2022-10-08,smb,North America,37.73,31
3952,2024-07-18,midmarket,APAC,91.53,-1
3953,2023-08-15,smb,North America,33.72,11
3954,2024-01-27,smb,Europe,27.76,1
3955,2025-04-17,midmarket,APAC,75.81,-1
3956,2023-10-27,smb,North America,40.31,1
3957,2024-07-25,smb,North America,34.68,1
3958,2022-05-05,enterprise,Europe,334.13,-1
3959,2022-10-02,smb,North America,38.93,1
3960,2025-04-23,midmarket,North America,105.12,-1
3961,2025-01-01,midmarket,North America,112.72,2
3962,2024-04-17,smb,APAC,29.03,-1
3963,2023-04-28,smb,North America,40.97,25
3964,2022-09-12,midmarket,Europe,122.55,-1
3965,2024-12-22,midmarket,Other,95.82,2
3966,2024-09-29,smb,APAC,24.74,-1
3967,2022-11-05,midmarket,Europe,120.04,-1
3968,2024-01-23,smb,Europe,34.79,-1
3969,2024-02-29,smb,North America,33.59,-1
3970,2023-09-02,smb,North America,39.84,6
3971,2025-03-28,midmarket,North America,129.02,-1
3972,2022-06-08,smb,North America,41.03,1
3973,2022-11-26,enterprise,North America,394.71,27
3974,2022-05-02,midmarket,Europe,109.35,-1
3975,2024-06-03,enterprise,North America,420.39,-1
3976,2024-04-01,enterprise,North America,447.35,-1
3977,2025-06-13,smb,APAC,21.93,-1
3978,2023-11-23,smb,North America,34.31,5
3979,2022-07-12,smb,Europe,31.32,9
3980,2023-07-30,smb,North America,36.07,-1
3981,2022-04-23,smb,Europe,37.3,10
3982,2024-05-06,smb,North America,35.11,2
3983,2024-05-10,smb,North America,35.28,-1
3984,2024-12-30,smb,APAC,27.31,-1
3985,2023-03-10,smb,Europe,32.91,17
3986,2023-01-31,midmarket,North America,137.78,27
3987,2022-04-01,smb,North America,35.02,27
3988,2023-06-14,enterprise,Europe,316.03,17
3989,2023-08-30,midmarket,North America,138.33,-1
3990,2024-08-20,smb,Europe,29.84,-1
3991,2024-08-19,midmarket,Europe,96.73,-1
3992,2022-06-28,midmarket,Europe,115.64,8
3993,2022-12-30,midmarket,APAC,107.17,1
3994,2023-10-15,midmarket,North America,110.56,-1
3995,2023-03-04,smb,APAC,29.69,-1
3996,2022-02-02,smb,Europe,30.77,-1
3997,2024-12-15,smb,Europe,32.56,-1
3998,2024-07-22,smb,Europe,30.75,4
3999,2023-10-26,smb,Europe,34.58,-1
4000,2023-02-10,smb,North America,40.36,22
4001,2024-12-11,midmarket,Other,93.74,-1
4002,2022-02-15,smb,Other,28.21,36
4003,2023-07-24,enterprise,North America,376.4,11
4004,2024-10-19,enterprise,Europe,379.38,1
4005,2025-04-30,smb,APAC,28.85,-1
4006,2022-11-17,midmarket,APAC,114.9,1
4007,2024-04-10,smb,Europe,35.17,-1
4008,2022-08-31,smb,North America,40.08,15
4009,2022-05-28,enterprise,Europe,394.14,16
4010,2023-03-27,midmarket,North America,140.66,-1
4011,2025-02-03,smb,Europe,25.67,-1
4012,2024-05-29,smb,Europe,33.1,-1
4013,2023-09-17,midmarket,Europe,119.21,8
4014,2022-12-27,smb,North America,39.11,-1
4015,2022-06-30,smb,Europe,33.05,-1
4016,2022-12-12,smb,Europe,34.79,5
4017,2022-07-14,midmarket,North America,150.91,-1
4018,2022-08-27,smb,North America,34.96,-1
4019,2024-05-27,smb,North America,33.1,-1
4020,2022-06-19,midmarket,APAC,110.95,6
4021,2022-03-02,smb,Europe,38.15,36
4022,2023-11-24,smb,Europe,32.91,-1
4023,2023-01-01,smb,Europe,33.98,1
4024,2023-08-04,smb,APAC,25.18,-1
4025,2022-06-28,smb,Europe,33.52,2
4026,2022-09-25,smb,North America,43.31,6
4027,2023-07-17,smb,North America,35.4,16
4028,2024-05-30,enterprise,North America,386.65,3
4029,2023-06-13,enterprise,APAC,317.76,-1
4030,2023-11-23,midmarket,Europe,103.46,1
4031,2023-10-28,smb,APAC,27.65,-1
4032,2022-12-10,midmarket,Europe,123.29,1
4033,2022-12-23,smb,APAC,29.51,-1
4034,2023-06-28,smb,Other,28.31,1
4035,2022-02-10,midmarket,Europe,117.39,6
4036,2024-05-24,smb,North America,39.02,1
4037,2024-02-23,smb,North America,32.2,10
4038,2023-01-26,midmarket,Europe,100.57,13
4039,2023-04-22,enterprise,APAC,325.97,3
4040,2023-02-24,midmarket,Europe,128.91,22
4041,2024-04-11,midmarket,North America,128.17,1
4042,2024-08-27,midmarket,Europe,106.54,-1
4043,2022-05-19,smb,North America,38.21,-1
4044,2023-06-12,midmarket,North America,119.43,1
4045,2022-01-18,enterprise,APAC,409.31,6
4046,2023-08-01,midmarket,Europe,107.15,-1
4047,2022-11-13,midmarket,North America,140.01,1
4048,2023-03-05,smb,North America,41.18,21
4049,2023-08-06,midmarket,Europe,114.73,5
4050,2023-02-18,enterprise,North America,397.89,-1
4051,2023-05-18,smb,North America,34.93,1
4052,2024-09-02,smb,Europe,25.59,1
4053,2024-10-30,smb,Europe,33.89,-1
4054,2022-01-08,smb,North America,44.29,31
4055,2023-04-28,smb,Europe,31.66,-1
4056,2024-12-16,smb,Europe,32.84,4
4057,2023-11-08,smb,North America,32.43,-1
4058,2022-09-19,enterprise,North America,382.25,-1
4059,2024-01-28,smb,North America,31.9,1
4060,2022-07-04,smb,North America,43.65,3
4061,2022-01-28,smb,APAC,28.29,-1
4062,2024-03-17,smb,Europe,26.83,-1
4063,2023-10-20,smb,Other,24.35,5
4064,2024-08-23,midmarket,North America,115.38,1
4065,2023-03-17,smb,Europe,32.72,5
4066,2024-12-26,midmarket,Europe,92.77,-1
4067,2023-06-22,smb,APAC,31.71,10
4068,2024-07-30,smb,APAC,30.92,10
4069,2022-05-08,midmarket,Europe,110.41,6
4070,2022-05-04,midmarket,Europe,133.03,-1
4071,2024-09-25,midmarket,Other,95.34,-1
4072,2024-11-30,smb,Other,28.02,-1
4073,2025-04-17,smb,Other,21.2,-1
4074,2023-02-19,smb,North America,41.64,1
4075,2022-01-29,midmarket,North America,141.56,2
4076,2025-06-04,smb,North America,28.16,-1
4077,2024-02-07,smb,Europe,33.35,14
4078,2022-11-12,enterprise,North America,404.91,-1
4079,2024-09-01,midmarket,North America,128.26,6
4080,2025-02-27,smb,Europe,30.16,-1
4081,2022-12-30,midmarket,North America,130.74,8
4082,2024-09-09,midmarket,Europe,87.76,-1
4083,2024-10-01,midmarket,North America,130.82,-1
4084,2023-10-03,enterprise,APAC,290.95,4
4085,2024-03-17,enterprise,North America,445.26,-1
4086,2022-12-10,midmarket,Europe,120.38,1
4087,2025-03-31,smb,Europe,25.17,-1
4088,2025-06-08,smb,North America,33.1,-1
4089,2025-06-05,midmarket,North America,127.59,-1
4090,2024-07-29,smb,APAC,30.61,9
4091,2022-02-24,smb,Europe,31.14,13
4092,2023-04-13,midmarket,North America,115.91,16
4093,2023-07-22,midmarket,Europe,98.66,1
4094,2025-05-09,midmarket,North America,121.36,-1
4095,2023-11-29,smb,Europe,28.27,1
4096,2023-11-16,smb,Europe,27.36,-1
4097,2022-07-07,midmarket,Europe,112.86,-1
4098,2024-10-09,smb,North America,38.95,1
4099,2023-03-06,smb,North America,35.5,-1
4100,2022-04-28,midmarket,North America,145.26,37
4101,2025-06-14,smb,North America,29.2,-1
4102,2022-08-31,smb,Europe,35.11,14
4103,2022-01-21,smb,Europe,35.85,5
4104,2022-04-10,smb,North America,44.51,1
4105,2023-08-01,smb,North America,39.13,-1
4106,2022-05-12,midmarket,Europe,104.4,1
4107,2024-12-11,midmarket,Europe,97.87,-1
4108,2023-10-16,smb,APAC,24.2,-1
4109,2023-02-18,midmarket,North America,119.69,20
4110,2022-01-05,smb,North America,45.94,-1
4111,2023-09-05,midmarket,North America,123.69,6
4112,2022-07-13,smb,Europe,37.79,8
4113,2025-06-01,smb,Europe,24.36,-1
4114,2023-01-07,midmarket,North America,145.28,1
4115,2023-08-29,smb,North America,41.04,11
4116,2022-01-24,midmarket,Europe,125.52,11
4117,2022-06-17,smb,North America,34.8,28
4118,2022-09-22,smb,Europe,37.52,2
4119,2022-03-07,smb,North America,44.67,31
4120,2024-07-15,smb,North America,31.6,1
4121,2025-04-21,smb,North America,37.42,1
4122,2025-06-11,smb,Other,26.92,-1
4123,2022-12-06,midmarket,North America,119.44,20
4124,2024-10-03,smb,North America,33.07,-1
4125,2023-10-06,smb,APAC,27.07,1
4126,2022-02-28,midmarket,North America,137.29,12
4127,2022-04-26,smb,North America,44.33,-1
4128,2023-11-30,midmarket,North America,138.02,-1
4129,2023-06-25,smb,Europe,29.13,-1
4130,2022-01-11,enterprise,North America,467.06,25
4131,2025-04-01,smb,APAC,26.13,-1
4132,2024-07-20,midmarket,Europe,101.96,2
4133,2023-10-04,smb,Europe,33.67,1
4134,2025-06-13,enterprise,North America,389.92,-1
4135,2025-05-24,smb,APAC,23.99,-1
4136,2025-05-27,smb,APAC,24.55,1
4137,2022-11-27,smb,APAC,33.56,3
4138,2025-01-29,midmarket,North America,109.21,-1
4139,2023-10-06,midmarket,Europe,106.63,-1
4140,2024-07-15,midmarket,Europe,118.18,-1
4141,2025-01-01,smb,Other,27.5,-1
4142,2022-07-28,midmarket,North America,142.22,8
4143,2023-07-26,smb,APAC,27.2,23
4144,2022-06-14,enterprise,Europe,405.93,1
4145,2022-12-23,smb,APAC,31.19,7
4146,2023-06-12,midmarket,Europe,107.71,12
4147,2024-12-27,smb,APAC,22.77,-1
4148,2025-01-05,midmarket,North America,110.62,-1
4149,2023-05-13,midmarket,North America,128.19,8
4150,2023-02-25,midmarket,North America,147.3,11
4151,2023-11-09,midmarket,APAC,103.74,-1
4152,2025-03-09,smb,North America,29.33,-1
4153,2025-05-31,smb,Europe,26.88,-1
4154,2022-10-17,smb,Other,28.71,14
4155,2022-08-26,smb,APAC,30.04,-1
4156,2024-06-20,smb,Europe,25.84,11
4157,2023-01-20,midmarket,APAC,115.38,-1
4158,2022-09-12,midmarket,North America,149.05,3
4159,2022-02-09,midmarket,Europe,134.63,20
4160,2023-05-30,midmarket,Europe,108.82,-1
4161,2023-05-15,smb,APAC,32.11,1
4162,2023-12-20,smb,North America,38.26,-1
4163,2022-09-13,smb,North America,38.91,7
4164,2024-06-30,smb,Europe,26.5,-1
4165,2024-05-17,midmarket,Europe,94.18,11
4166,2023-08-13,smb,APAC,26.5,8
4167,2022-08-20,midmarket,Europe,129.95,-1
4168,2023-10-09,midmarket,APAC,102.45,-1
4169,2024-05-11,midmarket,Europe,119.76,-1
4170,2023-04-21,midmarket,APAC,102.58,1
4171,2022-12-03,smb,Europe,29.09,-1
4172,2023-10-09,enterprise,North America,412.95,-1
4173,2023-03-30,midmarket,North America,114.1,-1
4174,2023-05-27,smb,APAC,32.7,-1
4175,2023-03-22,smb,North America,35.16,-1
4176,2023-01-23,smb,Europe,30.07,1
4177,2024-07-03,smb,North America,34.84,-1
4178,2023-08-11,smb,APAC,31.41,1
4179,2023-08-19,enterprise,North America,421.25,-1
4180,2024-04-13,midmarket,Europe,90.58,-1
4181,2023-04-07,enterprise,Europe,399.65,-1
4182,2022-05-09,midmarket,North America,116.53,5
4183,2024-12-23,smb,Europe,30.31,-1
4184,2022-03-13,smb,APAC,32.31,1
4185,2023-12-31,smb,Europe,28.57,1
4186,2022-12-06,smb,Other,27.8,-1
4187,2022-09-30,smb,APAC,25.85,-1
4188,2022-02-23,smb,Europe,32.58,38
4189,2025-02-22,smb,Europe,30.11,-1
4190,2023-07-02,smb,Other,25.53,-1
4191,2023-03-14,midmarket,Europe,97.06,-1
4192,2024-08-03,smb,North America,36.34,-1
4193,2022-02-19,midmarket,APAC,115.32,9
4194,2023-12-22,smb,Other,29.51,-1
4195,2023-09-24,midmarket,Europe,121.28,-1
4196,2023-12-08,smb,North America,35.97,-1
4197,2022-06-08,midmarket,Europe,113.99,6
4198,2025-04-30,midmarket,Europe,101.09,-1
4199,2022-11-01,smb,North America,41.78,1
4200,2024-05-15,midmarket,Europe,103.83,1
4201,2024-08-11,smb,Europe,34.49,-1
4202,2023-03-15,midmarket,North America,134.47,-1
4203,2022-06-16,midmarket,Europe,110.5,9
4204,2023-01-14,enterprise,North America,473.0,-1
4205,2024-10-26,smb,APAC,23.93,7
4206,2025-03-02,smb,North America,37.59,-1
4207,2025-04-10,midmarket,APAC,84.45,2
4208,2022-10-16,midmarket,North America,139.65,3
4209,2024-02-13,smb,Other,27.33,-1
4210,2022-07-12,smb,APAC,26.92,-1
4211,2024-06-25,midmarket,North America,127.61,-1
4212,2023-06-15,midmarket,Other,88.74,1
4213,2024-06-29,midmarket,Europe,100.34,-1
4214,2024-05-24,enterprise,Europe,306.46,1
4215,2025-06-20,smb,APAC,27.96,-1
4216,2023-09-16,smb,APAC,31.7,-1
4217,2023-03-12,smb,Europe,29.16,22
4218,2023-11-04,smb,Other,29.26,4
4219,2022-07-27,midmarket,North America,150.23,11
4220,2022-05-23,smb,North America,34.74,26
4221,2023-10-25,midmarket,North America,143.33,-1
4222,2024-11-19,midmarket,North America,99.18,-1
4223,2023-11-12,smb,Europe,34.7,1
4224,2024-09-24,enterprise,North America,399.4,1
4225,2022-08-16,smb,Europe,38.52,-1
4226,2023-07-28,smb,North America,35.14,-1
4227,2024-02-22,smb,North America,34.15,-1
4228,2023-03-20,smb,Europe,36.1,1
4229,2022-01-19,midmarket,North America,146.72,25
4230,2022-04-04,enterprise,Europe,406.4,17
4231,2025-03-29,smb,APAC,27.14,-1
4232,2024-02-12,smb,Europe,32.69,1
4233,2022-12-04,smb,APAC,25.85,1
4234,2022-11-27,midmarket,Other,86.17,1
4235,2022-02-20,midmarket,North America,124.23,-1
4236,2025-04-20,midmarket,Europe,88.99,-1
4237,2022-05-19,smb,North America,43.58,-1
4238,2024-08-27,smb,North America,33.44,1
4239,2022-11-03,smb,Europe,33.29,20
4240,2023-03-05,midmarket,Europe,98.47,-1
4241,2022-12-16,smb,APAC,33.24,-1
4242,2024-11-18,enterprise,Europe,288.06,-1
4243,2022-02-11,midmarket,APAC,94.07,-1
4244,2023-03-26,midmarket,Europe,122.81,-1
4245,2022-12-23,smb,North America,33.99,1
4246,2022-12-15,smb,North America,41.58,-1
4247,2022-09-04,midmarket,Europe,110.41,1
4248,2025-03-10,smb,Europe,31.3,1
4249,2023-04-29,smb,North America,32.43,-1
4250,2023-06-18,midmarket,North America,121.19,-1
4251,2023-05-07,midmarket,North America,127.16,4
4252,2025-06-04,smb,Europe,29.49,-1
4253,2023-03-09,smb,North America,41.47,-1
4254,2023-03-12,smb,North America,34.78,18
4255,2023-02-23,midmarket,North America,135.96,-1
4256,2023-02-22,smb,North America,33.9,-1
4257,2022-04-25,smb,Europe,37.58,1
4258,2024-02-11,midmarket,APAC,108.05,1
4259,2022-02-02,midmarket,North America,118.71,5
4260,2022-10-16,smb,Europe,29.33,28
4261,2022-09-15,midmarket,Europe,125.57,-1
4262,2023-01-07,smb,Europe,36.85,1
4263,2024-08-23,smb,North America,36.07,-1
4264,2024-02-04,midmarket,North America,120.76,4
4265,2025-06-18,smb,APAC,27.65,-1
4266,2023-03-25,smb,Other,26.17,-1
4267,2025-03-30,smb,North America,38.14,-1
4268,2022-02-27,smb,Europe,38.48,36
4269,2023-10-06,smb,North America,40.6,1
4270,2024-10-16,enterprise,North America,431.99,-1
4271,2023-11-10,smb,North America,40.89,1
4272,2025-04-05,smb,Europe,24.99,-1
4273,2023-02-06,smb,North America,42.49,22
4274,2022-02-12,smb,North America,37.04,-1
4275,2024-09-14,enterprise,North America,375.95,9
4276,2022-03-28,smb,North America,38.33,1
4277,2024-09-02,enterprise,North America,361.02,-1
4278,2024-07-24,midmarket,Europe,101.59,6
4279,2024-12-13,smb,Europe,29.43,-1
4280,2023-09-04,smb,Europe,28.44,-1
4281,2025-02-16,smb,Europe,27.84,-1
4282,2022-08-05,smb,APAC,29.1,1
4283,2023-07-09,midmarket,North America,133.25,13
4284,2022-06-05,smb,North America,40.28,-1
4285,2024-09-05,midmarket,APAC,98.13,-1
4286,2024-06-30,smb,Europe,32.93,11
4287,2024-10-25,smb,Europe,31.19,-1
4288,2024-09-02,midmarket,North America,108.62,-1
4289,2023-01-29,enterprise,North America,434.98,20
4290,2022-03-28,midmarket,North America,135.36,26
4291,2025-03-31,smb,APAC,22.69,1
4292,2023-09-21,smb,Europe,35.55,-1
4293,2022-05-01,enterprise,North America,396.22,-1
4294,2025-03-28,midmarket,North America,130.25,-1
4295,2025-06-22,midmarket,North America,96.32,-1
4296,2023-07-23,midmarket,North America,135.34,-1
4297,2024-09-09,smb,Europe,27.96,-1
4298,2022-02-16,smb,North America,44.93,10
4299,2022-04-30,enterprise,APAC,389.56,10
4300,2022-12-19,smb,Europe,28.5,1
4301,2024-04-17,midmarket,APAC,81.06,-1
4302,2022-06-20,midmarket,APAC,108.79,-1
4303,2022-02-13,smb,APAC,28.06,1
4304,2024-05-03,enterprise,Other,253.17,-1
4305,2024-09-09,smb,North America,39.17,-1
4306,2024-08-01,smb,North America,35.91,1
4307,2024-10-16,smb,North America,29.15,-1
4308,2024-10-21,midmarket,Europe,101.56,-1
4309,2024-02-08,smb,Europe,27.81,-1
4310,2023-10-25,midmarket,North America,136.14,3
4311,2024-12-29,smb,APAC,22.71,1
4312,2023-03-21,midmarket,APAC,97.16,-1
4313,2022-05-05,smb,Europe,31.66,-1
4314,2024-08-17,midmarket,North America,135.47,1
4315,2022-12-19,smb,North America,33.38,17
4316,2025-06-03,smb,Europe,30.3,-1
4317,2023-06-13,midmarket,North America,126.41,14
4318,2024-12-22,smb,Europe,32.18,5
4319,2022-02-24,enterprise,North America,418.64,1
4320,2024-04-21,smb,North America,39.03,1
4321,2023-07-26,midmarket,North America,143.72,1
4322,2023-08-14,midmarket,Europe,100.12,16
4323,2022-12-05,smb,North America,35.27,-1
4324,2025-05-24,smb,Other,27.68,-1
4325,2023-05-17,smb,North America,36.56,18
4326,2024-12-21,smb,APAC,29.11,-1
4327,2023-06-27,enterprise,North America,467.73,-1
4328,2022-03-03,enterprise,North America,429.92,1
4329,2025-01-27,smb,Other,22.45,1
4330,2022-08-25,smb,Europe,32.52,13
4331,2022-12-11,enterprise,Europe,390.31,-1
4332,2025-01-03,midmarket,Europe,100.11,1
4333,2025-02-14,smb,North America,35.8,-1
4334,2025-03-15,smb,APAC,26.39,-1
4335,2023-06-28,smb,North America,40.52,3
4336,2024-08-23,midmarket,APAC,81.65,10
4337,2023-02-23,smb,Other,27.47,1
4338,2024-08-02,smb,APAC,23.1,1
4339,2023-10-04,midmarket,Europe,96.11,-1
4340,2022-03-08,enterprise,Europe,376.3,9
4341,2023-06-18,enterprise,Europe,413.26,-1
4342,2023-08-20,smb,North America,35.42,17
4343,2022-11-25,midmarket,APAC,96.05,-1
4344,2023-04-23,smb,Europe,34.26,-1
4345,2023-10-04,smb,North America,38.6,-1
4346,2022-03-05,midmarket,APAC,106.41,12
4347,2022-07-13,smb,North America,36.66,-1
4348,2024-09-05,smb,APAC,25.28,5
4349,2023-03-26,enterprise,APAC,305.12,1
4350,2024-02-16,smb,North America,34.17,-1
4351,2023-12-23,smb,North America,32.42,-1
4352,2023-12-05,midmarket,Europe,111.95,4
4353,2023-06-12,smb,North America,41.51,-1
4354,2023-09-09,smb,Other,25.03,-1
4355,2024-11-17,midmarket,North America,107.49,-1
4356,2025-05-16,smb,North America,36.8,1
4357,2022-11-24,smb,North America,39.19,8
4358,2024-05-04,smb,APAC,29.35,-1
4359,2025-05-22,enterprise,Europe,364.8,1
4360,2022-01-10,midmarket,APAC,113.35,16
4361,2024-09-28,midmarket,Other,93.37,-1
4362,2023-09-26,smb,Europe,30.71,-1
4363,2025-05-19,smb,North America,37.19,-1
4364,2024-01-08,smb,North America,38.01,-1
4365,2024-12-05,midmarket,APAC,79.02,-1
4366,2022-07-31,smb,North America,40.26,1
4367,2022-07-01,smb,APAC,26.91,15
4368,2025-03-28,smb,APAC,26.19,-1
4369,2023-11-03,smb,Europe,27.59,9
4370,2023-12-14,smb,Europe,32.51,1
4371,2022-08-05,enterprise,Other,324.78,-1
4372,2022-10-17,smb,APAC,30.68,-1
4373,2024-11-10,smb,Europe,30.87,-1
4374,2023-01-23,smb,North America,35.19,15
4375,2024-01-16,midmarket,Europe,101.02,-1
4376,2023-02-08,smb,North America,37.65,-1
4377,2022-12-03,midmarket,Other,98.78,-1
4378,2022-07-31,midmarket,Europe,131.53,7
4379,2025-04-01,midmarket,APAC,84.75,-1
4380,2025-04-14,smb,North America,33.96,-1
4381,2022-05-27,midmarket,APAC,119.46,12
4382,2023-03-27,smb,North America,40.13,-1
4383,2023-12-21,smb,Europe,29.7,9
4384,2023-05-05,smb,North America,36.34,-1
4385,2024-07-09,smb,APAC,30.26,-1
4386,2022-11-29,smb,Europe,32.77,-1
4387,2022-03-17,smb,Europe,32.1,3
4388,2023-03-06,midmarket,North America,130.04,-1
4389,2024-02-02,enterprise,North America,368.92,-1
4390,2022-08-19,smb,North America,39.92,12
4391,2024-11-07,smb,North America,38.99,6
4392,2022-01-16,smb,Europe,39.93,1
4393,2022-03-28,midmarket,Europe,122.96,-1
4394,2023-10-12,smb,North America,40.59,1
4395,2023-10-16,smb,Europe,34.62,-1
4396,2023-01-12,smb,North America,43.18,-1
4397,2022-11-26,smb,North America,42.7,24
4398,2022-03-31,smb,APAC,34.96,-1
4399,2024-04-25,smb,North America,32.41,12
4400,2023-04-29,smb,Europe,29.25,1
4401,2022-06-01,smb,APAC,26.57,-1
4402,2023-05-26,smb,APAC,30.59,10
4403,2025-04-10,smb,Europe,32.48,-1
4404,2022-11-30,smb,Europe,38.34,7
4405,2025-02-15,smb,APAC,28.92,-1
4406,2022-11-27,smb,APAC,33.04,18
4407,2022-08-26,midmarket,North America,134.33,-1
4408,2022-11-29,smb,Europe,32.91,1
4409,2023-02-17,smb,APAC,30.87,3
4410,2022-06-03,midmarket,APAC,90.42,5
4411,2024-01-20,midmarket,North America,133.66,-1
4412,2023-03-02,midmarket,North America,135.25,-1
4413,2024-07-05,smb,Europe,27.2,-1
4414,2023-09-19,smb,North America,38.05,5
4415,2023-07-19,smb,Europe,33.07,-1
4416,2023-08-24,midmarket,Europe,119.02,16
4417,2022-07-19,smb,North America,43.11,11
4418,2024-06-28,smb,North America,32.32,-1
4419,2022-05-13,smb,APAC,33.84,30
4420,2024-07-09,enterprise,APAC,280.89,1
4421,2025-06-29,enterprise,APAC,283.07,-1
4422,2024-09-01,smb,APAC,26.82,-1
4423,2023-08-05,midmarket,Other,101.64,10
4424,2023-02-06,smb,Europe,36.88,1
4425,2025-01-18,smb,North America,28.74,-1
4426,2022-11-25,midmarket,APAC,110.38,-1
4427,2023-09-08,midmarket,Europe,121.34,-1
4428,2024-09-10,smb,North America,39.03,-1
4429,2025-03-22,smb,Other,22.86,-1
4430,2025-03-21,smb,North America,29.98,2
4431,2022-04-22,midmarket,APAC,106.48,8
4432,2025-02-20,smb,Europe,32.56,-1
4433,2022-05-26,smb,North America,37.33,-1
4434,2024-01-16,smb,APAC,28.08,-1
4435,2025-04-01,smb,APAC,29.72,-1
4436,2024-04-15,midmarket,Europe,103.76,2
4437,2025-04-24,smb,Europe,29.85,-1
4438,2023-03-16,smb,North America,43.27,-1
4439,2023-02-06,midmarket,North America,124.61,13
4440,2023-02-21,smb,North America,35.27,15
4441,2023-03-30,smb,North America,35.21,4
4442,2024-05-21,smb,North America,36.32,-1
4443,2023-08-01,midmarket,Europe,98.46,17
4444,2024-07-29,smb,North America,31.22,-1
4445,2023-06-16,midmarket,Europe,102.69,12
4446,2023-01-28,smb,North America,38.5,-1
4447,2022-08-31,smb,North America,42.98,13
4448,2023-12-05,midmarket,Other,92.05,1
4449,2025-02-20,midmarket,Other,91.88,1
4450,2025-01-01,smb,APAC,29.91,-1
4451,2022-11-20,midmarket,North America,141.16,15
4452,2023-09-02,smb,Europe,33.15,1
4453,2024-06-18,smb,North America,29.75,-1
4454,2024-02-21,smb,Europe,30.51,-1
4455,2022-03-27,midmarket,APAC,99.56,2
4456,2024-01-25,midmarket,North America,123.28,-1
4457,2022-02-19,midmarket,APAC,122.05,40
4458,2022-05-29,smb,Europe,32.51,22
4459,2024-04-14,smb,North America,31.68,1
4460,2022-05-11,smb,North America,43.38,33
4461,2023-03-09,enterprise,APAC,386.48,1
4462,2024-01-21,midmarket,Europe,115.77,-1
4463,2024-04-16,midmarket,North America,107.8,1
4464,2023-07-23,smb,North America,37.49,-1
4465,2022-04-30,midmarket,Other,97.74,1
4466,2024-10-16,midmarket,North America,121.82,-1
4467,2025-04-27,smb,Other,25.67,-1
4468,2025-02-08,smb,Europe,31.74,-1
4469,2024-08-13,midmarket,North America,109.16,8
4470,2023-05-29,smb,North America,42.5,-1
4471,2025-01-23,enterprise,APAC,274.87,-1
4472,2023-09-15,enterprise,North America,370.71,-1
4473,2022-06-24,enterprise,North America,493.8,1
4474,2024-12-21,midmarket,North America,114.59,4
4475,2023-02-13,smb,APAC,29.54,2
4476,2025-04-12,smb,Europe,27.18,1
4477,2023-04-16,smb,Europe,28.16,-1
4478,2025-01-14,midmarket,North America,104.64,-1
4479,2023-11-17,smb,Europe,33.94,1
4480,2023-08-20,smb,APAC,26.38,13
4481,2023-01-14,midmarket,North America,149.68,-1
4482,2024-12-02,smb,Other,27.12,-1
4483,2022-03-19,smb,APAC,34.48,-1
4484,2023-08-22,smb,North America,40.86,1
4485,2023-04-16,midmarket,APAC,107.18,23
4486,2023-11-25,smb,Europe,31.15,-1
4487,2022-11-21,smb,Europe,37.57,-1
4488,2024-04-28,smb,North America,34.49,8
4489,2023-05-08,smb,APAC,25.65,9
4490,2022-08-29,midmarket,Europe,119.51,6
4491,2022-09-09,smb,APAC,26.75,28
4492,2024-06-07,smb,North America,36.53,-1
4493,2022-12-01,smb,North America,43.93,1
4494,2023-01-28,enterprise,Other,338.19,29
4495,2024-03-10,midmarket,Europe,96.52,-1
4496,2023-02-25,enterprise,North America,385.59,-1
4497,2023-05-11,midmarket,APAC,95.77,9
4498,2022-11-08,smb,North America,34.32,1
4499,2023-03-17,midmarket,APAC,103.18,3
4500,2024-06-02,smb,APAC,29.63,-1
4501,2023-11-13,smb,North America,37.91,1
4502,2025-06-26,smb,Europe,29.42,-1
4503,2024-09-11,midmarket,Other,85.36,1
4504,2022-01-22,smb,Other,26.83,8
4505,2023-04-29,smb,Europe,33.94,-1
4506,2023-01-05,smb,Europe,32.27,15
4507,2024-01-20,midmarket,Europe,100.57,1
4508,2022-12-05,smb,North America,40.05,7
4509,2025-05-17,enterprise,Europe,314.76,-1
4510,2023-01-18,smb,North America,34.25,1
4511,2023-10-29,midmarket,North America,124.1,1
4512,2022-06-06,midmarket,North America,126.31,-1
4513,2025-03-06,smb,APAC,27.84,-1
4514,2025-03-09,midmarket,North America,98.48,1
4515,2024-10-09,smb,North America,37.78,-1
4516,2023-03-25,smb,North America,37.23,4
4517,2022-03-16,midmarket,North America,116.88,22
4518,2024-06-26,midmarket,Other,78.71,-1
4519,2023-07-02,midmarket,North America,143.53,13
4520,2025-06-17,smb,North America,33.05,-1
4521,2024-06-10,smb,Other,27.87,-1
4522,2023-11-19,enterprise,North America,461.11,3
4523,2025-06-13,smb,Europe,26.89,-1
4524,2024-10-18,enterprise,APAC,309.85,-1
4525,2023-08-08,smb,APAC,30.05,8
4526,2022-01-25,smb,North America,44.37,1
4527,2022-04-29,enterprise,Europe,385.04,12
4528,2023-07-21,smb,Europe,36.46,18
4529,2023-12-19,midmarket,Europe,110.8,-1
4530,2022-02-08,smb,North America,44.56,18
4531,2022-06-11,smb,APAC,26.93,7
4532,2024-06-17,smb,Europe,30.01,1
4533,2024-08-16,smb,Europe,27.14,7
4534,2022-02-08,smb,Other,33.27,-1
4535,2023-10-10,midmarket,APAC,89.85,-1
4536,2022-04-14,smb,APAC,33.05,1
4537,2024-07-12,midmarket,North America,103.42,-1
4538,2024-11-30,smb,North America,30.93,-1
4539,2025-01-14,enterprise,Europe,315.95,-1
4540,2024-02-03,smb,North America,38.65,1
4541,2024-03-13,smb,Europe,28.53,9
4542,2025-03-28,midmarket,Europe,108.52,-1
4543,2024-02-21,smb,Europe,33.67,3
4544,2023-07-24,smb,North America,42.38,-1
4545,2024-08-20,midmarket,APAC,97.58,1
4546,2024-01-24,smb,Europe,32.43,7
4547,2024-12-10,smb,Europe,30.28,1
4548,2023-11-01,smb,Europe,27.79,-1
4549,2025-01-13,midmarket,North America,115.69,-1
4550,2022-02-27,smb,Europe,38.51,4
4551,2022-02-16,midmarket,North America,117.62,1
4552,2022-05-07,smb,Europe,30.51,7
4553,2023-12-11,midmarket,North America,127.18,11
4554,2024-06-23,midmarket,North America,132.11,1
4555,2022-10-03,enterprise,North America,415.53,4
4556,2022-07-18,midmarket,North America,149.16,34
4557,2025-01-02,smb,APAC,25.02,1
4558,2024-08-15,smb,APAC,26.74,1
4559,2024-04-07,smb,North America,40.06,-1
4560,2023-09-16,smb,North America,35.66,-1
4561,2023-06-21,midmarket,APAC,102.56,-1
4562,2022-01-27,enterprise,North America,520.09,1
4563,2022-08-29,smb,Europe,31.48,1
4564,2025-02-18,smb,North America,29.33,-1
4565,2023-03-09,smb,Europe,37.25,-1
4566,2024-06-17,midmarket,Other,90.03,-1
4567,2024-06-17,smb,North America,39.78,-1
4568,2023-01-30,enterprise,Other,356.65,-1
4569,2022-09-18,smb,APAC,31.21,12
4570,2024-06-01,midmarket,Other,87.68,-1
4571,2022-04-30,smb,APAC,30.88,6
4572,2023-09-24,midmarket,APAC,88.27,11
4573,2025-02-07,smb,Europe,28.66,-1
4574,2024-06-26,enterprise,APAC,342.28,7
4575,2024-09-02,smb,North America,39.38,1
4576,2022-04-17,midmarket,Europe,134.69,-1
4577,2022-09-12,smb,Europe,38.39,5
4578,2022-12-18,midmarket,North America,112.13,1
4579,2023-01-08,enterprise,North America,436.76,-1
4580,2022-09-05,smb,North America,35.29,1
4581,2025-05-25,enterprise,North America,388.66,-1
4582,2022-07-30,midmarket,North America,152.16,1
4583,2024-06-22,smb,North America,38.84,-1
4584,2024-01-19,smb,North America,39.76,15
4585,2024-02-19,smb,Europe,29.74,-1
4586,2022-10-01,midmarket,North America,132.35,21
4587,2023-01-28,smb,North America,35.55,1
4588,2024-02-13,smb,North America,36.21,-1
4589,2023-01-17,midmarket,North America,122.72,7
4590,2024-06-04,smb,North America,38.13,-1
4591,2022-02-20,enterprise,Other,334.83,33
4592,2022-04-03,smb,North America,42.08,-1
4593,2024-07-18,smb,North America,38.6,-1
4594,2024-02-26,smb,Europe,29.13,1
4595,2022-02-25,smb,APAC,32.5,-1
4596,2025-02-21,midmarket,Europe,109.99,-1
4597,2022-01-07,midmarket,North America,156.66,-1
4598,2025-05-04,smb,Europe,25.69,-1
4599,2024-07-19,smb,Europe,31.83,-1
4600,2025-06-14,smb,North America,32.05,-1
4601,2025-04-25,midmarket,Other,78.38,-1
4602,2023-02-04,smb,Other,25.1,-1
4603,2024-08-23,midmarket,Europe,105.59,-1
4604,2022-09-27,midmarket,North America,126.32,13
4605,2023-08-25,smb,Europe,33.56,-1
4606,2022-11-03,smb,Other,26.52,4
4607,2023-09-13,smb,APAC,24.33,4
4608,2025-01-18,smb,North America,36.3,3
4609,2023-07-11,midmarket,North America,113.75,5
4610,2022-04-28,smb,North America,36.75,1
4611,2023-02-19,smb,APAC,27.27,12
4612,2024-09-30,smb,Europe,28.45,9
4613,2023-10-28,midmarket,North America,124.17,11
4614,2023-12-16,enterprise,North America,450.08,3
4615,2023-07-05,midmarket,North America,132.32,6
4616,2023-01-09,enterprise,APAC,304.07,1
4617,2024-02-03,enterprise,North America,368.64,-1
4618,2024-03-18,smb,North America,39.14,-1
4619,2025-02-20,smb,Europe,26.88,-1
4620,2024-02-28,midmarket,Europe,97.28,-1
4621,2025-06-23,smb,Europe,24.19,-1
4622,2024-11-20,smb,APAC,28.78,3
4623,2022-04-11,smb,North America,42.54,-1
4624,2023-05-16,smb,North America,35.59,18
4625,2023-05-06,smb,North America,31.79,-1
4626,2022-01-04,midmarket,Europe,130.28,1
4627,2022-08-19,midmarket,Other,86.86,3
4628,2024-08-30,smb,North America,34.12,-1
4629,2023-03-26,smb,APAC,32.49,-1
4630,2022-07-08,smb,Europe,31.43,4
4631,2023-01-02,smb,Other,27.1,-1
4632,2022-12-17,midmarket,Europe,119.45,27
4633,2022-08-11,midmarket,North America,140.51,4
4634,2022-05-10,smb,APAC,30.58,-1
4635,2024-09-01,enterprise,APAC,301.09,-1
4636,2024-11-18,smb,Europe,28.83,-1
4637,2023-09-26,smb,APAC,28.49,1
4638,2024-02-25,smb,North America,34.0,-1
4639,2025-03-18,midmarket,Europe,91.86,-1
4640,2024-12-11,smb,North America,31.93,-1
4641,2022-02-11,midmarket,North America,136.45,14
4642,2025-04-30,smb,North America,31.89,-1
4643,2022-03-27,midmarket,North America,140.24,-1
4644,2022-02-03,smb,North America,41.64,30
4645,2023-05-30,smb,Europe,37.26,10
4646,2024-08-09,midmarket,APAC,95.86,-1
4647,2022-04-13,smb,North America,42.49,1
4648,2023-01-09,midmarket,North America,114.68,-1
4649,2022-12-02,smb,North America,41.21,16
4650,2023-05-23,smb,North America,37.4,7
4651,2025-06-12,smb,North America,36.28,-1
4652,2023-02-27,midmarket,Europe,128.79,-1
4653,2022-09-24,smb,APAC,27.89,-1
4654,2022-06-06,smb,Europe,38.6,1
4655,2022-09-10,smb,Europe,35.45,-1
4656,2022-06-19,midmarket,Europe,125.66,22
4657,2024-01-02,enterprise,North America,406.01,-1
4658,2023-06-21,smb,North America,35.5,7
4659,2023-09-28,midmarket,North America,136.63,-1
4660,2024-11-27,midmarket,North America,99.79,-1
4661,2024-01-11,smb,APAC,28.38,1
4662,2022-07-17,midmarket,Europe,101.78,-1
4663,2023-04-26,smb,Europe,30.19,-1
4664,2023-02-03,enterprise,North America,461.82,-1
4665,2024-11-20,smb,North America,36.57,6
4666,2023-01-27,smb,Other,31.39,1
4667,2022-06-26,smb,North America,41.87,1
4668,2024-07-28,smb,Europe,31.77,11
4669,2023-07-01,smb,North America,41.86,-1
4670,2022-05-03,midmarket,North America,136.99,6
4671,2024-05-30,smb,North America,36.7,1
4672,2022-09-26,smb,APAC,33.7,6
4673,2025-01-12,smb,North America,36.27,-1
4674,2024-11-28,midmarket,Europe,109.5,-1
4675,2023-04-17,midmarket,North America,129.93,-1
4676,2023-12-10,smb,Europe,31.57,-1
4677,2023-12-26,smb,Europe,32.71,-1
4678,2024-04-13,midmarket,Europe,111.48,9
4679,2022-03-30,midmarket,North America,138.63,-1
4680,2023-02-19,smb,North America,34.28,-1
4681,2022-08-06,enterprise,APAC,322.15,1
4682,2024-06-09,smb,Europe,30.28,2
4683,2022-03-30,midmarket,North America,124.6,-1
4684,2023-10-22,midmarket,North America,121.85,-1
4685,2024-07-17,enterprise,North America,354.75,-1
4686,2025-04-25,smb,Europe,25.69,-1
4687,2023-01-03,smb,North America,41.95,-1
4688,2022-01-11,enterprise,North America,465.83,11
4689,2024-07-12,midmarket,North America,129.04,2
4690,2022-01-02,midmarket,Europe,102.42,23
4691,2022-03-26,midmarket,APAC,100.13,-1
4692,2025-06-17,smb,Europe,24.31,-1
4693,2025-01-05,enterprise,Europe,284.24,-1
4694,2024-06-21,smb,APAC,23.48,-1
4695,2024-12-02,midmarket,North America,116.61,-1
4696,2022-04-07,smb,Europe,30.28,4
4697,2022-04-24,midmarket,North America,148.29,7
4698,2023-01-19,midmarket,North America,131.04,4
4699,2022-01-31,midmarket,Europe,110.83,1
4700,2025-02-07,enterprise,North America,420.8,-1
4701,2022-03-13,midmarket,Europe,119.24,-1
4702,2023-11-26,smb,Europe,30.06,-1
4703,2024-12-25,midmarket,North America,118.22,-1
4704,2024-07-26,midmarket,North America,125.19,11
4705,2022-10-27,midmarket,Europe,117.08,-1
4706,2023-08-24,smb,Europe,36.1,-1
4707,2023-12-01,smb,APAC,26.94,11
4708,2024-09-06,smb,North America,33.42,-1
4709,2023-06-28,smb,APAC,32.17,24
4710,2022-12-30,smb,North America,39.8,-1
4711,2024-10-12,midmarket,North America,133.51,-1
4712,2025-02-05,smb,Europe,31.61,-1
4713,2023-09-16,smb,North America,36.7,-1
4714,2022-02-05,enterprise,North America,476.4,26
4715,2023-10-01,smb,North America,35.35,-1
4716,2025-02-08,midmarket,APAC,79.67,1
4717,2025-06-16,enterprise,APAC,284.2,-1
4718,2023-05-27,smb,Other,25.76,8
4719,2022-07-11,enterprise,North America,471.25,29
4720,2024-01-01,smb,Europe,32.73,1
4721,2024-11-25,smb,APAC,30.08,-1
4722,2025-04-20,smb,North America,28.88,-1
4723,2022-03-08,midmarket,North America,135.4,17
4724,2023-01-06,smb,North America,36.88,17
4725,2023-09-02,smb,Europe,32.05,-1
4726,2022-05-06,midmarket,Europe,104.36,1
4727,2025-02-04,midmarket,North America,114.3,-1
4728,2022-05-24,smb,North America,41.37,7
4729,2024-04-28,smb,Europe,28.96,6
4730,2025-03-18,midmarket,Europe,103.57,-1
4731,2024-05-24,midmarket,North America,111.83,-1
4732,2024-08-31,smb,North America,33.18,5
4733,2022-12-02,midmarket,Other,108.69,-1
4734,2024-11-21,enterprise,Europe,289.56,-1
4735,2023-06-19,smb,Europe,30.07,1
4736,2022-03-20,enterprise,Europe,448.14,-1
4737,2023-04-13,midmarket,Other,84.93,23
4738,2023-03-23,smb,North America,36.51,10
4739,2023-10-28,smb,North America,35.87,-1
4740,2022-12-04,smb,North America,39.97,28
4741,2023-08-13,midmarket,APAC,101.9,-1
4742,2023-07-01,smb,North America,38.33,4
4743,2023-02-22,smb,North America,42.85,18
4744,2024-06-07,smb,North America,33.78,1
4745,2023-01-25,smb,Europe,32.97,1
4746,2024-09-04,smb,Europe,34.02,-1
4747,2022-11-17,smb,North America,34.12,-1
4748,2025-01-08,smb,North America,38.13,-1
4749,2023-04-11,midmarket,APAC,114.1,-1
4750,2022-02-21,smb,North America,45.52,1
4751,2022-07-11,smb,Europe,29.62,9
4752,2024-10-25,midmarket,North America,119.85,-1
4753,2025-01-17,enterprise,APAC,331.1,-1
4754,2022-09-28,smb,North America,36.61,19
4755,2024-02-08,midmarket,Europe,109.14,-1
4756,2024-01-03,smb,North America,33.21,9
4757,2022-06-20,smb,North America,34.96,-1
4758,2023-07-31,enterprise,Europe,405.78,1
4759,2024-06-04,midmarket,Europe,119.07,1
4760,2025-05-19,smb,APAC,22.4,-1
4761,2024-12-17,enterprise,Europe,297.68,-1
4762,2022-05-05,smb,Europe,35.27,11
4763,2022-10-31,midmarket,APAC,90.69,7
4764,2023-07-12,smb,North America,38.38,5
4765,2022-07-12,smb,APAC,32.65,18
4766,2023-12-30,midmarket,North America,120.29,1
4767,2022-01-11,smb,North America,43.34,1
4768,2022-05-25,smb,APAC,27.34,14
4769,2022-03-02,enterprise,North America,428.61,-1
4770,2023-01-13,midmarket,North America,142.45,-1
4771,2024-08-30,smb,North America,30.27,-1
4772,2022-08-15,smb,Europe,31.69,9
4773,2025-06-13,smb,Europe,29.46,-1
4774,2022-12-10,smb,North America,35.32,9
4775,2022-02-27,midmarket,North America,136.58,36
4776,2023-03-05,midmarket,North America,142.21,1
4777,2024-08-12,smb,North America,32.15,-1
4778,2022-05-17,smb,North America,38.75,1
4779,2022-04-02,smb,North America,33.96,-1
4780,2024-12-19,midmarket,APAC,96.34,-1
4781,2024-01-26,smb,Europe,29.8,-1
4782,2023-03-14,smb,North America,41.74,12
4783,2024-08-22,midmarket,North America,103.78,-1
4784,2024-12-13,smb,North America,36.65,-1
4785,2023-04-04,smb,North America,41.01,-1
4786,2023-12-18,midmarket,North America,133.68,12
4787,2022-01-14,midmarket,APAC,115.59,7
4788,2023-01-26,midmarket,Europe,104.48,1
4789,2024-01-30,smb,Europe,30.37,-1
4790,2022-09-09,midmarket,North America,128.39,26
4791,2025-06-18,midmarket,Europe,89.88,-1
4792,2025-05-24,enterprise,Other,276.97,-1
4793,2022-11-25,enterprise,North America,464.93,1
4794,2023-05-21,midmarket,APAC,99.44,1
4795,2022-08-30,smb,North America,44.5,18
4796,2023-10-06,enterprise,Europe,384.14,-1
4797,2022-06-08,midmarket,North America,132.52,1
4798,2023-05-14,enterprise,Europe,359.99,-1
4799,2023-12-10,midmarket,North America,126.55,1
4800,2024-02-20,enterprise,Europe,346.92,-1
4801,2024-02-01,smb,Europe,28.4,1
4802,2022-10-10,smb,Europe,33.77,-1
4803,2024-10-07,smb,Europe,31.25,1
4804,2024-06-01,midmarket,North America,114.58,1
4805,2024-08-18,smb,Europe,28.08,-1
4806,2023-08-20,smb,North America,33.63,15
4807,2025-02-12,enterprise,Europe,318.5,1
4808,2023-05-13,midmarket,North America,118.07,1
4809,2024-10-25,smb,Europe,32.05,-1
4810,2022-09-17,midmarket,North America,138.47,12
4811,2022-11-12,midmarket,Other,91.1,6
4812,2023-11-04,smb,Europe,36.11,1
4813,2023-12-11,enterprise,North America,429.49,-1
4814,2024-08-10,smb,Europe,26.81,-1
4815,2023-01-15,midmarket,North America,143.29,-1
4816,2025-01-18,enterprise,North America,413.33,1
4817,2023-02-25,enterprise,North America,432.6,16
4818,2023-11-13,midmarket,APAC,89.34,-1
4819,2025-04-04,smb,Other,26.71,-1
4820,2023-11-20,smb,APAC,25.13,19
4821,2024-05-20,smb,North America,34.22,-1
4822,2025-03-05,smb,North America,36.4,-1
4823,2025-05-28,midmarket,APAC,96.18,-1
4824,2023-09-30,midmarket,North America,130.23,-1
4825,2023-06-16,enterprise,Europe,314.37,-1
4826,2022-09-09,smb,Other,27.22,9
4827,2023-11-17,smb,North America,40.03,-1
4828,2025-03-17,smb,North America,35.45,-1
4829,2023-09-14,smb,APAC,31.28,-1
4830,2023-03-21,smb,Europe,28.46,1
4831,2022-05-17,midmarket,Other,113.37,-1
4832,2023-05-13,smb,Europe,29.8,24
4833,2022-10-30,smb,North America,36.65,5
4834,2025-05-31,smb,APAC,28.35,-1
4835,2023-11-05,enterprise,APAC,314.59,1
4836,2022-06-24,midmarket,Other,103.94,21
4837,2022-03-27,smb,Europe,35.22,22
4838,2024-12-21,smb,Europe,32.61,-1
4839,2025-04-03,smb,North America,29.65,1
4840,2024-08-31,smb,North America,30.36,-1
4841,2022-06-08,midmarket,Other,103.62,2
4842,2022-05-06,midmarket,Other,110.48,25
4843,2022-09-10,smb,Europe,38.0,-1
4844,2024-08-16,midmarket,Other,84.88,-1
4845,2024-09-03,smb,North America,36.77,-1
4846,2024-12-05,smb,APAC,25.58,-1
4847,2022-05-04,midmarket,Europe,111.4,21
4848,2022-07-15,midmarket,Europe,100.04,19
4849,2025-02-22,enterprise,Europe,307.27,1
4850,2025-03-31,midmarket,Europe,89.29,-1
4851,2024-07-14,smb,APAC,25.28,3
4852,2022-05-16,midmarket,North America,126.88,-1
4853,2022-03-29,midmarket,APAC,118.53,1
4854,2022-03-12,midmarket,North America,124.57,22
4855,2024-06-01,enterprise,North America,437.06,-1
4856,2024-12-15,smb,Europe,32.55,1
4857,2024-03-16,smb,APAC,27.44,1
4858,2022-12-01,smb,APAC,31.93,17
4859,2024-08-24,smb,North America,32.65,-1
4860,2022-03-17,midmarket,North America,116.95,11
4861,2024-11-22,smb,Europe,31.4,-1
4862,2025-02-12,enterprise,APAC,308.49,-1
4863,2024-07-05,smb,Other,25.36,3
4864,2025-01-26,enterprise,APAC,336.55,-1
4865,2024-01-18,midmarket,Europe,114.08,15
4866,2023-08-21,enterprise,APAC,321.31,-1
4867,2023-02-16,smb,North America,32.78,4
4868,2025-03-22,midmarket,APAC,99.25,-1
4869,2024-06-08,smb,Europe,34.76,-1
4870,2022-09-01,enterprise,North America,461.02,1
4871,2025-05-06,smb,Europe,30.88,-1
4872,2022-03-17,smb,APAC,31.27,32
4873,2024-01-20,midmarket,North America,113.12,-1
4874,2022-09-01,midmarket,North America,149.37,20
4875,2024-04-27,midmarket,Europe,111.09,11
4876,2023-06-11,smb,Other,27.83,1
4877,2023-07-12,smb,Europe,33.87,1
4878,2024-05-06,midmarket,North America,120.72,8
4879,2024-08-22,midmarket,Europe,89.31,1
4880,2023-04-30,midmarket,North America,134.7,24
4881,2025-06-27,midmarket,North America,95.43,-1
4882,2023-09-29,smb,North America,33.49,1
4883,2022-07-24,midmarket,Europe,104.66,1
4884,2022-01-09,midmarket,North America,131.38,24
4885,2022-09-16,smb,North America,43.52,14
4886,2024-05-31,smb,North America,30.66,2
4887,2023-11-20,smb,Europe,30.12,8
4888,2023-03-08,enterprise,North America,464.0,1
4889,2023-09-07,smb,North America,40.54,-1
4890,2024-12-05,smb,Europe,31.47,4
4891,2023-12-31,smb,APAC,32.11,-1
4892,2022-03-16,enterprise,APAC,377.67,1
4893,2022-03-04,smb,Europe,37.23,-1
4894,2023-09-08,smb,Europe,31.05,-1
4895,2023-05-31,smb,APAC,27.46,-1
4896,2024-12-21,smb,Europe,29.05,1
4897,2024-01-14,smb,Europe,33.65,16
4898,2024-08-23,smb,North America,36.09,4
4899,2024-01-17,smb,North America,38.74,-1
4900,2023-03-17,midmarket,North America,134.09,1
4901,2024-04-18,midmarket,North America,129.38,-1
4902,2024-03-03,smb,Other,23.5,-1
4903,2024-07-07,smb,North America,32.88,-1
4904,2022-08-30,smb,Europe,34.5,7
4905,2024-03-29,smb,Other,22.4,-1
4906,2022-12-31,smb,Europe,37.35,6
4907,2024-10-05,smb,North America,31.49,-1
4908,2024-10-15,midmarket,Other,75.89,-1
4909,2024-03-08,smb,North America,37.2,-1
4910,2025-04-22,midmarket,North America,102.92,-1
4911,2023-11-17,smb,North America,36.86,-1
4912,2022-02-02,smb,North America,37.05,20
4913,2024-02-13,midmarket,APAC,86.04,-1
4914,2024-09-19,midmarket,North America,126.06,1
4915,2022-05-10,midmarket,APAC,102.47,1
4916,2022-05-14,smb,North America,40.39,-1
4917,2022-12-15,midmarket,APAC,93.82,-1
4918,2024-12-13,midmarket,North America,117.68,3
4919,2023-11-04,smb,Other,26.12,-1
4920,2025-05-30,midmarket,North America,97.53,-1
4921,2025-01-18,smb,APAC,28.09,-1
4922,2023-12-09,smb,APAC,28.62,-1
4923,2024-05-16,enterprise,Europe,393.37,-1
4924,2023-02-27,enterprise,North America,472.56,1
4925,2022-04-26,smb,Europe,35.26,10
4926,2023-05-24,smb,Europe,27.99,-1
4927,2024-01-26,enterprise,Europe,382.9,-1
4928,2022-08-21,smb,Europe,34.38,14
4929,2022-10-10,smb,Other,31.39,7
4930,2022-01-20,enterprise,Other,347.93,-1
4931,2024-07-25,smb,Europe,25.68,11
4932,2025-02-21,smb,North America,36.58,-1
4933,2024-11-21,midmarket,North America,126.95,-1
4934,2023-04-30,smb,Europe,28.68,19
4935,2024-01-28,midmarket,Other,95.79,2
4936,2025-05-10,midmarket,North America,113.58,1
4937,2024-01-25,midmarket,North America,126.13,10
4938,2023-01-13,smb,North America,42.48,1
4939,2023-03-09,smb,North America,34.84,19
4940,2024-07-16,smb,Other,21.91,-1
4941,2023-07-24,midmarket,Europe,100.47,-1
4942,2024-12-04,smb,North America,38.0,1
4943,2025-01-07,smb,North America,30.7,-1
4944,2022-02-15,midmarket,North America,144.56,17
4945,2024-07-11,enterprise,Europe,374.98,1
4946,2023-04-18,smb,Europe,35.66,-1
4947,2023-10-26,midmarket,North America,106.4,-1
4948,2022-12-04,smb,North America,32.6,1
4949,2023-04-15,smb,APAC,33.64,1
4950,2023-02-26,enterprise,APAC,341.34,-1
4951,2022-03-06,smb,Europe,30.14,4
4952,2024-09-25,smb,Europe,25.63,1
4953,2022-07-02,smb,Other,31.63,17
4954,2023-04-25,smb,Europe,36.55,20
4955,2022-09-04,smb,Other,28.87,-1
4956,2022-07-24,smb,North America,37.64,27
4957,2023-04-22,midmarket,North America,136.31,3
4958,2025-03-18,midmarket,North America,97.64,1
4959,2025-04-19,midmarket,APAC,99.31,1
4960,2023-05-03,smb,Europe,30.06,3
4961,2023-10-07,smb,North America,33.0,-1
4962,2025-06-11,midmarket,Other,78.13,-1
4963,2022-10-27,smb,Other,24.79,1
4964,2025-04-20,enterprise,North America,365.26,-1
4965,2022-05-15,enterprise,Europe,417.96,6
4966,2022-10-16,midmarket,Europe,114.99,5
4967,2023-03-08,smb,North America,39.57,7
4968,2022-02-17,midmarket,Europe,109.19,-1
4969,2024-11-06,smb,North America,32.94,1
4970,2024-12-27,smb,APAC,26.6,-1
4971,2023-05-05,enterprise,APAC,340.86,-1
4972,2024-12-03,smb,APAC,23.96,-1
4973,2024-09-12,midmarket,APAC,100.67,-1
4974,2024-10-19,smb,North America,29.96,1
4975,2024-10-21,midmarket,North America,103.01,-1
4976,2024-01-02,smb,Europe,28.81,-1
4977,2022-05-22,smb,North America,41.34,-1
4978,2025-03-24,midmarket,Europe,86.53,-1
4979,2024-02-16,midmarket,North America,104.14,-1
4980,2025-02-24,midmarket,North America,113.64,-1
4981,2025-05-08,enterprise,Europe,311.64,1
4982,2022-08-27,smb,Europe,30.39,1
4983,2023-05-29,smb,Europe,33.95,-1
4984,2022-09-03,smb,Europe,35.15,-1
4985,2022-03-07,smb,North America,35.36,38
4986,2025-05-18,smb,APAC,23.64,-1
4987,2025-03-24,smb,Europe,27.73,-1
4988,2025-04-03,midmarket,Europe,113.04,-1
4989,2025-02-01,midmarket,North America,123.83,-1
4990,2024-04-07,midmarket,Europe,100.01,-1
4991,2023-10-29,midmarket,North America,142.13,2
4992,2025-06-19,midmarket,Europe,96.13,-1
4993,2023-12-06,midmarket,North America,119.02,-1
4994,2024-03-30,midmarket,APAC,107.81,-1
4995,2022-09-28,midmarket,APAC,111.41,1
4996,2024-08-10,midmarket,Europe,104.43,-1
4997,2024-11-11,midmarket,APAC,93.92,-1
4998,2024-05-15,midmarket,Europe,119.44,-1
4999,2023-09-29,smb,North America,32.75,-1
5000,2022-09-10,smb,Europe,32.17,-1
5001,2022-02-13,smb,Other,28.91,1
5002,2024-03-11,midmarket,North America,139.23,12
5003,2024-05-21,enterprise,North America,350.95,-1
5004,2024-09-12,midmarket,Europe,90.47,-1
5005,2025-04-27,midmarket,North America,111.14,-1
5006,2023-09-27,midmarket,Europe,98.18,1
5007,2024-11-23,smb,Europe,31.18,1
5008,2024-07-02,midmarket,APAC,89.26,3
5009,2022-12-20,midmarket,North America,144.65,-1
5010,2024-12-14,smb,North America,36.31,-1
5011,2022-03-10,smb,APAC,30.94,13
5012,2024-02-04,enterprise,North America,449.44,1
5013,2025-04-14,midmarket,Europe,86.75,-1
5014,2024-04-20,smb,North America,36.13,-1
5015,2025-04-10,midmarket,North America,116.91,-1
5016,2022-03-13,smb,Europe,32.04,-1
5017,2023-11-11,smb,North America,31.3,14
5018,2024-09-23,midmarket,Europe,103.48,9
5019,2024-03-30,smb,Europe,30.96,1
5020,2025-01-28,midmarket,APAC,94.34,-1
5021,2023-08-14,midmarket,APAC,90.1,-1
5022,2024-05-21,midmarket,North America,108.73,13
5023,2023-06-20,smb,North America,42.44,11
5024,2025-01-17,midmarket,APAC,79.73,-1
5025,2022-06-02,midmarket,North America,155.04,6
5026,2022-11-21,smb,North America,40.94,1
5027,2022-05-04,midmarket,North America,140.73,-1
5028,2024-06-14,smb,Europe,28.89,-1
5029,2022-10-24,smb,North America,42.85,2
5030,2023-02-09,smb,North America,42.51,21
5031,2024-12-03,smb,Europe,31.34,-1
5032,2023-04-05,smb,APAC,31.18,1
5033,2022-07-06,midmarket,North America,133.93,19
5034,2022-01-27,smb,Europe,30.57,1
5035,2022-10-17,smb,Europe,38.58,3
5036,2025-03-13,smb,North America,28.41,-1
5037,2023-12-02,smb,North America,35.96,3
5038,2025-06-23,smb,North America,31.38,-1
5039,2022-10-02,smb,North America,41.79,10
5040,2023-03-25,enterprise,APAC,360.73,1
5041,2022-07-28,smb,North America,40.65,-1
5042,2023-05-24,smb,Other,24.05,1
5043,2023-12-20,smb,North America,33.16,1
5044,2024-10-28,midmarket,North America,102.87,-1
5045,2023-04-15,smb,Europe,37.28,7
5046,2024-09-11,smb,APAC,23.88,1
5047,2024-03-09,midmarket,North America,138.59,1
5048,2023-01-08,smb,North America,33.62,-1
5049,2025-03-09,smb,Europe,32.05,1
5050,2023-07-09,enterprise,North America,431.5,1
5051,2022-07-12,enterprise,Europe,427.71,24
5052,2025-05-13,smb,APAC,26.76,-1
5053,2025-03-11,midmarket,North America,123.16,1
5054,2022-03-05,smb,APAC,33.37,13
5055,2025-02-25,midmarket,North America,106.35,-1
5056,2025-04-23,enterprise,APAC,334.24,-1
5057,2024-11-23,midmarket,Other,89.82,-1
5058,2022-11-22,smb,Europe,30.41,1
5059,2024-03-16,smb,Other,24.68,10
5060,2023-11-18,smb,APAC,28.6,-1
5061,2024-03-02,smb,North America,39.51,6
5062,2024-02-26,smb,North America,38.81,-1
5063,2024-03-26,enterprise,North America,381.12,1
5064,2023-10-18,smb,Europe,33.42,-1
5065,2024-05-31,smb,Europe,25.95,-1
5066,2023-11-03,midmarket,Europe,102.48,-1
5067,2022-01-22,smb,Europe,38.57,-1
5068,2022-02-15,midmarket,North America,122.99,1
5069,2025-05-07,midmarket,North America,107.74,-1
5070,2025-03-06,smb,North America,28.26,-1
5071,2024-01-18,smb,Other,22.69,1
5072,2022-08-11,midmarket,North America,119.39,-1
5073,2024-09-24,smb,North America,30.24,-1
5074,2022-07-02,midmarket,North America,133.79,1
5075,2023-04-27,smb,Other,31.03,-1
5076,2023-02-25,smb,North America,33.14,1
5077,2022-01-16,midmarket,Europe,133.31,3
5078,2024-10-26,smb,North America,35.89,5
5079,2023-10-13,smb,North America,32.76,4
5080,2023-02-08,smb,Europe,30.84,1
5081,2023-10-10,midmarket,Europe,98.5,5
5082,2022-01-01,midmarket,Europe,130.41,-1
5083,2023-07-12,smb,North America,39.42,-1
5084,2023-10-25,smb,Other,25.31,-1
5085,2023-03-10,smb,Europe,28.37,6
5086,2024-11-25,smb,Other,22.62,-1
5087,2022-11-15,smb,North America,39.9,5
5088,2022-06-25,midmarket,North America,118.27,17
5089,2023-11-05,smb,North America,36.59,18
5090,2025-02-06,smb,APAC,27.04,1
5091,2023-04-24,midmarket,Europe,118.04,7
5092,2022-03-01,midmarket,Europe,105.54,-1
5093,2025-05-22,smb,North America,32.47,-1
5094,2023-07-21,smb,North America,36.52,1
5095,2022-08-09,smb,North America,42.88,-1
5096,2024-02-25,enterprise,APAC,315.76,4
5097,2023-02-12,smb,North America,36.79,12
5098,2025-04-11,midmarket,North America,100.53,1
5099,2023-01-11,midmarket,North America,138.02,19
5100,2023-12-03,smb,North America,37.3,1
5101,2023-11-25,smb,Other,28.49,3
5102,2022-11-06,smb,North America,40.21,1
5103,2023-09-30,smb,Other,30.07,-1
5104,2022-05-20,smb,Europe,38.25,27
5105,2024-04-01,midmarket,Europe,99.08,2
5106,2024-08-25,midmarket,Europe,93.14,-1
5107,2025-04-27,smb,Europe,32.42,-1
5108,2023-02-20,smb,Europe,35.02,-1
5109,2022-12-30,midmarket,North America,149.56,-1
5110,2023-12-02,midmarket,APAC,96.53,2
5111,2024-06-02,midmarket,North America,136.25,-1
5112,2025-06-20,midmarket,North America,99.38,-1
5113,2022-02-01,smb,North America,41.15,1
5114,2022-11-01,enterprise,Europe,381.29,1
5115,2022-12-01,midmarket,North America,111.49,-1
5116,2022-11-22,smb,North America,34.87,1
5117,2023-08-15,smb,North America,32.92,12
5118,2025-01-18,smb,North America,29.18,-1
5119,2022-02-09,midmarket,North America,155.84,-1
5120,2024-11-07,enterprise,APAC,346.33,-1
5121,2024-02-28,midmarket,North America,136.55,9
5122,2024-02-24,enterprise,Other,345.19,-1
5123,2024-05-15,midmarket,Europe,114.98,7
5124,2022-05-28,midmarket,APAC,119.77,-1
5125,2024-08-10,midmarket,Other,79.57,-1
5126,2022-11-13,enterprise,North America,406.9,19
5127,2023-10-22,smb,Europe,35.07,-1
5128,2024-05-13,midmarket,North America,119.55,1
5129,2024-02-10,midmarket,North America,130.14,-1
5130,2023-02-17,smb,North America,38.55,1
5131,2023-05-21,midmarket,Europe,104.72,-1
5132,2023-09-01,smb,APAC,26.77,-1
5133,2022-02-22,smb,North America,43.05,2
5134,2024-07-15,smb,Europe,30.48,-1
5135,2022-05-08,midmarket,North America,129.76,-1
5136,2023-08-09,smb,North America,38.04,4
5137,2024-04-15,smb,North America,34.42,-1
5138,2022-04-13,midmarket,Europe,117.47,19
5139,2025-06-24,enterprise,Europe,342.17,-1
5140,2023-04-27,enterprise,North America,422.97,-1
5141,2022-01-21,smb,North America,45.68,-1
5142,2024-04-20,midmarket,Europe,104.68,-1
5143,2023-12-13,midmarket,APAC,110.0,15
5144,2024-03-28,smb,North America,39.15,1
5145,2024-08-16,smb,Europe,33.55,1
5146,2023-08-30,enterprise,Europe,394.01,12
5147,2024-11-20,enterprise,Europe,348.26,-1
5148,2023-04-18,midmarket,North America,129.77,6
5149,2023-11-27,smb,APAC,28.76,1
5150,2022-07-22,smb,Europe,30.99,1
5151,2024-03-02,smb,North America,32.42,-1
5152,2022-11-30,enterprise,APAC,295.5,29
5153,2024-06-08,midmarket,APAC,100.54,8
5154,2024-10-19,midmarket,Europe,90.39,-1
5155,2025-01-01,midmarket,APAC,92.4,-1
5156,2025-03-31,smb,North America,29.63,-1
5157,2022-06-06,smb,APAC,26.78,36
5158,2022-06-26,midmarket,North America,136.2,9
5159,2025-03-27,smb,APAC,28.93,-1
5160,2023-05-01,midmarket,North America,122.36,-1
5161,2022-02-03,smb,North America,45.1,3
5162,2023-01-02,midmarket,North America,111.25,1
5163,2024-12-02,smb,APAC,26.18,-1
5164,2023-03-29,midmarket,Europe,100.4,-1
5165,2022-04-08,smb,APAC,29.35,1
5166,2024-07-10,smb,North America,29.76,11
5167,2022-09-06,smb,North America,33.37,1
5168,2023-03-27,smb,Europe,34.85,1
5169,2022-01-05,midmarket,North America,144.4,-1
5170,2024-02-08,smb,Europe,28.28,-1
5171,2023-07-23,midmarket,Other,104.85,1
5172,2025-01-11,smb,Europe,30.87,-1
5173,2023-03-03,midmarket,North America,122.8,16
5174,2022-09-19,midmarket,Europe,112.4,1
5175,2022-07-31,smb,APAC,28.73,-1
5176,2022-09-13,enterprise,Europe,423.55,-1
5177,2023-07-30,smb,APAC,28.85,1
5178,2022-04-22,midmarket,North America,121.21,24
5179,2023-05-29,smb,Europe,29.53,-1
5180,2024-12-26,smb,North America,31.73,-1
5181,2024-09-06,smb,Europe,29.0,-1
5182,2024-03-24,midmarket,APAC,97.77,-1
5183,2025-02-13,enterprise,APAC,340.58,-1
5184,2024-09-22,enterprise,North America,364.5,-1
5185,2024-04-12,enterprise,APAC,299.21,-1
5186,2025-01-06,smb,North America,28.81,-1
5187,2022-06-08,midmarket,Europe,112.77,1
5188,2024-11-10,midmarket,Europe,106.62,-1
5189,2023-01-12,midmarket,Europe,129.15,-1
5190,2024-07-24,smb,North America,37.22,-1
5191,2025-03-11,midmarket,Europe,87.74,-1
5192,2023-09-25,midmarket,Europe,121.75,1
5193,2022-04-24,smb,Europe,38.03,5
5194,2023-04-18,enterprise,Europe,337.75,4
5195,2023-06-04,smb,Europe,36.48,-1
5196,2025-04-10,enterprise,North America,402.04,1
5197,2025-04-17,smb,North America,35.86,-1
5198,2023-12-27,smb,Europe,30.93,-1
5199,2025-04-28,smb,Europe,26.16,-1
5200,2023-07-11,smb,North America,40.24,5
5201,2023-06-09,smb,North America,36.86,-1
5202,2024-12-03,midmarket,APAC,103.39,-1
5203,2024-05-01,smb,APAC,24.6,-1
5204,2023-10-29,smb,Europe,30.26,-1
5205,2023-08-06,smb,APAC,30.79,4
5206,2024-06-19,smb,Other,26.36,-1
5207,2024-08-19,midmarket,Europe,100.89,-1
5208,2023-09-18,midmarket,North America,132.93,-1
5209,2022-02-10,midmarket,Europe,127.81,12
5210,2022-05-10,enterprise,APAC,361.6,-1
5211,2022-07-03,midmarket,Europe,110.37,-1
5212,2023-08-13,enterprise,North America,434.9,12
5213,2024-02-23,smb,APAC,28.27,1
5214,2024-10-22,smb,APAC,29.12,-1
5215,2022-10-24,smb,North America,40.37,5
5216,2024-09-30,smb,Other,25.36,2
5217,2024-04-29,enterprise,Europe,299.89,-1
5218,2022-03-07,enterprise,APAC,321.06,-1
5219,2023-03-25,smb,Other,26.48,5
5220,2023-01-22,smb,North America,39.19,14
5221,2025-02-05,smb,APAC,28.45,1
5222,2025-03-21,smb,North America,37.83,1
5223,2024-11-11,smb,APAC,27.39,-1
5224,2023-11-05,smb,APAC,30.27,1
5225,2023-09-21,smb,APAC,29.65,1
5226,2023-02-02,smb,APAC,29.0,19
5227,2024-09-13,enterprise,APAC,317.31,1
5228,2022-04-21,enterprise,North America,440.16,1
5229,2022-12-12,midmarket,North America,129.22,-1
5230,2022-06-22,smb,North America,44.18,-1
5231,2023-09-23,smb,APAC,29.16,13
5232,2023-01-18,midmarket,Europe,99.81,1
5233,2022-09-09,midmarket,Europe,116.42,-1
5234,2023-04-26,smb,North America,42.58,15
5235,2025-01-03,midmarket,Europe,88.18,1
5236,2023-12-14,smb,Europe,35.74,-1
5237,2024-11-16,midmarket,Other,98.7,-1
5238,2025-03-12,midmarket,APAC,90.81,-1
5239,2025-02-25,midmarket,Europe,94.64,-1
5240,2023-03-24,midmarket,APAC,86.17,26
5241,2025-01-24,enterprise,North America,328.27,-1
5242,2025-03-06,midmarket,North America,110.14,-1
5243,2025-05-09,midmarket,Europe,106.32,-1
5244,2023-03-24,midmarket,Europe,127.2,-1
5245,2022-10-19,smb,North America,34.59,24
5246,2024-01-16,enterprise,North America,407.9,1
5247,2025-04-04,midmarket,Europe,98.6,-1
5248,2025-02-23,enterprise,North America,368.27,-1
5249,2023-12-30,smb,North America,36.44,-1
5250,2022-07-10,smb,Europe,38.38,-1
5251,2023-06-24,smb,APAC,28.51,3
5252,2024-06-30,smb,North America,31.11,-1
5253,2023-12-17,midmarket,North America,129.58,-1
5254,2023-03-17,smb,North America,32.37,-1
5255,2023-03-14,midmarket,North America,146.2,-1
5256,2022-03-18,smb,APAC,35.33,20
5257,2023-01-04,midmarket,North America,114.45,8
5258,2024-05-04,midmarket,North America,122.13,-1
5259,2022-11-04,smb,Other,30.92,9
5260,2025-06-21,smb,APAC,25.31,-1
5261,2022-04-16,smb,North America,39.44,24
5262,2024-01-22,enterprise,North America,467.15,1
5263,2023-09-26,midmarket,APAC,90.17,21
5264,2024-11-29,midmarket,Europe,102.1,-1
5265,2025-02-06,midmarket,Other,74.92,2
5266,2023-11-25,smb,North America,34.05,1
5267,2024-03-15,midmarket,APAC,105.14,-1
5268,2024-06-10,smb,North America,37.17,6
5269,2023-10-27,midmarket,North America,128.91,1
5270,2022-08-24,smb,APAC,26.96,20
5271,2023-07-01,smb,Europe,35.49,21
5272,2022-11-05,smb,North America,36.08,27
5273,2023-08-16,midmarket,North America,127.3,-1
5274,2024-02-24,midmarket,APAC,87.98,9
5275,2022-09-25,midmarket,North America,133.77,1
5276,2022-11-15,smb,North America,39.12,-1
5277,2024-11-16,smb,North America,32.35,-1
5278,2023-04-27,enterprise,North America,429.14,8
5279,2022-09-11,smb,APAC,29.49,-1
5280,2024-06-29,smb,North America,36.97,9
5281,2024-07-03,smb,Europe,30.58,-1
5282,2024-11-20,midmarket,Europe,112.79,-1
5283,2024-08-27,smb,North America,29.87,-1
5284,2025-06-19,midmarket,Europe,83.61,-1
5285,2024-01-04,midmarket,North America,111.34,-1
5286,2023-01-01,smb,APAC,26.36,-1
5287,2025-01-06,smb,APAC,26.51,1
5288,2022-12-04,smb,APAC,27.22,6
5289,2023-01-07,midmarket,North America,111.48,1
5290,2024-11-23,midmarket,APAC,85.22,4
5291,2025-01-29,smb,Europe,29.31,1
5292,2023-03-09,smb,North America,40.09,15
5293,2024-07-19,midmarket,North America,116.83,-1
5294,2025-03-22,enterprise,North America,432.62,-1
5295,2024-10-16,smb,North America,31.08,-1
5296,2022-01-07,smb,North America,40.42,-1
5297,2024-04-28,midmarket,APAC,87.63,5
5298,2022-08-05,smb,Other,31.44,1
5299,2024-12-15,smb,North America,30.63,-1
5300,2022-03-27,midmarket,Other,115.06,-1
5301,2025-06-21,smb,Europe,30.27,-1
5302,2022-08-15,smb,Europe,34.46,1
5303,2023-06-21,smb,Other,27.7,-1
5304,2022-10-26,smb,Europe,32.17,-1
5305,2024-11-04,smb,Europe,25.3,-1
5306,2023-05-18,smb,North America,41.94,15
5307,2024-08-08,midmarket,North America,128.87,6
5308,2022-03-27,smb,APAC,27.79,23
5309,2023-08-01,midmarket,North America,111.7,6
5310,2025-03-08,enterprise,North America,358.01,1
5311,2025-03-28,smb,North America,35.86,-1
5312,2022-09-24,smb,Europe,33.75,1
5313,2023-05-19,smb,North America,39.02,5
5314,2023-06-07,smb,Other,23.37,-1
5315,2023-12-23,smb,North America,40.58,1
5316,2023-11-17,midmarket,APAC,87.37,-1
5317,2022-05-16,smb,Europe,32.49,-1
5318,2024-08-31,smb,Europe,34.06,1
5319,2022-10-16,midmarket,North America,141.55,4
5320,2023-02-06,smb,North America,37.98,5
5321,2024-12-08,smb,APAC,29.33,-1
5322,2024-05-29,midmarket,APAC,81.75,-1
5323,2023-05-22,smb,North America,32.56,1
5324,2025-03-10,midmarket,APAC,79.96,1
5325,2023-05-18,enterprise,APAC,310.04,11
5326,2023-12-23,midmarket,North America,131.19,11
5327,2022-11-10,midmarket,Europe,115.61,10
5328,2022-08-22,midmarket,APAC,102.22,-1
5329,2023-09-20,smb,APAC,31.04,8
5330,2023-12-20,midmarket,North America,116.68,5
5331,2024-10-25,smb,North America,29.91,-1
5332,2023-05-14,smb,North America,36.14,-1
5333,2025-02-16,enterprise,North America,412.52,-1
5334,2024-02-15,midmarket,North America,121.24,1
5335,2022-03-31,smb,Europe,39.64,3
5336,2024-08-01,smb,Europe,33.24,8
5337,2024-01-04,smb,North America,38.95,-1
5338,2023-05-12,midmarket,Europe,120.31,21
5339,2023-08-20,smb,North America,37.64,-1
5340,2023-01-21,smb,North America,42.61,1
5341,2024-02-23,smb,APAC,28.64,1
5342,2023-12-25,enterprise,APAC,309.74,1
5343,2023-07-25,smb,North America,33.56,-1
5344,2022-12-30,midmarket,APAC,112.19,-1
5345,2023-05-24,smb,APAC,28.06,1
5346,2023-09-28,smb,Europe,34.57,-1
5347,2023-08-26,smb,Other,31.09,1
5348,2023-01-30,midmarket,North America,126.45,1
5349,2024-01-13,smb,North America,34.11,1
5350,2022-10-17,midmarket,APAC,93.3,-1
5351,2023-10-02,smb,Europe,31.4,1
5352,2022-06-05,smb,North America,41.14,1
5353,2023-08-26,smb,North America,34.68,10
5354,2024-09-27,smb,North America,34.2,-1
5355,2024-11-09,smb,North America,34.36,-1
5356,2024-06-05,smb,North America,32.55,-1
5357,2024-08-09,smb,Other,21.87,-1
5358,2022-03-26,smb,North America,36.48,1
5359,2023-03-12,smb,APAC,32.16,1
5360,2024-04-14,smb,North America,32.92,2
5361,2024-10-18,smb,North America,29.18,-1
5362,2024-01-14,midmarket,APAC,93.96,-1
5363,2024-12-25,smb,North America,35.64,-1
5364,2022-12-15,enterprise,North America,469.88,16
5365,2022-07-15,midmarket,APAC,102.32,-1
5366,2022-04-21,smb,North America,40.55,1
5367,2024-01-14,midmarket,North America,131.87,-1
5368,2024-04-28,smb,Other,29.11,6
5369,2022-12-31,smb,North America,39.82,5
5370,2024-09-26,midmarket,Europe,108.26,1
5371,2024-08-01,enterprise,North America,347.13,-1
5372,2023-04-05,midmarket,North America,125.45,19
5373,2022-11-01,midmarket,Europe,127.86,16
5374,2024-08-05,smb,Europe,26.97,-1
5375,2024-05-06,smb,North America,33.08,-1
5376,2022-08-06,smb,APAC,32.12,-1
5377,2022-11-22,midmarket,APAC,115.48,1
5378,2023-09-13,smb,Europe,27.59,-1
5379,2023-10-15,enterprise,Europe,401.68,-1
5380,2022-07-31,smb,Europe,31.18,-1
5381,2025-04-25,smb,Europe,31.86,-1
5382,2023-05-11,enterprise,North America,476.04,-1
5383,2023-05-02,smb,APAC,31.6,-1
5384,2022-03-19,smb,Europe,39.09,-1
5385,2025-01-22,midmarket,Other,96.95,-1
5386,2022-10-28,smb,Other,32.16,-1
5387,2025-06-13,smb,North America,32.82,-1
5388,2023-09-25,midmarket,North America,123.98,12
5389,2025-01-21,midmarket,Europe,88.33,-1
5390,2022-08-17,smb,Europe,30.99,-1
5391,2022-07-31,smb,APAC,32.03,22
5392,2024-10-19,smb,North America,30.34,1
5393,2024-11-11,smb,Europe,33.47,-1
5394,2023-11-24,smb,Other,24.56,4
5395,2022-02-11,midmarket,Other,88.98,27
5396,2025-04-19,enterprise,North America,347.77,1
5397,2023-05-17,midmarket,Other,81.73,-1
5398,2025-04-09,smb,North America,29.74,-1
5399,2025-01-16,smb,Europe,29.99,1
5400,2024-12-22,smb,North America,31.66,-1
5401,2024-05-28,midmarket,Europe,114.05,6
5402,2024-05-09,smb,North America,34.08,-1
5403,2023-11-11,smb,North America,38.51,17
5404,2022-02-01,midmarket,North America,145.95,-1
5405,2023-05-10,midmarket,APAC,89.14,-1
5406,2024-07-21,smb,Europe,26.17,10
5407,2024-11-02,smb,Europe,32.58,-1
5408,2023-12-16,smb,Europe,33.2,1
5409,2024-06-24,midmarket,North America,107.99,-1
5410,2022-01-28,smb,North America,42.42,1
5411,2023-08-21,enterprise,North America,398.46,1
5412,2023-10-10,midmarket,Europe,94.03,-1
5413,2025-02-12,smb,Other,22.69,1
5414,2023-02-01,midmarket,North America,139.74,-1
5415,2022-10-21,smb,Europe,32.46,-1
5416,2023-03-26,smb,APAC,29.88,-1
5417,2022-08-06,enterprise,APAC,310.46,-1
5418,2023-12-14,enterprise,North America,361.22,-1
5419,2024-03-31,smb,Other,24.15,1
5420,2024-10-19,midmarket,Europe,101.01,-1
5421,2025-05-25,midmarket,Europe,108.2,1
5422,2022-04-04,midmarket,APAC,114.93,-1
5423,2022-11-12,midmarket,North America,118.25,23
5424,2023-01-19,smb,APAC,25.94,-1
5425,2022-11-15,smb,Europe,30.65,6
5426,2024-11-21,midmarket,APAC,100.81,-1
5427,2022-06-28,smb,APAC,30.92,-1
5428,2022-02-07,midmarket,Europe,130.45,3
5429,2025-01-03,smb,North America,32.29,-1
5430,2025-05-11,enterprise,North America,385.86,-1
5431,2022-10-16,smb,APAC,31.06,2
5432,2023-03-01,midmarket,Europe,116.57,-1
5433,2023-10-05,smb,APAC,28.21,1
5434,2023-11-03,midmarket,North America,114.38,1
5435,2025-06-18,smb,Europe,27.81,-1
5436,2023-05-31,midmarket,APAC,114.33,13
5437,2022-01-16,smb,APAC,29.35,34
5438,2023-06-24,smb,North America,39.62,-1
5439,2023-12-12,midmarket,North America,139.92,8
5440,2023-10-22,midmarket,APAC,99.55,-1
5441,2023-10-16,midmarket,APAC,97.29,-1
5442,2025-03-23,smb,North America,29.46,1
5443,2024-10-27,smb,Europe,31.96,1
5444,2022-11-18,smb,North America,43.15,4
5445,2023-03-30,enterprise,North America,492.56,-1
5446,2024-05-01,smb,North America,31.94,-1
5447,2023-06-08,enterprise,North America,477.61,-1
5448,2023-07-01,enterprise,APAC,317.44,11
5449,2022-08-03,midmarket,North America,138.35,15
5450,2022-11-21,smb,APAC,27.56,-1
5451,2024-08-03,smb,Europe,27.76,-1
5452,2024-12-11,smb,North America,35.0,1
5453,2024-09-28,midmarket,North America,117.22,-1
5454,2023-01-28,midmarket,North America,148.58,22
5455,2022-06-24,smb,Europe,31.78,-1
5456,2022-07-23,smb,APAC,34.11,6
5457,2023-05-18,midmarket,APAC,98.89,1
5458,2023-10-23,midmarket,APAC,86.9,-1
5459,2025-02-13,smb,APAC,24.11,-1
5460,2025-02-20,smb,APAC,28.16,-1
5461,2022-01-04,smb,Europe,38.43,-1
5462,2024-06-21,enterprise,Europe,298.92,-1
5463,2023-01-17,smb,North America,37.01,28
5464,2022-09-10,midmarket,North America,132.71,1
5465,2023-12-10,smb,Europe,32.39,1
5466,2022-02-13,midmarket,Europe,124.85,1
5467,2023-03-03,midmarket,North America,141.95,-1
5468,2023-12-06,smb,Other,24.8,-1
5469,2022-12-14,midmarket,North America,115.79,1
5470,2024-01-28,midmarket,Europe,96.76,-1
5471,2023-08-11,smb,Other,30.72,1
5472,2024-10-17,smb,North America,34.64,1
5473,2022-08-20,smb,APAC,27.92,1
5474,2022-03-14,midmarket,APAC,116.19,26
5475,2023-11-07,enterprise,Europe,369.05,1
5476,2022-11-24,smb,Other,27.26,5
5477,2024-06-20,midmarket,Europe,89.01,8
5478,2022-04-30,midmarket,Europe,128.39,19
5479,2024-01-05,smb,Europe,33.18,16
5480,2025-06-17,smb,North America,30.35,-1
5481,2022-04-29,enterprise,North America,421.78,38
5482,2023-01-21,smb,North America,35.43,2
5483,2024-12-13,smb,North America,35.52,-1
5484,2023-11-12,midmarket,APAC,91.11,-1
5485,2022-08-12,smb,Other,27.16,25
5486,2022-09-29,midmarket,Other,94.62,8
5487,2024-09-02,enterprise,North America,449.08,-1
5488,2025-01-03,smb,Europe,28.88,-1
5489,2023-04-06,smb,Europe,31.39,11
5490,2023-08-28,midmarket,North America,124.85,8
5491,2024-09-25,smb,Europe,31.83,-1
5492,2022-08-14,smb,North America,43.44,-1
5493,2022-09-21,midmarket,Other,112.73,1
5494,2024-09-15,smb,North America,34.2,1
5495,2022-08-27,smb,APAC,30.12,21
5496,2024-09-10,midmarket,APAC,87.47,1
5497,2023-09-27,smb,Europe,34.45,1
5498,2025-06-17,smb,North America,34.21,-1
5499,2022-02-12,smb,North America,38.42,18
5500,2025-04-22,midmarket,Other,84.23,1
5501,2022-10-15,enterprise,North America,402.1,29
5502,2022-02-14,midmarket,North America,145.36,-1
5503,2024-07-12,smb,Other,23.75,-1
5504,2023-11-11,smb,APAC,27.05,5
5505,2024-12-04,smb,Europe,25.58,-1
5506,2022-05-19,smb,North America,36.19,18
5507,2022-04-14,enterprise,Europe,358.39,-1
5508,2023-12-25,enterprise,APAC,344.78,13
5509,2025-01-30,smb,North America,35.57,2
5510,2023-06-02,smb,North America,37.54,-1
5511,2024-10-14,smb,North America,33.0,-1
5512,2025-03-02,midmarket,Europe,110.68,1
5513,2025-01-14,midmarket,North America,128.51,1
5514,2023-10-12,smb,APAC,29.35,1
5515,2024-06-10,midmarket,North America,125.33,-1
5516,2023-11-02,enterprise,North America,450.4,-1
5517,2024-05-10,smb,Other,27.67,7
5518,2023-12-25,smb,Other,24.42,14
5519,2023-11-02,smb,Europe,31.5,1
5520,2023-07-12,smb,APAC,25.88,12
5521,2024-04-12,smb,North America,38.54,-1
5522,2024-08-16,enterprise,Europe,358.98,-1
5523,2025-03-18,smb,North America,38.02,-1
5524,2024-02-22,smb,Europe,27.61,1
5525,2022-05-09,midmarket,APAC,106.34,4
5526,2024-01-20,smb,APAC,29.92,-1
5527,2023-02-07,smb,North America,42.02,-1
5528,2022-02-04,midmarket,North America,151.93,31
5529,2022-04-03,smb,Other,26.72,9
5530,2024-01-25,smb,Europe,35.66,-1
5531,2025-04-20,enterprise,North America,432.33,-1
5532,2023-10-08,midmarket,North America,142.27,1
5533,2023-07-23,smb,North America,38.19,-1
5534,2022-04-24,midmarket,North America,149.66,14
5535,2024-05-11,midmarket,North America,104.99,13
5536,2022-03-12,smb,Europe,32.14,1
5537,2024-12-09,smb,Europe,25.79,-1
5538,2024-11-07,smb,Europe,29.6,-1
5539,2025-06-18,smb,North America,37.24,-1
5540,2022-12-29,smb,North America,39.93,26
5541,2022-07-26,smb,North America,38.69,-1
5542,2023-01-18,midmarket,APAC,111.03,1
5543,2024-10-17,smb,APAC,27.14,-1
5544,2022-10-07,midmarket,North America,130.63,16
5545,2025-02-06,smb,Europe,30.19,-1
5546,2022-07-16,smb,Europe,34.16,-1
5547,2022-03-04,midmarket,Europe,123.95,-1
5548,2022-10-07,smb,Europe,36.6,1
5549,2024-08-20,smb,Other,25.24,-1
5550,2024-02-08,smb,North America,34.73,-1
5551,2023-03-29,midmarket,Europe,114.28,-1
5552,2024-04-17,smb,Europe,34.39,-1
5553,2024-04-07,enterprise,Europe,342.4,-1
5554,2023-12-09,smb,North America,39.76,-1
5555,2023-10-18,smb,Europe,32.74,1
5556,2022-05-10,midmarket,North America,115.65,4
5557,2022-11-28,enterprise,Europe,378.94,1
5558,2023-11-05,smb,Europe,28.74,15
5559,2022-06-22,smb,North America,35.2,-1
5560,2023-08-31,midmarket,Other,85.7,1
5561,2022-05-30,smb,APAC,32.89,4
5562,2024-10-01,smb,Europe,30.84,-1
5563,2022-05-12,midmarket,Other,101.24,-1
5564,2022-04-29,smb,APAC,31.02,1
5565,2024-03-24,midmarket,North America,117.51,10
5566,2022-10-09,midmarket,Europe,128.39,11
5567,2023-03-25,smb,Europe,37.0,18
5568,2023-02-05,midmarket,Europe,121.8,18
5569,2022-10-04,smb,Other,26.71,15
5570,2024-08-30,smb,Europe,33.76,-1
5571,2024-06-01,smb,North America,38.24,-1
5572,2022-11-01,midmarket,Europe,101.59,12
5573,2024-05-26,midmarket,APAC,89.67,1
5574,2024-06-29,smb,North America,33.1,-1
5575,2023-11-19,smb,North America,38.69,1
5576,2024-01-09,smb,North America,36.08,1
5577,2025-04-08,midmarket,Europe,91.66,1
5578,2023-08-03,midmarket,North America,115.81,-1
5579,2023-05-07,enterprise,North America,420.83,-1
5580,2023-11-19,smb,North America,37.99,-1
5581,2024-12-02,midmarket,Europe,101.01,-1
5582,2024-06-24,smb,North America,32.4,-1
5583,2022-04-06,smb,North America,41.13,20
5584,2023-08-10,midmarket,Europe,125.95,9
5585,2024-08-02,smb,North America,31.18,-1
5586,2022-10-13,smb,North America,38.92,1
5587,2025-06-15,smb,Europe,27.36,-1
5588,2024-10-28,midmarket,North America,107.23,1
5589,2024-12-16,smb,North America,37.6,1
5590,2022-04-15,enterprise,North America,515.98,6
5591,2024-01-10,smb,North America,34.21,-1
5592,2023-11-05,smb,Europe,30.03,9
5593,2024-03-10,midmarket,Other,78.84,6
5594,2024-12-20,smb,North America,34.99,1
5595,2023-03-27,smb,Europe,28.1,-1
5596,2023-11-13,midmarket,APAC,97.0,1
5597,2024-05-17,smb,Europe,27.33,-1
5598,2024-08-19,enterprise,APAC,324.82,-1
5599,2024-09-10,smb,Europe,33.71,-1
5600,2023-03-06,smb,Europe,28.71,7
5601,2025-06-27,smb,Other,26.17,-1
5602,2022-01-13,smb,North America,44.24,12
5603,2023-09-21,smb,APAC,25.83,-1
5604,2024-02-16,midmarket,Europe,119.72,-1
5605,2022-03-20,midmarket,Europe,123.21,33
5606,2023-07-30,midmarket,Europe,111.25,1
5607,2024-01-31,smb,North America,37.66,-1
5608,2024-02-15,smb,North America,33.37,-1
5609,2022-06-01,smb,Other,24.93,26
5610,2022-12-21,midmarket,Europe,111.97,-1
5611,2022-11-09,midmarket,APAC,110.57,19
5612,2024-03-27,smb,North America,39.91,-1
5613,2023-02-24,midmarket,North America,127.06,-1
5614,2023-12-31,smb,North America,33.45,9
5615,2024-07-21,midmarket,North America,105.86,-1
5616,2024-10-14,midmarket,Europe,115.16,4
5617,2022-08-23,smb,Other,26.47,1
5618,2025-02-26,smb,APAC,29.38,-1
5619,2022-07-31,smb,Europe,30.81,-1
5620,2022-01-28,smb,North America,34.43,29
5621,2022-02-27,midmarket,Europe,109.57,24
5622,2022-09-14,smb,Europe,33.64,-1
5623,2025-01-19,smb,Europe,27.9,-1
5624,2022-09-23,smb,Europe,37.84,-1
5625,2024-06-03,smb,North America,35.37,-1
5626,2023-06-18,midmarket,North America,112.66,-1
5627,2022-02-20,enterprise,Other,351.17,20
5628,2023-07-21,smb,Europe,31.04,-1
5629,2022-02-06,smb,Other,31.2,7
5630,2023-08-31,midmarket,North America,136.8,-1
5631,2023-12-14,midmarket,Europe,122.99,10
5632,2023-10-28,smb,North America,37.21,-1
5633,2022-12-27,smb,APAC,28.72,1
5634,2024-09-05,smb,North America,33.66,-1
5635,2024-02-01,enterprise,Europe,343.82,-1
5636,2022-11-22,smb,North America,37.84,-1
5637,2023-07-09,smb,North America,31.72,1
5638,2022-05-19,smb,North America,36.52,3
5639,2025-03-24,midmarket,Europe,113.6,-1
5640,2024-08-18,smb,APAC,30.49,1
5641,2023-01-03,smb,Other,24.3,11
5642,2024-05-11,smb,Europe,34.9,-1
5643,2024-05-16,smb,Europe,33.18,-1
5644,2024-02-17,smb,APAC,23.73,-1
5645,2022-03-10,midmarket,North America,153.7,-1
5646,2025-01-25,smb,APAC,29.94,-1
5647,2025-05-04,smb,APAC,26.72,-1
5648,2025-05-28,midmarket,Europe,106.48,-1
5649,2025-06-05,midmarket,North America,106.44,-1
5650,2025-03-31,smb,North America,33.96,-1
5651,2024-08-01,midmarket,North America,126.62,-1
5652,2022-03-14,smb,Other,30.02,25
5653,2023-08-17,midmarket,Europe,103.13,22
5654,2022-11-09,midmarket,Europe,119.63,11
5655,2022-10-08,midmarket,Europe,126.73,1
5656,2024-11-25,smb,APAC,29.27,1
5657,2024-11-02,smb,North America,30.23,3
5658,2023-10-29,smb,North America,35.78,-1
5659,2024-07-28,smb,Europe,26.01,1
5660,2022-06-15,midmarket,North America,140.21,-1
5661,2022-10-11,smb,North America,35.6,1
5662,2025-01-02,smb,Europe,33.0,-1
5663,2023-07-30,smb,North America,38.24,-1
5664,2023-11-29,midmarket,APAC,94.21,-1
5665,2023-08-14,smb,APAC,30.75,-1
5666,2022-09-15,midmarket,Other,89.63,6
5667,2024-11-20,enterprise,Other,251.84,-1
5668,2024-08-25,midmarket,North America,103.74,-1
5669,2024-05-22,midmarket,North America,123.28,-1
5670,2023-03-27,midmarket,Europe,125.4,1
5671,2024-03-31,smb,North America,32.5,1
5672,2025-05-01,midmarket,Other,89.8,-1
5673,2024-04-09,smb,North America,30.38,5
5674,2023-09-23,smb,Europe,30.39,3
5675,2022-12-12,smb,Europe,34.77,-1
5676,2023-10-30,smb,APAC,31.25,-1
5677,2023-04-20,smb,Europe,36.93,-1
5678,2024-02-19,enterprise,Europe,368.25,1
5679,2022-02-28,midmarket,North America,135.83,-1
5680,2022-08-31,smb,Europe,29.41,1
5681,2024-10-01,smb,Europe,27.71,-1
5682,2023-05-01,smb,Europe,36.55,16
5683,2023-07-07,smb,APAC,29.62,19
5684,2023-11-26,smb,North America,34.48,1
5685,2023-07-14,smb,North America,34.15,12
5686,2024-08-26,smb,Other,22.56,5
5687,2022-11-10,smb,North America,41.3,-1
5688,2024-08-25,smb,Europe,29.24,-1
5689,2022-09-25,smb,Europe,38.13,12
5690,2023-04-18,smb,Other,27.33,3
5691,2024-01-21,smb,North America,39.24,-1
5692,2025-02-04,enterprise,North America,339.62,-1
5693,2022-10-24,midmarket,APAC,92.7,1
5694,2024-01-20,smb,Europe,29.03,1
5695,2022-03-23,midmarket,Europe,107.89,4
5696,2022-04-07,smb,North America,45.37,1
5697,2024-09-06,smb,North America,37.52,-1
5698,2024-07-06,smb,Other,24.49,-1
5699,2023-04-26,smb,Europe,32.79,-1
5700,2024-03-05,smb,APAC,28.02,1
5701,2023-05-01,midmarket,Other,97.56,12
5702,2022-12-20,midmarket,Europe,100.4,12
5703,2023-07-05,smb,Europe,30.66,1
5704,2023-02-02,midmarket,Europe,98.83,-1
5705,2024-11-05,smb,APAC,29.93,-1
5706,2023-06-10,smb,Europe,31.34,11
5707,2023-02-14,smb,North America,40.43,13
5708,2023-11-16,smb,Other,30.13,4
5709,2024-08-25,smb,Europe,28.31,1
5710,2022-12-16,smb,APAC,26.21,-1
5711,2025-04-13,midmarket,North America,107.76,-1
5712,2023-08-15,smb,Europe,33.59,13
5713,2024-04-23,midmarket,Europe,105.14,-1
5714,2025-05-06,smb,APAC,22.44,-1
5715,2023-07-05,midmarket,North America,110.29,1
5716,2022-09-12,smb,North America,41.1,20
5717,2024-08-12,smb,APAC,28.94,-1
5718,2022-01-09,enterprise,Other,300.17,18
5719,2023-08-08,smb,North America,39.99,-1
5720,2025-06-04,midmarket,North America,106.88,-1
5721,2023-06-13,midmarket,Europe,96.32,-1
5722,2024-05-22,enterprise,North America,380.98,1
5723,2023-11-02,midmarket,North America,132.66,1
5724,2022-10-01,smb,Europe,35.12,-1
5725,2023-02-10,smb,Europe,32.73,-1
5726,2023-10-31,smb,North America,33.97,1
5727,2022-05-14,smb,North America,38.54,1
5728,2023-06-14,smb,Other,26.46,15
5729,2023-06-14,smb,Europe,31.21,19
5730,2024-12-01,smb,APAC,26.37,-1
5731,2022-06-08,enterprise,North America,443.43,30
5732,2024-12-11,smb,APAC,23.29,-1
5733,2023-06-08,smb,APAC,27.22,11
5734,2024-04-11,midmarket,North America,107.47,1
5735,2023-12-12,smb,Europe,32.27,1
5736,2023-01-18,midmarket,Europe,110.77,1
5737,2025-04-02,midmarket,North America,119.18,-1
5738,2022-10-14,smb,APAC,26.46,22
5739,2022-02-16,midmarket,North America,130.98,2
5740,2024-08-15,smb,Europe,27.15,-1
5741,2024-03-03,smb,Other,23.0,-1
5742,2025-02-10,enterprise,North America,413.33,-1
5743,2023-08-08,smb,North America,32.68,-1
5744,2022-01-22,smb,North America,36.32,-1
5745,2022-01-26,smb,Other,28.56,1
5746,2023-07-07,smb,North America,34.63,18
5747,2022-11-15,smb,North America,43.24,-1
5748,2025-03-22,midmarket,Europe,113.63,-1
5749,2022-06-01,midmarket,APAC,103.07,-1
5750,2025-01-28,midmarket,Europe,91.22,-1
5751,2022-10-04,midmarket,Other,97.74,-1
5752,2022-06-02,smb,North America,39.28,22
5753,2022-12-17,midmarket,Europe,112.79,16
5754,2022-07-03,smb,Europe,29.14,-1
5755,2023-05-28,smb,North America,33.14,-1
5756,2023-02-26,smb,APAC,26.43,14
5757,2023-11-07,smb,Europe,30.07,12
5758,2023-11-17,smb,North America,37.07,1
5759,2022-01-02,smb,North America,44.81,15
5760,2022-06-09,midmarket,North America,123.65,-1
5761,2022-07-26,smb,APAC,33.13,1
5762,2022-09-06,midmarket,North America,122.02,20
5763,2022-04-30,smb,APAC,26.71,12
5764,2023-02-06,smb,North America,39.55,10
5765,2023-12-03,midmarket,Other,83.44,-1
5766,2023-01-30,midmarket,APAC,114.91,-1
5767,2023-02-24,midmarket,North America,146.65,-1
5768,2023-08-23,smb,North America,32.39,21
5769,2023-12-01,smb,APAC,25.6,-1
5770,2023-02-27,enterprise,North America,395.01,11
5771,2022-10-11,midmarket,North America,148.64,-1
5772,2023-06-07,midmarket,APAC,86.98,11
5773,2022-01-31,smb,APAC,33.87,41
5774,2023-09-21,midmarket,APAC,91.85,9
5775,2025-04-16,midmarket,APAC,90.89,-1
5776,2023-05-23,smb,Europe,29.29,19
5777,2022-05-19,smb,APAC,33.77,5
5778,2024-06-21,smb,North America,36.69,-1
5779,2022-06-11,smb,APAC,26.36,29
5780,2022-09-05,smb,Europe,31.06,1
5781,2022-07-06,smb,Europe,33.69,24
5782,2025-02-01,midmarket,Other,85.49,-1
5783,2025-06-06,midmarket,Europe,107.02,-1
5784,2023-12-28,smb,Europe,30.25,-1
5785,2024-02-28,smb,Europe,34.96,-1
5786,2024-04-03,smb,North America,32.03,-1
5787,2024-02-18,midmarket,North America,135.3,-1
5788,2023-11-26,enterprise,Other,342.8,-1
5789,2025-06-13,midmarket,North America,116.33,-1
5790,2024-07-24,smb,Europe,34.42,-1
5791,2022-04-23,smb,Europe,33.59,-1
5792,2023-05-16,smb,APAC,30.94,1
5793,2025-05-28,smb,APAC,21.94,-1
5794,2023-05-31,midmarket,North America,119.24,1
5795,2022-09-18,smb,North America,39.55,9
5796,2025-01-13,midmarket,Europe,111.5,-1
5797,2024-03-06,midmarket,North America,138.07,1
5798,2023-12-19,smb,Europe,32.06,-1
5799,2023-06-21,smb,North America,41.08,-1
5800,2022-06-08,midmarket,North America,146.94,11
5801,2023-05-05,midmarket,Other,102.28,7
5802,2023-07-13,smb,APAC,25.53,-1
5803,2025-04-03,enterprise,Europe,326.39,-1
5804,2023-01-28,smb,North America,37.88,-1
5805,2022-07-10,smb,Other,31.43,-1
5806,2023-06-30,midmarket,Europe,113.51,11
5807,2025-06-26,midmarket,Other,90.78,-1
5808,2023-09-08,midmarket,North America,142.51,12
5809,2023-04-29,smb,North America,38.1,1
5810,2024-04-30,midmarket,Europe,114.35,-1
5811,2024-04-07,smb,APAC,28.1,-1
5812,2023-01-17,midmarket,North America,135.33,-1
5813,2025-05-20,smb,North America,32.63,-1
5814,2024-01-27,midmarket,Europe,121.53,-1
5815,2022-03-15,enterprise,Other,368.98,32
5816,2023-06-05,smb,APAC,31.24,13
5817,2025-03-23,smb,APAC,24.68,-1
5818,2023-05-17,midmarket,Europe,110.71,1
5819,2023-12-26,midmarket,APAC,107.13,-1
5820,2024-02-21,smb,Europe,35.05,1
5821,2024-06-17,midmarket,North America,137.52,5
5822,2025-01-18,midmarket,Europe,107.25,-1
5823,2022-07-10,midmarket,Europe,124.78,7
5824,2023-10-22,midmarket,Europe,95.24,-1
5825,2023-11-12,smb,North America,38.92,19
5826,2022-07-14,smb,APAC,29.23,9
5827,2024-05-09,smb,APAC,30.46,1
5828,2022-05-31,smb,North America,33.72,11
5829,2023-08-06,midmarket,APAC,111.44,-1
5830,2023-02-26,smb,North America,37.67,1
5831,2022-07-17,enterprise,North America,397.42,-1
5832,2024-11-15,midmarket,North America,120.02,5
5833,2022-11-08,smb,Europe,35.32,20
5834,2022-11-22,midmarket,North America,142.73,-1
5835,2024-12-26,enterprise,Europe,356.17,-1
5836,2025-01-24,midmarket,APAC,91.62,-1
5837,2022-02-13,smb,Europe,30.47,1
5838,2022-12-21,midmarket,APAC,113.72,12
5839,2024-06-23,smb,Other,29.54,-1
5840,2024-09-19,smb,North America,37.21,8
5841,2025-06-29,smb,North America,28.12,-1
5842,2023-12-09,midmarket,North America,132.92,2
5843,2022-01-10,smb,Europe,32.58,6
5844,2025-01-19,midmarket,North America,131.2,-1
5845,2022-07-25,smb,Europe,29.58,-1
5846,2022-06-04,smb,Europe,30.01,-1
5847,2024-05-10,enterprise,Europe,315.34,-1
5848,2024-02-10,smb,North America,38.34,-1
5849,2022-03-18,smb,North America,41.69,-1
5850,2022-08-05,smb,North America,41.61,1
5851,2024-01-23,midmarket,APAC,91.91,-1
5852,2022-11-22,smb,Europe,37.2,-1
5853,2024-05-22,smb,Europe,30.02,10
5854,2023-06-10,smb,Europe,28.73,1
5855,2024-01-21,midmarket,Europe,115.37,1
5856,2023-08-30,smb,North America,37.07,-1
5857,2023-04-11,smb,North America,38.53,7
5858,2023-03-13,smb,North America,36.37,1
5859,2024-06-08,smb,North America,37.11,-1
5860,2023-10-19,midmarket,North America,107.34,-1
5861,2024-01-29,smb,APAC,27.96,1
5862,2024-01-07,midmarket,North America,120.14,7
5863,2022-09-22,midmarket,North America,142.77,15
5864,2025-03-11,smb,North America,30.91,-1
5865,2023-12-20,midmarket,North America,113.59,12
5866,2024-07-05,enterprise,North America,375.31,-1
5867,2025-01-30,enterprise,North America,381.86,-1
5868,2025-03-25,smb,North America,30.35,1
5869,2024-04-30,smb,Other,27.51,1
5870,2024-10-01,smb,North America,32.44,1
5871,2023-08-26,midmarket,North America,123.02,12
5872,2024-07-30,smb,Europe,30.71,-1
5873,2023-02-15,midmarket,North America,124.98,1
5874,2024-06-27,smb,Europe,32.18,1
5875,2022-04-20,smb,North America,41.56,9
5876,2025-03-12,midmarket,APAC,96.06,-1
5877,2022-11-09,smb,APAC,30.26,-1
5878,2024-04-17,midmarket,Europe,100.97,1
5879,2022-01-15,smb,North America,36.64,-1
5880,2022-07-18,midmarket,Europe,114.49,26
5881,2025-06-12,smb,North America,36.34,-1
5882,2024-11-29,smb,APAC,23.57,-1
5883,2022-10-11,smb,North America,35.29,28
5884,2022-06-16,smb,Europe,35.89,-1
5885,2024-11-05,midmarket,North America,119.11,-1
5886,2025-06-17,smb,Europe,31.97,-1
5887,2022-08-04,smb,North America,33.45,1
5888,2024-04-27,midmarket,North America,134.65,-1
5889,2022-12-28,enterprise,Europe,405.53,-1
5890,2024-08-07,midmarket,Europe,111.46,-1
5891,2023-06-18,midmarket,North America,122.62,1
5892,2022-06-09,smb,North America,37.05,1
5893,2023-02-18,smb,APAC,25.31,1
5894,2023-11-19,smb,Europe,34.18,1
5895,2024-10-15,smb,Europe,26.69,-1
5896,2022-01-27,midmarket,Europe,110.14,41
5897,2025-05-07,smb,Europe,26.67,1
5898,2024-04-08,enterprise,Europe,389.37,-1
5899,2025-01-21,midmarket,North America,107.9,-1
5900,2025-04-01,midmarket,Europe,96.35,1
5901,2022-07-15,midmarket,Europe,125.36,1
5902,2022-04-30,midmarket,North America,152.12,3
5903,2024-09-18,smb,Europe,32.48,-1
5904,2022-08-28,midmarket,North America,134.99,32
5905,2022-07-08,enterprise,North America,380.54,-1
5906,2023-08-21,smb,APAC,25.81,1
5907,2025-03-11,enterprise,APAC,275.32,-1
5908,2024-10-12,smb,North America,33.28,1
5909,2023-10-23,smb,Europe,30.32,11
5910,2022-09-08,smb,North America,38.94,15
5911,2023-03-06,smb,Europe,31.89,3
5912,2024-05-28,smb,Europe,32.58,1
5913,2022-07-20,smb,APAC,26.52,3
5914,2023-11-01,smb,North America,41.56,1
5915,2022-01-16,smb,North America,44.39,1
5916,2023-02-19,midmarket,APAC,96.54,-1
5917,2022-11-13,smb,North America,37.22,-1
5918,2024-05-19,smb,North America,39.97,-1
5919,2025-03-12,enterprise,North America,429.55,-1
5920,2022-07-06,smb,Europe,32.95,16
5921,2024-10-14,smb,North America,29.65,-1
5922,2024-04-16,smb,Europe,35.16,-1
5923,2025-05-22,midmarket,North America,117.9,-1
5924,2025-03-09,midmarket,Europe,104.84,-1
5925,2022-05-09,midmarket,APAC,98.85,6
5926,2024-08-06,smb,North America,37.83,9
5927,2024-01-26,smb,Europe,31.69,1
5928,2022-05-25,smb,Europe,34.05,13
5929,2022-11-25,midmarket,North America,141.2,7
5930,2025-03-28,midmarket,APAC,85.76,-1
5931,2023-11-24,smb,APAC,27.72,6
5932,2023-03-08,smb,APAC,30.83,1
5933,2023-02-13,smb,Other,29.15,3
5934,2024-12-05,midmarket,Europe,114.99,-1
5935,2022-12-28,midmarket,Europe,116.1,-1
5936,2022-07-22,smb,North America,37.04,32
5937,2024-01-03,smb,Other,24.79,15
5938,2025-06-20,midmarket,Europe,98.44,-1
5939,2022-08-22,smb,North America,34.51,1
5940,2022-11-22,smb,APAC,30.85,-1
5941,2023-08-22,smb,Europe,30.9,16
5942,2022-09-12,smb,Other,27.39,1
5943,2024-04-10,smb,APAC,25.06,1
5944,2022-11-20,smb,APAC,30.01,-1
5945,2022-06-13,smb,Europe,29.45,8
5946,2022-11-30,smb,Europe,34.47,12
5947,2025-04-02,smb,APAC,24.21,-1
5948,2025-04-07,smb,North America,37.07,-1
5949,2023-10-08,midmarket,North America,125.7,-1
5950,2023-05-26,midmarket,Other,102.48,1
5951,2024-11-11,smb,APAC,29.39,-1
5952,2022-09-05,midmarket,Other,109.43,-1
5953,2024-04-14,smb,North America,39.19,-1
5954,2024-05-17,smb,North America,32.2,1
5955,2024-06-24,smb,APAC,25.7,-1
5956,2022-10-06,smb,North America,41.0,1
5957,2024-07-02,smb,Europe,30.53,9
5958,2024-02-20,smb,North America,36.81,-1
5959,2025-01-21,smb,APAC,27.7,1
5960,2022-08-11,midmarket,Europe,102.71,1
5961,2024-02-22,midmarket,North America,110.03,3
5962,2024-11-24,smb,Europe,30.77,4
5963,2022-12-22,smb,North America,39.66,5
5964,2024-08-07,smb,Europe,32.89,-1
5965,2022-05-07,midmarket,Europe,124.65,1
5966,2024-07-05,smb,Europe,27.54,1
5967,2024-02-13,smb,North America,31.04,6
5968,2022-09-03,smb,North America,37.51,14
5969,2022-03-26,midmarket,North America,131.45,25
5970,2024-08-09,smb,Other,27.57,7
5971,2022-11-04,smb,North America,40.38,1
5972,2023-09-27,smb,Europe,35.34,6
5973,2022-03-19,midmarket,North America,136.91,1
5974,2025-05-14,smb,Other,22.76,-1
5975,2023-12-02,midmarket,APAC,96.74,-1
5976,2025-04-03,smb,North America,30.23,-1
5977,2022-07-24,midmarket,Europe,101.31,-1
5978,2022-09-20,smb,Europe,33.71,5
5979,2024-02-18,smb,APAC,27.17,16
5980,2024-02-11,midmarket,Other,77.64,15
5981,2024-10-06,midmarket,Europe,108.61,-1
5982,2025-03-30,midmarket,APAC,93.05,-1
5983,2024-11-14,midmarket,Europe,88.35,-1
5984,2022-06-28,smb,North America,41.81,3
5985,2023-01-30,midmarket,Europe,99.21,29
5986,2025-03-12,midmarket,Europe,99.62,-1
5987,2023-12-02,smb,North America,37.33,-1
5988,2025-01-11,midmarket,Europe,100.17,-1
5989,2023-12-20,smb,North America,38.68,-1
5990,2022-03-05,smb,North America,38.51,39
5991,2023-08-27,smb,APAC,26.28,6
5992,2024-11-18,smb,North America,33.84,1
5993,2024-04-15,midmarket,APAC,90.16,7
5994,2022-06-19,smb,North America,35.21,19
5995,2022-09-26,smb,Europe,33.42,32
5996,2024-12-26,midmarket,APAC,82.55,-1
5997,2025-06-03,smb,APAC,25.35,-1
5998,2024-08-18,smb,APAC,27.77,-1
5999,2022-05-06,smb,North America,42.86,1
6000,2024-03-01,smb,North America,39.21,-1
6001,2024-11-24,enterprise,Europe,354.7,-1
6002,2024-03-27,smb,APAC,31.02,-1
6003,2024-01-29,smb,APAC,28.52,-1
6004,2023-08-20,smb,Europe,33.97,12
6005,2022-11-09,midmarket,North America,142.35,-1
6006,2022-12-25,smb,North America,41.95,1
6007,2024-08-09,smb,Other,27.45,7
6008,2022-03-31,midmarket,Europe,133.25,1
6009,2022-04-18,smb,APAC,30.81,1
6010,2023-05-22,smb,Europe,36.85,-1
6011,2024-09-15,smb,APAC,26.08,-1
6012,2024-04-18,smb,APAC,24.04,-1
6013,2024-01-23,midmarket,North America,111.11,17
6014,2023-11-13,smb,APAC,28.82,-1
6015,2022-05-22,smb,North America,33.76,31
6016,2023-02-28,smb,North America,33.96,6
6017,2022-04-12,midmarket,APAC,102.49,-1
6018,2024-08-25,midmarket,North America,122.81,-1
6019,2024-08-16,smb,North America,31.07,-1
6020,2022-11-26,midmarket,Europe,117.07,-1
6021,2023-01-09,smb,Other,29.49,-1
6022,2023-02-10,smb,North America,40.85,-1
6023,2025-02-08,smb,Europe,30.46,1
6024,2023-09-16,midmarket,Europe,100.83,2
6025,2024-08-30,smb,North America,39.68,-1
6026,2023-07-27,enterprise,Europe,409.75,-1
6027,2024-06-09,smb,Europe,29.2,-1
6028,2023-11-06,smb,APAC,24.32,1
6029,2022-12-22,smb,Europe,33.52,-1
6030,2025-01-23,midmarket,Other,94.5,-1
6031,2024-06-23,midmarket,APAC,102.69,1
6032,2024-09-08,smb,North America,38.44,8
6033,2025-04-24,smb,APAC,29.51,-1
6034,2022-11-14,smb,Europe,35.53,-1
6035,2022-04-27,smb,North America,35.68,1
6036,2024-01-13,smb,Europe,26.82,-1
6037,2023-02-21,smb,APAC,26.53,-1
6038,2023-07-11,smb,North America,33.62,4
6039,2022-10-27,smb,North America,33.51,-1
6040,2023-05-24,smb,Europe,31.98,11
6041,2023-05-17,midmarket,North America,138.77,-1
6042,2023-03-24,smb,APAC,25.09,-1
6043,2024-08-05,midmarket,North America,129.18,-1
6044,2024-01-27,smb,APAC,31.61,-1
6045,2023-08-29,smb,APAC,25.75,18
6046,2022-05-24,smb,North America,33.84,-1
6047,2023-12-30,midmarket,Europe,106.69,-1
6048,2022-08-12,midmarket,North America,148.34,-1
6049,2023-02-05,midmarket,North America,139.0,1
6050,2023-06-14,midmarket,Europe,95.2,-1
6051,2022-06-30,midmarket,North America,141.85,3
6052,2023-05-12,smb,APAC,31.97,12
6053,2022-12-07,midmarket,Europe,106.12,-1
6054,2024-12-20,midmarket,North America,121.19,1
6055,2025-01-01,smb,North America,33.55,-1
6056,2022-01-06,midmarket,APAC,98.46,-1
6057,2024-02-08,midmarket,North America,136.91,14
6058,2024-03-28,smb,Europe,28.27,6
6059,2023-04-28,enterprise,North America,472.13,5
6060,2023-08-22,midmarket,Other,98.75,-1
6061,2024-10-04,smb,North America,31.3,-1
6062,2023-04-28,midmarket,Europe,118.83,15
6063,2022-03-24,midmarket,Europe,101.99,1
6064,2023-04-21,midmarket,North America,118.34,-1
6065,2022-11-20,midmarket,Europe,107.13,1
6066,2023-05-04,smb,North America,41.65,1
6067,2022-10-21,midmarket,North America,148.8,19
6068,2022-07-11,midmarket,North America,124.98,32
6069,2025-06-11,midmarket,Europe,96.71,-1
6070,2022-06-14,smb,APAC,35.23,11
6071,2024-06-19,midmarket,North America,125.62,1
6072,2024-07-04,smb,APAC,23.66,-1
6073,2024-02-28,midmarket,APAC,92.51,4
6074,2025-03-09,smb,North America,32.46,-1
6075,2022-01-07,midmarket,North America,129.98,20
6076,2023-01-20,enterprise,North America,437.3,13
6077,2022-08-24,smb,North America,41.72,21
6078,2024-01-07,midmarket,APAC,101.64,1
6079,2024-03-21,smb,Europe,29.46,-1
6080,2025-02-19,smb,North America,35.8,1
6081,2023-04-30,smb,Europe,32.93,10
6082,2022-10-29,midmarket,North America,143.01,21
6083,2025-03-25,smb,APAC,23.0,-1
6084,2024-05-08,midmarket,Europe,101.61,-1
6085,2024-09-02,smb,North America,33.26,-1
6086,2023-07-22,smb,Europe,30.68,-1
6087,2023-07-25,smb,North America,39.12,-1
6088,2023-05-12,smb,Other,28.04,19
6089,2024-08-14,smb,North America,33.35,-1
6090,2022-09-26,smb,APAC,30.68,18
6091,2025-05-29,midmarket,Other,88.41,-1
6092,2022-08-13,smb,Europe,35.66,25
6093,2023-08-12,midmarket,Europe,118.12,-1
6094,2023-02-06,enterprise,Europe,415.83,-1
6095,2024-03-30,smb,North America,38.0,4
6096,2024-05-18,enterprise,Other,267.93,-1
6097,2025-03-18,smb,Europe,31.91,-1
6098,2024-10-04,midmarket,APAC,87.05,-1
6099,2022-11-14,midmarket,Europe,120.2,-1
6100,2022-09-21,smb,North America,44.49,-1
6101,2025-02-05,enterprise,North America,358.46,-1
6102,2023-09-15,smb,North America,34.04,-1
6103,2022-05-05,smb,North America,35.74,5
6104,2024-11-18,smb,Europe,33.84,-1
6105,2024-04-07,midmarket,North America,118.27,5
6106,2022-02-02,smb,Other,32.14,6
6107,2024-09-25,smb,North America,29.7,-1
6108,2024-02-15,midmarket,Europe,96.06,1
6109,2024-02-24,midmarket,North America,106.18,-1
6110,2025-01-08,midmarket,North America,126.14,1
6111,2023-09-25,smb,Europe,28.04,-1
6112,2023-08-12,midmarket,North America,141.98,13
6113,2024-02-27,midmarket,Europe,111.47,2
6114,2022-09-10,smb,Europe,37.86,7
6115,2022-07-13,smb,North America,38.07,-1
6116,2024-12-12,midmarket,Europe,101.53,-1
6117,2022-10-03,midmarket,North America,113.56,12
6118,2023-10-06,midmarket,North America,123.44,-1
6119,2022-12-11,smb,APAC,30.73,1
6120,2022-10-22,smb,North America,33.97,25
6121,2024-02-02,smb,North America,40.78,1
6122,2024-10-20,smb,Europe,25.29,1
6123,2023-07-18,enterprise,Europe,341.4,-1
6124,2022-06-27,smb,Other,30.08,2
6125,2022-11-08,midmarket,APAC,102.98,-1
6126,2022-07-29,midmarket,APAC,96.81,16
6127,2025-01-31,midmarket,Europe,114.83,1
6128,2023-02-12,enterprise,North America,392.21,3
6129,2023-04-23,smb,North America,38.25,3
6130,2022-04-01,midmarket,APAC,94.24,-1
6131,2023-07-24,midmarket,North America,109.76,15
6132,2025-03-12,midmarket,North America,113.55,-1
6133,2023-06-07,smb,Europe,35.22,-1
6134,2024-04-10,smb,APAC,27.86,-1
6135,2022-08-21,smb,Europe,31.78,8
6136,2022-07-02,smb,North America,33.47,35
6137,2024-07-22,smb,APAC,30.76,7
6138,2022-03-25,smb,North America,36.43,1
6139,2023-07-27,midmarket,Other,95.68,-1
6140,2023-02-09,midmarket,North America,110.92,7
6141,2022-01-21,midmarket,Other,89.67,27
6142,2023-11-09,smb,APAC,25.52,16
6143,2025-05-15,enterprise,North America,331.97,-1
6144,2022-03-30,midmarket,APAC,108.0,1
6145,2024-11-06,smb,North America,32.93,-1
6146,2023-11-19,midmarket,North America,135.3,-1
6147,2024-07-12,enterprise,North America,351.07,-1
6148,2022-05-04,midmarket,Europe,115.36,6
6149,2025-01-13,smb,North America,32.89,-1
6150,2022-01-15,midmarket,Europe,110.31,29
6151,2025-03-03,midmarket,Other,74.02,-1
6152,2024-04-19,midmarket,APAC,80.74,1
6153,2023-03-07,smb,North America,32.23,1
6154,2022-01-10,midmarket,Europe,116.35,-1
6155,2024-02-19,enterprise,North America,352.83,-1
6156,2022-04-22,smb,North America,38.44,1
6157,2024-02-16,smb,APAC,27.37,1
6158,2024-09-13,midmarket,Other,85.61,-1
6159,2022-12-08,midmarket,North America,118.92,27
6160,2022-11-01,midmarket,North America,131.62,19
6161,2022-10-11,smb,North America,37.34,11
6162,2022-10-14,midmarket,North America,151.74,2
6163,2022-05-26,smb,North America,34.12,17
6164,2022-11-15,smb,North America,33.27,31
6165,2024-04-21,smb,North America,38.7,1
6166,2023-01-22,enterprise,North America,404.19,11
6167,2024-09-23,smb,APAC,24.33,-1
6168,2024-11-11,smb,APAC,29.58,-1
6169,2024-08-28,smb,Europe,30.32,1
6170,2023-11-20,enterprise,North America,427.98,-1
6171,2023-02-08,smb,APAC,25.25,-1
6172,2025-04-01,smb,North America,30.68,-1
6173,2022-09-19,smb,APAC,28.15,-1
6174,2023-08-16,smb,North America,39.62,-1
6175,2023-08-02,smb,APAC,27.77,-1
6176,2024-08-09,midmarket,North America,121.14,6
6177,2023-11-29,smb,APAC,31.99,4
6178,2024-10-17,smb,North America,39.13,6
6179,2025-03-18,smb,APAC,23.11,-1
6180,2023-05-14,midmarket,Europe,113.06,12
6181,2025-01-21,enterprise,North America,407.05,-1
6182,2022-08-05,smb,APAC,33.07,1
6183,2025-03-14,smb,North America,37.43,-1
6184,2022-08-16,enterprise,Europe,413.69,2
6185,2024-12-20,midmarket,North America,122.46,-1
6186,2023-05-13,smb,APAC,25.29,-1
6187,2025-05-15,smb,APAC,26.07,1
6188,2022-06-14,midmarket,Europe,120.72,34
6189,2023-08-17,midmarket,APAC,104.41,4
6190,2025-02-24,midmarket,APAC,91.93,-1
6191,2022-03-02,midmarket,Europe,115.67,1
6192,2022-12-05,smb,North America,38.08,5
6193,2022-04-17,smb,Europe,39.36,-1
6194,2023-02-14,smb,North America,35.91,1
6195,2023-05-13,smb,Europe,35.2,16
6196,2024-02-29,enterprise,North America,420.42,16
6197,2022-11-25,midmarket,APAC,101.31,19
6198,2022-07-22,midmarket,Europe,113.7,1
6199,2022-08-05,enterprise,Europe,391.49,1
6200,2025-04-12,smb,North America,36.03,-1
6201,2025-05-01,midmarket,North America,99.92,-1
6202,2022-10-10,smb,APAC,33.92,13
6203,2022-09-07,midmarket,Europe,125.11,-1
6204,2022-03-11,midmarket,Other,96.49,25
6205,2025-05-09,midmarket,Europe,83.6,-1
6206,2024-06-20,smb,North America,30.77,-1
6207,2024-08-28,smb,Europe,26.82,7
6208,2023-01-06,smb,Europe,29.14,-1
6209,2024-03-28,midmarket,North America,107.07,1
6210,2022-03-18,smb,Europe,39.47,3
6211,2024-05-12,smb,North America,36.75,-1
6212,2024-01-10,midmarket,North America,134.63,-1
6213,2023-02-27,enterprise,North America,440.74,15
6214,2024-06-25,midmarket,Europe,107.78,-1
6215,2024-04-04,enterprise,Europe,390.56,1
6216,2023-07-15,smb,North America,34.29,5
6217,2022-08-27,midmarket,APAC,110.64,30
6218,2022-01-31,smb,APAC,35.27,-1
6219,2025-04-11,smb,North America,37.38,-1
6220,2022-12-26,midmarket,North America,128.84,-1
6221,2023-01-21,smb,North America,42.11,6
6222,2024-05-19,enterprise,North America,401.43,-1
6223,2022-11-22,smb,Other,26.32,16
6224,2023-04-25,enterprise,APAC,310.2,-1
6225,2024-06-26,midmarket,North America,117.93,-1
6226,2024-01-30,midmarket,Europe,99.04,1
6227,2024-04-17,smb,North America,30.3,-1
6228,2022-01-06,smb,North America,35.49,1
6229,2023-07-30,smb,North America,40.8,-1
6230,2023-08-30,enterprise,North America,468.13,1
6231,2024-03-18,smb,North America,39.42,8
6232,2022-07-13,enterprise,North America,454.56,21
6233,2022-07-23,smb,North America,44.25,16
6234,2024-08-30,smb,Europe,30.02,9
6235,2024-05-09,smb,Europe,30.17,7
6236,2024-11-01,midmarket,North America,115.6,-1
6237,2022-12-12,smb,Europe,30.78,4
6238,2025-06-26,smb,North America,33.8,-1
6239,2022-12-15,midmarket,Other,95.37,-1
6240,2024-04-10,smb,North America,40.29,-1
6241,2022-07-26,enterprise,Europe,350.72,1
6242,2025-03-18,smb,North America,29.02,-1
6243,2023-03-01,smb,North America,35.99,-1
6244,2024-10-20,smb,Europe,27.17,-1
6245,2023-02-27,smb,APAC,33.99,-1
6246,2024-10-06,midmarket,Other,88.09,-1
6247,2023-08-03,smb,Europe,30.61,-1
6248,2022-03-21,midmarket,North America,142.59,1
6249,2022-08-31,smb,APAC,30.06,-1
6250,2024-05-22,smb,North America,32.02,1
6251,2022-09-04,smb,Europe,32.65,10
6252,2022-12-18,midmarket,APAC,95.98,12
6253,2023-11-23,midmarket,North America,129.21,1
6254,2022-11-19,smb,Europe,36.57,19
6255,2022-06-14,enterprise,North America,417.44,26
6256,2024-03-07,midmarket,North America,125.98,1
6257,2024-05-29,midmarket,Other,94.47,-1
6258,2024-07-24,smb,North America,33.36,-1
6259,2025-04-19,midmarket,North America,112.91,-1
6260,2022-06-08,smb,Europe,32.75,3
6261,2023-06-29,smb,North America,35.7,-1
6262,2022-10-26,smb,North America,37.97,4
6263,2025-02-23,midmarket,North America,107.56,4
6264,2023-11-20,enterprise,Europe,358.41,-1
6265,2022-05-06,midmarket,North America,145.72,26
6266,2024-06-02,smb,APAC,26.45,-1
6267,2022-02-24,smb,North America,45.42,-1
6268,2022-12-16,enterprise,Other,295.54,-1
6269,2024-07-09,midmarket,North America,117.22,1
6270,2023-10-08,midmarket,North America,128.52,-1
6271,2024-08-29,midmarket,Other,88.64,-1
6272,2023-12-30,smb,APAC,31.96,-1
6273,2024-12-11,midmarket,North America,109.76,-1
6274,2023-12-19,enterprise,North America,396.4,2
6275,2022-03-14,midmarket,APAC,110.08,-1
6276,2022-04-01,midmarket,North America,140.04,-1
6277,2024-09-18,midmarket,North America,127.91,-1
6278,2022-02-19,midmarket,Europe,130.0,28
6279,2023-04-26,midmarket,APAC,85.82,-1
6280,2022-01-21,enterprise,Europe,431.7,-1
6281,2023-01-23,smb,Europe,35.24,-1
6282,2024-01-30,smb,Other,27.16,-1
6283,2022-08-09,enterprise,North America,420.8,18
6284,2023-08-18,smb,APAC,32.27,1
6285,2025-06-24,midmarket,North America,120.08,-1
6286,2022-03-31,smb,Europe,32.15,-1
6287,2022-03-23,smb,Europe,32.65,2
6288,2022-12-13,midmarket,North America,139.32,-1
6289,2024-11-21,midmarket,Europe,113.99,1
6290,2023-06-02,smb,APAC,28.96,-1
6291,2024-03-26,midmarket,Europe,117.72,-1
6292,2022-02-13,midmarket,North America,132.51,-1
6293,2024-07-26,smb,North America,33.62,-1
6294,2022-03-28,smb,Europe,36.61,4
6295,2024-06-27,smb,Europe,26.26,1
6296,2022-07-08,smb,North America,34.9,1
6297,2024-12-31,smb,North America,36.11,-1
6298,2023-01-13,smb,Europe,30.52,12
6299,2022-08-23,smb,North America,35.16,11
6300,2023-03-06,smb,North America,33.02,24
6301,2022-01-02,smb,North America,36.93,18
6302,2022-07-30,smb,Europe,31.49,-1
6303,2024-02-03,smb,Other,25.09,-1
6304,2023-01-19,smb,Europe,37.42,26
6305,2023-03-28,smb,North America,39.3,-1
6306,2024-10-27,midmarket,APAC,96.98,3
6307,2022-06-07,smb,North America,34.99,12
6308,2023-05-21,enterprise,Other,286.02,1
6309,2022-08-26,midmarket,North America,149.55,15
6310,2023-09-09,midmarket,APAC,102.05,-1
6311,2023-02-28,smb,APAC,32.37,6
6312,2022-02-28,smb,APAC,30.01,11
6313,2022-03-31,midmarket,North America,139.9,-1
6314,2024-12-23,midmarket,APAC,90.74,-1
6315,2022-03-14,midmarket,Europe,108.39,23
6316,2024-09-25,midmarket,North America,129.23,-1
6317,2025-03-14,enterprise,Europe,313.86,-1
6318,2023-08-18,smb,Europe,31.63,-1
6319,2023-02-03,midmarket,Other,85.36,-1
6320,2024-09-17,midmarket,APAC,95.99,-1
6321,2025-06-07,midmarket,North America,121.86,-1
6322,2022-06-03,smb,Europe,33.28,2
6323,2025-05-15,smb,North America,37.59,-1
6324,2025-04-19,midmarket,North America,105.09,-1
6325,2022-07-01,midmarket,APAC,116.79,3
6326,2022-03-11,smb,Europe,36.98,-1
6327,2024-07-01,enterprise,APAC,350.3,-1
6328,2022-04-10,smb,Europe,37.01,11
6329,2024-02-06,smb,North America,35.58,-1
6330,2022-03-24,smb,Europe,33.78,-1
6331,2024-05-31,smb,North America,38.55,-1
6332,2022-10-23,midmarket,Other,107.78,11
6333,2022-05-03,midmarket,Other,102.8,-1
6334,2022-03-27,midmarket,APAC,113.5,-1
6335,2022-08-29,enterprise,APAC,344.57,1
6336,2023-11-21,midmarket,Europe,98.78,8
6337,2022-04-08,smb,Europe,29.86,11
6338,2024-10-20,smb,APAC,27.97,-1
6339,2024-02-10,midmarket,North America,128.39,1
6340,2023-01-15,smb,APAC,31.24,1
6341,2025-06-12,midmarket,North America,114.17,-1
6342,2024-04-20,midmarket,APAC,90.16,9
6343,2024-05-07,midmarket,Europe,96.51,-1
6344,2022-08-10,smb,APAC,26.52,11
6345,2024-06-25,smb,Europe,27.14,-1
6346,2023-12-15,smb,Europe,32.52,-1
6347,2025-06-10,enterprise,APAC,315.86,-1
6348,2023-09-02,midmarket,North America,140.68,8
6349,2024-05-15,smb,North America,30.71,-1
6350,2023-03-12,enterprise,North America,471.04,1
6351,2022-02-21,midmarket,Europe,122.94,1
6352,2022-06-13,enterprise,Europe,367.54,3
6353,2025-01-11,midmarket,Europe,106.99,-1
6354,2024-07-30,smb,North America,39.81,6
6355,2023-04-11,midmarket,North America,123.86,1
6356,2024-06-09,smb,APAC,28.36,1
6357,2022-01-06,smb,Europe,32.49,-1
6358,2022-02-17,midmarket,North America,125.21,34
6359,2023-10-10,midmarket,North America,111.59,-1
6360,2024-03-08,smb,North America,30.48,-1
6361,2025-04-10,smb,APAC,27.61,-1
6362,2024-08-27,smb,Europe,26.84,-1
6363,2022-11-25,midmarket,Europe,120.55,-1
6364,2024-11-06,smb,Europe,32.82,-1
6365,2023-09-20,smb,APAC,31.59,12
6366,2024-11-20,midmarket,North America,109.47,-1
6367,2022-08-10,smb,North America,34.57,1
6368,2022-02-03,smb,North America,39.38,14
6369,2022-03-15,smb,Other,26.66,11
6370,2025-06-18,midmarket,Europe,93.75,-1
6371,2022-04-13,midmarket,Europe,120.79,12
6372,2025-04-13,midmarket,APAC,92.54,-1
6373,2024-07-16,smb,North America,31.78,-1
6374,2022-07-06,enterprise,North America,410.75,-1
6375,2025-01-07,enterprise,Europe,370.67,1
6376,2022-07-04,smb,Other,32.79,2
6377,2022-07-02,midmarket,North America,139.94,1
6378,2024-01-05,smb,Europe,31.68,-1
6379,2023-01-03,midmarket,APAC,106.9,-1
6380,2023-01-07,smb,Europe,29.39,1
6381,2022-09-06,midmarket,Europe,129.37,9
6382,2024-02-15,smb,North America,32.52,1
6383,2022-02-04,smb,North America,42.11,17
6384,2022-11-09,midmarket,North America,120.69,1
6385,2023-12-08,midmarket,North America,131.07,1
6386,2023-09-13,midmarket,APAC,105.56,1
6387,2024-06-12,smb,Europe,32.54,1
6388,2022-10-03,midmarket,APAC,101.33,-1
6389,2024-04-06,midmarket,North America,124.81,-1
6390,2024-08-27,midmarket,North America,121.87,4
6391,2023-05-11,smb,APAC,31.12,1
6392,2022-11-24,smb,North America,38.39,17
6393,2023-12-10,midmarket,North America,123.72,-1
6394,2024-01-09,smb,North America,37.8,-1
6395,2022-05-01,smb,North America,35.6,25
6396,2023-12-23,smb,North America,37.65,-1
6397,2022-07-16,smb,North America,35.01,15
6398,2023-12-27,midmarket,APAC,103.13,2
6399,2025-04-03,smb,North America,31.95,1
6400,2023-11-17,smb,Europe,34.68,-1
6401,2024-08-29,smb,Europe,26.32,-1
6402,2023-01-31,midmarket,Europe,112.06,21
6403,2025-03-23,midmarket,Europe,89.21,-1
6404,2024-11-03,smb,North America,37.74,-1
6405,2025-03-15,midmarket,North America,101.15,-1
6406,2024-08-04,smb,Europe,29.89,10
6407,2024-04-08,midmarket,Other,78.79,-1
6408,2023-11-01,smb,North America,39.42,-1
6409,2025-03-30,midmarket,Europe,92.62,-1
6410,2024-12-18,midmarket,Other,88.05,-1
6411,2023-06-16,enterprise,APAC,299.1,1
6412,2022-04-20,smb,APAC,29.68,9
6413,2022-01-05,smb,Europe,30.94,-1
6414,2022-10-25,smb,APAC,30.66,-1
6415,2022-03-21,smb,Europe,29.51,-1
6416,2022-09-27,smb,Europe,38.7,27
6417,2022-05-20,smb,APAC,30.15,-1
6418,2025-06-05,smb,North America,33.96,-1
6419,2022-05-02,smb,Other,27.34,30
6420,2024-03-10,smb,Other,24.26,13
6421,2023-03-25,midmarket,Europe,123.96,1
6422,2022-08-11,smb,North America,41.98,1
6423,2024-06-13,midmarket,APAC,97.67,6
6424,2025-05-23,enterprise,North America,404.1,-1
6425,2024-10-05,smb,Europe,26.81,-1
6426,2025-05-29,smb,North America,37.15,1
6427,2024-01-24,midmarket,APAC,94.82,-1
6428,2024-05-09,enterprise,Other,329.15,1
6429,2022-07-06,smb,North America,41.92,19
6430,2024-12-23,midmarket,Europe,94.28,4
6431,2024-08-12,enterprise,APAC,315.27,-1
6432,2022-11-21,smb,North America,43.78,15
6433,2023-03-29,smb,North America,32.44,6
6434,2024-02-19,smb,North America,34.85,1
6435,2022-01-17,smb,APAC,32.64,4
6436,2024-11-09,midmarket,Europe,96.43,3
6437,2022-12-25,midmarket,North America,123.88,2
6438,2022-04-06,smb,North America,42.66,-1
6439,2023-02-26,smb,Europe,37.03,6
6440,2024-12-02,midmarket,North America,117.17,-1
6441,2022-12-16,midmarket,Europe,129.27,1
6442,2023-11-20,midmarket,North America,109.24,1
6443,2024-11-01,enterprise,APAC,279.05,2
6444,2022-02-13,midmarket,Europe,104.68,1
6445,2024-08-27,enterprise,APAC,302.88,-1
6446,2023-01-04,smb,North America,39.48,23
6447,2024-06-06,midmarket,Europe,94.7,1
6448,2022-08-29,smb,APAC,30.02,11
6449,2022-06-27,smb,Europe,36.09,11
6450,2024-10-02,smb,North America,35.59,-1
6451,2024-10-27,smb,North America,35.49,8
6452,2025-06-06,midmarket,Europe,100.55,-1
6453,2024-05-14,enterprise,Europe,399.57,-1
6454,2023-08-18,smb,APAC,30.6,1
6455,2022-09-06,enterprise,APAC,389.21,18
6456,2023-01-12,midmarket,Europe,128.77,-1
6457,2024-04-06,enterprise,Other,330.07,-1
6458,2023-03-18,smb,Europe,28.78,7
6459,2023-09-09,enterprise,North America,421.5,1
6460,2022-08-03,smb,North America,37.57,-1
6461,2023-07-15,midmarket,APAC,87.11,-1
6462,2022-10-31,smb,North America,39.33,20
6463,2022-05-24,midmarket,APAC,96.89,1
6464,2022-06-18,smb,North America,40.29,8
6465,2023-10-24,smb,North America,39.84,-1
6466,2023-04-13,midmarket,APAC,97.37,-1
6467,2022-05-08,midmarket,APAC,120.33,-1
6468,2023-10-19,smb,APAC,30.74,4
6469,2022-07-29,smb,North America,42.72,-1
6470,2022-01-20,midmarket,North America,121.95,1
6471,2022-06-19,midmarket,Europe,132.79,-1
6472,2023-07-27,enterprise,APAC,284.18,-1
6473,2025-05-02,enterprise,North America,414.42,1
6474,2022-11-05,enterprise,Europe,327.81,-1
6475,2022-12-30,enterprise,North America,392.58,4
6476,2022-11-06,midmarket,Europe,108.16,-1
6477,2023-03-30,smb,North America,40.35,4
6478,2024-07-04,smb,Other,28.73,-1
6479,2023-02-15,smb,North America,39.74,2
6480,2024-04-19,smb,Europe,32.76,1
6481,2025-02-20,smb,APAC,24.51,-1
6482,2025-04-22,midmarket,North America,129.5,-1
6483,2023-12-20,smb,North America,35.01,12
6484,2024-06-29,midmarket,Europe,116.94,-1
6485,2025-03-18,smb,Europe,31.33,-1
6486,2024-09-30,smb,Europe,28.68,-1
6487,2023-01-18,smb,Europe,31.52,-1
6488,2022-06-18,midmarket,North America,142.1,11
6489,2022-05-27,smb,APAC,35.01,-1
6490,2025-01-30,midmarket,North America,121.19,-1
6491,2023-12-11,enterprise,Europe,396.2,-1
6492,2023-01-14,enterprise,APAC,387.79,3
6493,2023-03-17,midmarket,APAC,95.92,-1
6494,2022-12-26,smb,North America,38.66,-1
6495,2024-10-20,midmarket,North America,120.96,-1
6496,2024-02-21,enterprise,Europe,324.12,1
6497,2025-01-27,smb,North America,36.61,-1
6498,2023-01-21,smb,Europe,30.71,1
6499,2023-08-27,midmarket,Europe,116.35,-1
6500,2022-06-05,smb,North America,39.61,12
6501,2025-05-24,smb,North America,36.19,-1
6502,2023-10-16,smb,Europe,31.74,18
6503,2023-12-07,smb,APAC,28.91,1
6504,2023-06-12,smb,North America,33.56,-1
6505,2022-12-12,midmarket,North America,143.16,24
6506,2025-04-25,smb,North America,32.08,1
6507,2023-09-16,enterprise,Europe,372.03,-1
6508,2024-05-11,smb,APAC,30.31,1
6509,2022-02-17,midmarket,APAC,106.84,1
6510,2022-12-19,midmarket,Other,90.3,-1
6511,2024-10-22,smb,Europe,27.62,-1
6512,2022-04-23,smb,APAC,31.69,1
6513,2022-05-10,midmarket,North America,126.98,35
6514,2024-10-30,midmarket,Europe,96.92,-1
6515,2023-01-29,midmarket,Europe,104.38,14
6516,2022-12-16,smb,APAC,29.43,1
6517,2023-12-23,midmarket,APAC,95.63,3
6518,2022-09-06,midmarket,North America,133.97,5
6519,2022-02-24,smb,APAC,32.23,11
6520,2022-01-06,midmarket,APAC,110.85,36
6521,2022-04-12,enterprise,Other,321.97,14
6522,2022-07-22,smb,Europe,38.13,-1
6523,2024-06-07,enterprise,Other,295.84,9
6524,2023-01-16,smb,APAC,32.73,-1
6525,2022-04-02,smb,Europe,35.11,1
6526,2022-01-19,enterprise,North America,442.14,4
6527,2023-09-01,smb,APAC,30.66,-1
6528,2024-12-08,smb,APAC,23.88,-1
6529,2023-03-09,smb,Europe,37.37,2
6530,2022-03-23,smb,Other,30.12,1
6531,2022-10-19,enterprise,North America,388.65,1
6532,2023-09-30,enterprise,Europe,354.76,1
6533,2022-08-29,smb,North America,41.44,2
6534,2025-06-02,midmarket,Europe,84.82,-1
6535,2024-09-01,midmarket,North America,109.33,-1
6536,2023-03-16,smb,North America,42.46,1
6537,2025-04-29,midmarket,North America,108.44,-1
6538,2023-02-19,smb,North America,33.98,15
6539,2022-06-28,smb,North America,34.59,-1
6540,2025-04-12,smb,Europe,29.77,-1
6541,2025-05-09,enterprise,North America,382.22,-1
6542,2023-02-03,midmarket,North America,135.53,-1
6543,2024-01-29,smb,North America,40.74,1
6544,2022-08-10,midmarket,North America,115.95,23
6545,2024-03-29,smb,North America,32.24,-1
6546,2024-05-30,smb,Other,23.86,1
6547,2024-06-24,midmarket,Europe,101.77,-1
6548,2023-12-27,midmarket,North America,109.42,10
6549,2024-06-17,smb,Europe,29.53,12
6550,2023-12-10,midmarket,North America,135.16,12
6551,2024-11-12,smb,Europe,26.56,1
6552,2022-08-18,smb,Other,32.39,30
6553,2023-09-09,midmarket,North America,140.82,6
6554,2023-06-16,smb,North America,37.26,-1
6555,2023-11-12,midmarket,Europe,119.56,-1
6556,2022-07-01,midmarket,North America,142.72,-1
6557,2023-02-18,smb,North America,36.22,-1
6558,2025-05-02,smb,Europe,29.11,1
6559,2022-05-15,smb,Europe,30.41,1
6560,2024-03-21,smb,North America,35.41,1
6561,2024-04-28,smb,APAC,30.33,-1
6562,2023-08-29,midmarket,North America,129.2,1
6563,2022-02-12,midmarket,North America,132.51,22
6564,2022-02-13,midmarket,Europe,125.31,1
6565,2022-12-18,midmarket,Europe,130.25,-1
6566,2022-05-11,smb,Europe,29.9,1
6567,2022-05-01,smb,Europe,32.61,14
6568,2022-07-24,midmarket,Europe,104.65,2
6569,2022-09-01,smb,APAC,34.5,1
6570,2024-12-05,smb,Europe,29.79,1
6571,2024-03-26,smb,North America,31.51,-1
6572,2022-02-08,midmarket,APAC,111.12,38
6573,2024-03-12,smb,North America,35.46,-1
6574,2022-06-24,smb,APAC,26.71,12
6575,2023-06-22,enterprise,North America,470.54,6
6576,2022-02-18,midmarket,Europe,126.95,21
6577,2022-04-26,midmarket,Europe,100.78,-1
6578,2022-06-19,smb,Europe,38.91,1
6579,2023-07-07,smb,North America,33.15,1
6580,2023-08-14,smb,North America,31.24,-1
6581,2023-03-27,smb,APAC,28.84,-1
6582,2024-03-02,midmarket,Other,80.16,1
6583,2024-07-08,midmarket,Europe,105.68,-1
6584,2024-07-18,smb,North America,32.75,2
6585,2024-01-09,smb,North America,32.44,-1
6586,2023-11-28,smb,Europe,36.05,9
6587,2023-09-20,midmarket,North America,119.06,3
6588,2022-10-31,midmarket,APAC,100.9,-1
6589,2023-09-14,midmarket,Europe,102.27,3
6590,2022-01-13,midmarket,North America,151.95,-1
6591,2025-05-17,midmarket,North America,102.45,-1
6592,2023-04-18,smb,North America,33.3,-1
6593,2024-08-23,smb,Europe,33.46,-1
6594,2025-05-05,midmarket,Europe,88.69,-1
6595,2023-09-27,midmarket,North America,138.81,21
6596,2025-01-04,midmarket,Europe,102.55,-1
6597,2023-09-04,smb,North America,40.11,-1
6598,2022-06-18,smb,Europe,29.79,-1
6599,2022-02-03,enterprise,APAC,408.19,19
6600,2022-06-23,smb,North America,36.97,-1
6601,2025-04-17,midmarket,North America,98.33,-1
6602,2023-08-30,midmarket,APAC,106.43,5
6603,2023-02-12,smb,North America,34.2,-1
6604,2023-07-24,midmarket,North America,120.96,-1
6605,2022-11-23,midmarket,APAC,105.98,-1
6606,2025-01-15,smb,Europe,25.44,-1
6607,2025-06-29,midmarket,Other,75.43,-1
6608,2022-04-19,enterprise,Europe,393.21,11
6609,2024-07-06,enterprise,Europe,336.92,-1
6610,2023-03-05,enterprise,North America,437.92,-1
6611,2022-03-02,smb,North America,42.62,2
6612,2025-03-22,midmarket,Europe,94.73,-1
6613,2022-03-20,smb,North America,38.74,36
6614,2022-09-20,smb,Europe,31.41,1
6615,2022-02-02,midmarket,North America,130.76,-1
6616,2023-08-25,midmarket,North America,109.01,-1
6617,2024-02-05,midmarket,Europe,108.8,1
6618,2023-02-14,midmarket,Europe,101.77,2
6619,2022-04-02,midmarket,North America,144.93,20
6620,2022-05-29,smb,APAC,26.68,-1
6621,2025-04-06,midmarket,North America,98.37,-1
6622,2024-10-25,smb,North America,31.96,1
6623,2025-04-10,smb,Other,23.98,1
6624,2023-11-09,smb,APAC,29.97,15
6625,2023-11-28,midmarket,North America,131.24,1
6626,2024-09-29,midmarket,North America,134.48,-1
6627,2024-02-26,smb,APAC,26.65,16
6628,2023-07-11,midmarket,Europe,95.55,11
6629,2023-01-08,smb,North America,42.16,7
6630,2023-09-12,smb,North America,39.09,-1
6631,2022-03-23,smb,North America,34.71,34
6632,2022-09-03,midmarket,APAC,91.04,17
6633,2024-07-29,midmarket,Europe,102.77,4
6634,2025-01-12,smb,North America,32.01,-1
6635,2022-05-10,smb,North America,40.65,19
6636,2022-05-04,smb,North America,36.18,-1
6637,2022-04-20,smb,Europe,39.28,16
6638,2024-10-07,smb,APAC,26.83,-1
6639,2023-02-02,smb,Europe,35.39,10
6640,2023-02-21,smb,APAC,26.3,-1
6641,2022-01-16,enterprise,North America,476.14,1
6642,2025-05-26,midmarket,Europe,108.74,-1
6643,2023-07-08,smb,North America,31.64,1
6644,2024-10-14,smb,North America,34.57,-1
6645,2024-06-22,midmarket,Europe,96.15,7
6646,2022-06-30,smb,APAC,30.58,1
6647,2024-10-19,midmarket,North America,128.23,-1
6648,2023-12-04,midmarket,Europe,113.47,14
6649,2024-02-11,smb,APAC,30.02,1
6650,2022-09-13,midmarket,APAC,95.04,9
6651,2024-12-16,smb,Europe,32.32,-1
6652,2025-04-03,smb,North America,34.19,-1
6653,2023-06-03,smb,APAC,25.29,2
6654,2022-04-29,midmarket,North America,150.91,-1
6655,2024-12-19,smb,North America,29.29,1
6656,2025-02-06,midmarket,North America,98.4,1
6657,2023-10-09,smb,Europe,34.8,11
6658,2024-01-09,midmarket,Europe,91.2,15
6659,2022-10-12,smb,APAC,26.47,1
6660,2022-03-28,smb,Europe,29.65,1
6661,2025-04-19,midmarket,Other,93.32,-1
6662,2023-09-09,midmarket,Europe,94.11,13
6663,2022-12-17,midmarket,Europe,109.6,-1
6664,2024-06-03,smb,North America,31.94,1
6665,2022-02-03,smb,North America,38.16,23
6666,2022-04-13,smb,Europe,32.35,1
6667,2022-11-06,smb,Europe,37.28,21
6668,2023-07-30,smb,North America,39.91,-1
6669,2023-04-13,smb,Europe,36.36,-1
6670,2022-08-28,midmarket,North America,142.39,25
6671,2023-03-25,smb,North America,35.75,-1
6672,2023-03-03,smb,North America,34.12,1
6673,2023-11-01,smb,North America,36.51,-1
6674,2023-12-20,enterprise,North America,393.81,-1
6675,2025-01-31,midmarket,APAC,94.06,-1
6676,2024-10-26,midmarket,APAC,78.99,-1
6677,2023-01-09,smb,North America,40.47,2
6678,2025-02-25,smb,North America,31.41,-1
6679,2023-10-27,midmarket,Europe,107.22,-1
6680,2022-08-28,midmarket,North America,152.75,14
6681,2023-03-11,smb,APAC,26.96,-1
6682,2024-08-04,smb,Europe,26.58,1
6683,2024-11-14,smb,APAC,24.28,1
6684,2023-04-23,smb,North America,35.81,1
6685,2022-07-21,smb,Other,29.25,-1
6686,2022-09-02,midmarket,APAC,119.03,-1
6687,2022-05-13,midmarket,Europe,130.87,-1
6688,2024-06-10,smb,Other,27.46,-1
6689,2023-10-04,smb,Europe,33.72,-1
6690,2023-07-30,midmarket,North America,118.4,23
6691,2024-05-07,smb,Europe,34.43,3
6692,2024-11-23,midmarket,APAC,92.25,7
6693,2024-10-12,midmarket,APAC,82.38,1
6694,2022-06-24,midmarket,Europe,133.09,26
6695,2024-01-23,smb,Europe,31.21,-1
6696,2025-01-31,smb,North America,30.14,-1
6697,2024-09-14,smb,North America,36.77,1
6698,2023-02-25,smb,Europe,30.29,13
6699,2023-05-17,smb,North America,33.8,4
6700,2025-02-09,midmarket,North America,106.61,1
6701,2022-02-11,smb,APAC,32.09,4
6702,2023-11-02,midmarket,Europe,101.19,-1
6703,2022-05-29,smb,Europe,29.63,11
6704,2025-02-15,midmarket,North America,110.73,-1
6705,2022-02-19,midmarket,North America,126.42,-1
6706,2022-01-30,smb,Europe,35.12,-1
6707,2023-02-24,enterprise,APAC,334.44,-1
6708,2022-09-13,smb,North America,33.87,30
6709,2023-09-25,smb,APAC,26.43,1
6710,2023-01-18,smb,APAC,27.82,1
6711,2023-03-31,enterprise,APAC,335.36,1
6712,2023-12-22,enterprise,Europe,392.42,-1
6713,2023-12-17,midmarket,North America,113.03,-1
6714,2025-04-07,smb,APAC,23.22,-1
6715,2023-09-06,smb,Europe,27.03,-1
6716,2023-12-21,midmarket,North America,127.4,-1
6717,2024-05-15,smb,North America,33.25,11
6718,2022-08-11,smb,Europe,35.61,10
6719,2024-05-01,smb,Europe,32.25,8
6720,2025-01-04,enterprise,APAC,259.54,1
6721,2023-02-10,smb,North America,36.93,22
6722,2022-08-16,smb,North America,44.43,2
6723,2023-03-18,midmarket,Other,89.02,16
6724,2022-12-17,enterprise,North America,440.68,9
6725,2024-01-17,enterprise,North America,414.04,-1
6726,2025-01-07,smb,APAC,24.41,4
6727,2024-02-01,smb,Other,28.55,-1
6728,2022-06-10,smb,Europe,29.11,25
6729,2023-02-06,midmarket,North America,119.14,13
6730,2024-05-29,smb,Europe,31.36,2
6731,2023-02-26,midmarket,APAC,114.28,-1
6732,2024-01-19,smb,APAC,23.91,-1
6733,2024-06-04,midmarket,North America,123.28,-1
6734,2023-02-25,smb,APAC,25.21,1
6735,2024-04-06,smb,Europe,31.8,-1
6736,2023-05-23,smb,North America,36.31,24
6737,2022-06-22,smb,North America,38.55,-1
6738,2023-04-20,midmarket,North America,146.54,-1
6739,2023-07-17,smb,Other,28.79,1
6740,2022-01-04,smb,North America,36.58,-1
6741,2025-02-13,midmarket,Europe,114.52,-1
6742,2023-11-05,smb,North America,33.55,1
6743,2022-02-16,midmarket,APAC,113.5,1
6744,2025-01-12,midmarket,Europe,105.62,-1
6745,2024-12-27,smb,APAC,29.22,-1
6746,2022-01-16,midmarket,Europe,116.36,1
6747,2022-07-28,midmarket,APAC,111.2,-1
6748,2023-04-10,midmarket,Europe,115.97,-1
6749,2023-10-10,smb,Europe,31.03,-1
6750,2024-07-15,smb,Other,28.86,-1
6751,2023-06-26,midmarket,Europe,102.42,9
6752,2024-02-20,smb,APAC,25.58,-1
6753,2022-01-13,smb,North America,41.82,5
6754,2024-04-20,smb,Europe,27.82,11
6755,2025-03-14,smb,APAC,28.59,-1
6756,2023-11-03,smb,APAC,26.96,12
6757,2023-08-04,midmarket,Europe,106.96,1
6758,2023-01-15,midmarket,Europe,119.6,11
6759,2025-05-02,smb,APAC,28.7,-1
6760,2022-02-12,midmarket,North America,145.2,-1
6761,2023-01-01,smb,Other,24.69,6
6762,2022-06-26,enterprise,North America,427.62,-1
6763,2025-01-10,midmarket,North America,123.87,5
6764,2023-09-08,smb,APAC,32.11,-1
6765,2025-03-22,enterprise,North America,395.13,-1
6766,2024-04-28,smb,North America,36.29,8
6767,2023-12-12,smb,North America,34.7,4
6768,2023-10-23,enterprise,Other,305.25,-1
6769,2022-09-16,midmarket,Europe,113.25,-1
6770,2023-12-19,midmarket,Other,79.07,-1
6771,2024-05-24,smb,North America,30.05,1
6772,2025-05-16,midmarket,North America,116.67,-1
6773,2023-12-02,smb,North America,36.11,-1
6774,2025-04-12,midmarket,North America,104.66,-1
6775,2025-04-20,enterprise,North America,422.29,-1
6776,2023-10-29,enterprise,North America,379.13,13
6777,2023-07-15,midmarket,Europe,116.72,14
6778,2022-07-02,midmarket,Europe,126.8,1
6779,2022-12-09,smb,North America,42.12,-1
6780,2025-01-26,enterprise,Europe,368.02,1
6781,2022-06-26,smb,North America,42.8,-1
6782,2023-05-22,smb,Europe,32.02,1
6783,2024-06-10,smb,APAC,28.33,6
6784,2022-11-04,smb,APAC,33.28,1
6785,2025-05-27,enterprise,APAC,286.97,-1
6786,2024-04-08,smb,North America,37.08,-1
6787,2022-02-06,midmarket,Europe,107.25,15
6788,2022-11-12,smb,APAC,30.64,-1
6789,2024-08-02,midmarket,Other,78.08,3
6790,2025-01-06,smb,Europe,30.63,-1
6791,2025-03-28,smb,Europe,27.84,-1
6792,2024-12-22,smb,APAC,24.29,-1
6793,2022-04-06,midmarket,Other,96.39,1
6794,2024-07-20,smb,North America,36.81,2
6795,2022-05-21,smb,North America,44.35,1
6796,2022-04-08,smb,APAC,26.51,-1
6797,2024-06-01,midmarket,Europe,93.68,-1
6798,2023-09-03,midmarket,North America,133.09,-1
6799,2024-04-06,midmarket,North America,123.42,-1
6800,2024-12-22,smb,Europe,27.79,-1
6801,2022-03-29,midmarket,Europe,124.31,10
6802,2023-11-05,smb,APAC,31.44,10
6803,2024-11-30,smb,North America,31.51,1
6804,2023-07-16,smb,North America,36.77,-1
6805,2023-10-30,smb,Europe,27.08,-1
6806,2023-09-28,smb,North America,41.45,10
6807,2025-03-03,smb,Europe,31.52,-1
6808,2022-03-05,midmarket,Europe,119.08,1
6809,2025-01-25,smb,North America,38.57,-1
6810,2024-11-07,smb,APAC,24.36,1
6811,2024-11-02,smb,North America,36.46,1
6812,2023-06-11,smb,APAC,31.39,-1
6813,2023-10-21,smb,Europe,34.77,17
6814,2023-04-16,smb,Europe,34.4,1
6815,2022-11-18,smb,APAC,27.27,16
6816,2025-01-22,smb,North America,29.49,-1
6817,2023-10-08,midmarket,APAC,88.25,1
6818,2024-07-11,enterprise,North America,439.4,-1
6819,2022-05-09,smb,Other,28.35,16
6820,2024-10-03,smb,North America,34.64,-1
6821,2024-04-20,midmarket,Europe,90.18,-1
6822,2025-06-26,smb,North America,32.6,-1
6823,2022-06-20,smb,North America,38.26,16
6824,2023-11-21,smb,North America,36.57,-1
6825,2023-10-15,midmarket,North America,120.05,-1
6826,2023-11-18,smb,North America,31.58,-1
6827,2022-03-11,midmarket,North America,118.03,1
6828,2023-08-27,midmarket,Europe,124.33,12
6829,2023-01-18,enterprise,Europe,389.77,-1
6830,2024-02-27,midmarket,North America,127.44,-1
6831,2022-10-24,midmarket,Other,109.98,-1
6832,2023-07-10,smb,Europe,32.6,1
6833,2024-03-02,midmarket,North America,125.77,-1
6834,2022-03-23,midmarket,North America,137.68,-1
6835,2024-09-30,smb,Europe,26.96,-1
6836,2024-07-02,smb,Europe,28.48,-1
6837,2022-03-15,smb,APAC,34.81,1
6838,2022-03-24,smb,Europe,34.1,-1
6839,2024-12-20,enterprise,Other,260.12,-1
6840,2022-12-28,smb,Europe,36.51,1
6841,2025-01-03,smb,Other,21.77,1
6842,2023-09-30,smb,Europe,33.12,-1
6843,2023-03-13,smb,Europe,34.72,2
6844,2022-12-16,smb,Europe,31.28,3
6845,2024-04-20,smb,APAC,24.84,3
6846,2022-05-21,smb,North America,38.9,1
6847,2023-05-29,smb,North America,40.15,1
6848,2023-03-18,midmarket,North America,144.13,1
6849,2022-07-16,enterprise,North America,489.67,1
6850,2023-03-27,midmarket,APAC,89.23,19
6851,2023-11-06,midmarket,Europe,98.93,1
6852,2024-05-14,midmarket,North America,124.51,9
6853,2022-04-21,smb,North America,42.2,-1
6854,2025-01-18,midmarket,North America,98.25,-1
6855,2025-01-25,midmarket,APAC,80.51,-1
6856,2024-06-01,midmarket,APAC,82.24,1
6857,2025-03-25,smb,North America,31.66,1
6858,2023-07-01,smb,North America,38.93,20
6859,2024-11-14,smb,Other,28.45,-1
6860,2024-07-16,smb,Europe,26.47,11
6861,2023-12-19,smb,APAC,28.23,-1
6862,2022-08-18,smb,North America,37.47,12
6863,2023-12-13,smb,North America,34.91,-1
6864,2025-02-24,midmarket,Europe,86.74,-1
6865,2025-06-10,smb,North America,30.61,-1
6866,2023-07-26,midmarket,APAC,91.73,-1
6867,2022-11-13,smb,APAC,32.02,-1
6868,2024-08-11,midmarket,North America,123.43,1
6869,2022-04-07,midmarket,Europe,123.19,1
6870,2022-07-12,enterprise,APAC,352.12,3
6871,2023-12-19,smb,Other,25.35,6
6872,2025-06-17,smb,North America,30.17,-1
6873,2023-02-24,enterprise,APAC,288.91,13
6874,2023-07-20,smb,North America,33.03,-1
6875,2023-02-16,midmarket,APAC,93.03,28
6876,2023-07-17,smb,Europe,36.69,1
6877,2022-01-10,enterprise,North America,524.92,13
6878,2024-01-29,enterprise,Europe,384.59,11
6879,2024-01-31,smb,Europe,32.18,1
6880,2023-02-07,smb,Europe,34.58,-1
6881,2022-12-03,smb,North America,39.37,1
6882,2024-08-29,smb,Europe,31.35,-1
6883,2022-08-28,smb,APAC,27.92,-1
6884,2022-03-02,midmarket,North America,156.29,21
6885,2022-02-21,midmarket,North America,147.94,1
6886,2025-01-30,smb,APAC,24.21,1
6887,2023-04-10,midmarket,Europe,112.21,18
6888,2022-05-10,smb,Europe,37.34,5
6889,2025-01-26,enterprise,APAC,337.68,-1
6890,2022-07-09,smb,North America,37.78,-1
6891,2023-03-06,midmarket,APAC,100.58,-1
6892,2022-01-27,smb,Europe,33.0,-1
6893,2024-05-16,smb,North America,33.79,-1
6894,2024-06-11,enterprise,Other,270.73,1
6895,2024-08-23,midmarket,APAC,79.59,3
6896,2022-12-02,midmarket,North America,127.75,-1
6897,2023-02-23,midmarket,APAC,100.67,15
6898,2025-04-12,midmarket,Other,90.8,-1
6899,2024-11-14,smb,APAC,26.77,-1
6900,2022-02-17,midmarket,North America,130.21,-1
6901,2024-06-01,midmarket,North America,118.34,-1
6902,2024-11-03,smb,APAC,28.95,-1
6903,2023-12-15,midmarket,APAC,96.06,2
6904,2024-03-27,midmarket,North America,123.57,1
6905,2022-01-02,smb,Europe,31.57,10
6906,2022-02-08,smb,North America,34.15,-1
6907,2022-02-14,smb,Europe,39.33,3
6908,2022-07-22,midmarket,Europe,108.58,1
6909,2025-06-18,smb,North America,31.19,-1
6910,2024-03-20,smb,Europe,27.27,-1
6911,2024-09-25,smb,Europe,29.98,-1
6912,2023-01-13,smb,Europe,35.43,1
6913,2025-04-11,midmarket,APAC,93.65,1
6914,2022-09-11,smb,North America,42.91,1
6915,2025-02-25,smb,North America,31.28,-1
6916,2022-02-09,smb,Europe,32.9,5
6917,2022-01-27,smb,Europe,39.89,-1
6918,2022-04-11,smb,North America,39.18,-1
6919,2024-10-07,midmarket,Other,95.26,-1
6920,2022-11-25,smb,North America,39.69,-1
6921,2023-07-30,smb,North America,33.39,6
6922,2023-08-25,smb,APAC,32.7,-1
6923,2024-10-04,smb,APAC,25.33,1
6924,2023-03-21,midmarket,Europe,117.08,8
6925,2022-01-09,midmarket,North America,127.84,-1
6926,2023-05-09,midmarket,North America,130.78,-1
6927,2023-01-03,smb,North America,38.51,-1
6928,2024-07-21,smb,Europe,28.02,-1
6929,2024-08-16,smb,Europe,34.43,-1
6930,2022-04-28,smb,North America,35.42,-1
6931,2024-10-08,smb,Europe,29.2,-1
6932,2022-03-31,midmarket,APAC,91.97,31
6933,2024-03-01,smb,North America,37.4,13
6934,2023-05-12,smb,North America,36.87,25
6935,2023-01-20,smb,APAC,30.3,-1
6936,2023-09-09,smb,North America,38.74,1
6937,2023-02-01,smb,North America,40.85,-1
6938,2024-10-09,midmarket,North America,133.5,-1
6939,2025-05-18,smb,Europe,31.7,-1
6940,2024-11-06,smb,Europe,27.98,1
6941,2023-07-15,smb,Europe,34.3,12
6942,2023-10-05,midmarket,North America,108.85,-1
6943,2023-07-25,midmarket,Europe,98.08,1
6944,2024-10-09,midmarket,North America,115.71,-1
6945,2023-12-06,smb,APAC,27.84,1
6946,2023-08-21,midmarket,Other,93.28,1
6947,2023-06-07,midmarket,Europe,109.83,20
6948,2023-04-24,smb,North America,39.07,8
6949,2023-12-07,midmarket,APAC,109.78,-1
6950,2024-05-29,smb,North America,31.64,2
6951,2023-07-06,midmarket,North America,121.2,-1
6952,2024-10-26,enterprise,Other,251.72,-1
6953,2024-11-20,smb,North America,30.92,-1
6954,2023-07-02,smb,North America,42.33,-1
6955,2025-03-05,smb,Europe,24.91,-1
6956,2022-08-09,smb,Europe,30.97,7
6957,2025-04-04,midmarket,Europe,96.38,1
6958,2023-01-11,smb,North America,35.67,13
6959,2023-12-22,midmarket,Europe,108.81,-1
6960,2022-12-28,smb,North America,43.84,1
6961,2023-07-19,midmarket,Other,99.31,-1
6962,2023-03-10,smb,North America,36.6,2
6963,2024-06-18,midmarket,North America,126.22,-1
6964,2022-04-14,midmarket,Europe,131.57,14
6965,2024-12-05,midmarket,North America,106.44,3
6966,2025-02-27,smb,Europe,30.96,-1
6967,2023-12-20,midmarket,North America,127.67,16
6968,2023-11-30,smb,North America,38.73,6
6969,2024-06-12,midmarket,North America,104.73,7
6970,2022-09-12,smb,North America,41.48,-1
6971,2024-08-14,midmarket,North America,128.62,8
6972,2022-10-07,smb,North America,40.76,-1
6973,2024-05-13,midmarket,North America,109.36,1
6974,2023-01-25,midmarket,APAC,91.69,-1
6975,2024-08-10,midmarket,Europe,110.31,3
6976,2024-10-06,enterprise,North America,407.73,-1
6977,2022-09-24,smb,North America,44.4,-1
6978,2024-02-27,midmarket,North America,120.53,13
6979,2023-09-28,smb,North America,33.59,-1
6980,2023-01-11,smb,Europe,35.75,12
6981,2024-01-21,midmarket,North America,131.98,-1
6982,2025-06-20,smb,Other,24.32,-1
6983,2022-01-04,midmarket,APAC,115.97,14
6984,2025-05-05,midmarket,North America,106.3,-1
6985,2024-12-28,midmarket,North America,105.98,-1
6986,2023-11-07,midmarket,North America,110.17,-1
6987,2024-02-18,midmarket,North America,114.51,-1
6988,2023-04-17,smb,Europe,34.11,-1
6989,2022-06-14,smb,North America,36.48,6
6990,2023-12-31,smb,North America,40.15,-1
6991,2024-11-07,midmarket,North America,107.75,1
6992,2022-10-22,smb,Europe,35.41,7
6993,2024-07-03,midmarket,North America,120.01,-1
6994,2024-08-12,midmarket,Other,79.93,1
6995,2024-08-25,smb,North America,35.11,6
6996,2023-03-10,enterprise,North America,489.21,1
6997,2023-05-16,midmarket,Europe,126.02,11
6998,2023-06-16,smb,Europe,30.26,8
6999,2024-12-25,smb,North America,34.16,-1
7000,2025-02-22,smb,Europe,26.02,-1
7001,2023-06-13,midmarket,North America,126.07,1
7002,2025-05-22,enterprise,North America,355.55,-1
7003,2023-12-29,smb,North America,40.65,-1
7004,2023-05-07,midmarket,Europe,115.63,1
7005,2022-01-01,midmarket,Europe,108.66,-1
7006,2024-02-19,midmarket,Europe,121.94,-1
7007,2024-04-02,smb,Other,27.59,-1
7008,2025-05-20,smb,Europe,25.45,-1
7009,2024-07-05,smb,APAC,29.61,-1
7010,2022-02-07,smb,North America,40.76,3
7011,2023-12-25,enterprise,Europe,347.13,9
7012,2024-08-05,smb,Europe,27.29,-1
7013,2023-09-26,enterprise,North America,390.0,10
7014,2023-07-02,midmarket,North America,113.98,1
7015,2024-10-30,enterprise,Europe,370.4,-1
7016,2024-02-20,smb,North America,33.21,-1
7017,2024-05-19,smb,North America,34.77,13
7018,2023-08-16,smb,APAC,32.79,-1
7019,2022-12-21,midmarket,Europe,130.86,1
7020,2023-10-25,midmarket,North America,135.62,-1
7021,2025-05-08,midmarket,North America,122.81,-1
7022,2024-02-09,midmarket,APAC,108.39,7
7023,2024-06-21,enterprise,Other,321.06,6
7024,2022-06-08,smb,Europe,33.69,14
7025,2025-06-14,smb,North America,28.37,-1
7026,2022-11-09,smb,North America,35.05,10
7027,2025-05-24,smb,North America,32.32,-1
7028,2023-07-23,midmarket,APAC,92.12,-1
7029,2025-03-18,smb,Europe,27.42,-1
7030,2025-02-11,midmarket,APAC,77.82,-1
7031,2024-08-21,smb,North America,35.07,-1
7032,2025-03-15,smb,APAC,24.86,-1
7033,2024-02-17,midmarket,North America,113.35,10
7034,2024-12-19,midmarket,North America,119.7,-1
7035,2022-08-08,smb,Europe,31.61,-1
7036,2022-03-31,smb,Europe,34.43,29
7037,2023-11-25,smb,APAC,26.17,8
7038,2024-10-30,smb,Europe,31.31,1
7039,2024-09-03,smb,Other,28.08,-1
7040,2023-11-05,enterprise,North America,361.71,-1
7041,2023-10-27,smb,North America,39.87,1
7042,2024-02-18,smb,North America,39.4,-1
7043,2025-01-12,enterprise,North America,437.67,-1
7044,2024-12-10,midmarket,APAC,99.59,-1
7045,2022-05-20,smb,North America,40.13,1
7046,2024-01-31,smb,North America,31.2,-1
7047,2023-05-02,midmarket,North America,111.55,1
7048,2024-10-17,smb,Europe,27.0,-1
7049,2023-10-08,smb,Other,26.46,1
7050,2025-06-18,smb,APAC,29.08,-1
7051,2023-07-06,midmarket,North America,114.28,-1
7052,2024-05-16,enterprise,Europe,352.72,1
7053,2022-05-19,midmarket,North America,155.71,-1
7054,2025-04-04,smb,APAC,22.1,-1
7055,2022-07-15,smb,North America,33.82,2
7056,2023-04-28,midmarket,Other,88.43,-1
7057,2024-12-04,smb,APAC,24.27,-1
7058,2025-05-19,midmarket,Europe,97.96,-1
7059,2023-09-11,smb,APAC,27.93,1
7060,2023-09-11,midmarket,North America,128.5,-1
7061,2022-03-04,smb,North America,35.66,8
7062,2025-06-03,smb,North America,34.51,-1
7063,2022-01-22,smb,North America,36.8,1
7064,2022-02-03,midmarket,Europe,117.73,4
7065,2023-08-28,midmarket,Europe,94.21,-1
7066,2022-01-05,midmarket,APAC,117.65,10
7067,2022-07-29,smb,APAC,31.8,-1
7068,2024-03-11,enterprise,North America,369.78,-1
7069,2024-06-18,smb,North America,35.97,6
7070,2023-01-16,smb,North America,37.32,7
7071,2024-10-11,midmarket,North America,128.59,-1
7072,2024-02-15,midmarket,Europe,121.67,15
7073,2022-10-19,enterprise,Europe,340.3,11
7074,2024-06-28,smb,Europe,30.26,9
7075,2024-01-26,smb,Europe,28.89,1
7076,2024-11-02,midmarket,APAC,98.0,-1
7077,2022-07-17,smb,Europe,29.28,22
7078,2022-10-22,midmarket,Other,99.1,15
7079,2023-01-23,midmarket,APAC,112.99,-1
7080,2023-03-12,smb,Europe,31.67,3
7081,2025-02-08,smb,North America,36.81,-1
7082,2024-07-23,midmarket,APAC,83.28,-1
7083,2023-11-26,smb,North America,40.73,-1
7084,2023-11-21,smb,North America,39.36,-1
7085,2025-02-04,smb,Europe,28.12,4
7086,2023-07-25,smb,North America,32.84,-1
7087,2022-10-15,midmarket,North America,133.12,12
7088,2022-06-24,enterprise,North America,472.44,-1
7089,2023-02-26,smb,APAC,26.33,1
7090,2024-04-13,smb,Europe,34.65,7
7091,2023-08-24,midmarket,Other,100.46,-1
7092,2023-06-23,midmarket,APAC,113.08,8
7093,2023-09-05,midmarket,North America,117.8,1
7094,2025-05-28,smb,APAC,25.21,-1
7095,2025-06-26,midmarket,Europe,89.85,-1
7096,2022-07-25,midmarket,North America,125.1,1
7097,2022-05-27,midmarket,Other,89.47,18
7098,2022-11-08,smb,APAC,26.68,15
7099,2024-12-23,smb,North America,35.52,-1
7100,2023-08-10,midmarket,APAC,88.45,10
7101,2025-01-07,midmarket,North America,102.56,1
7102,2024-04-05,midmarket,APAC,95.62,-1
7103,2023-12-07,smb,Europe,33.23,-1
7104,2022-12-26,smb,North America,41.41,-1
7105,2023-03-15,smb,APAC,30.19,-1
7106,2022-07-08,smb,Europe,30.99,-1
7107,2023-10-25,midmarket,North America,127.46,-1
7108,2022-12-24,midmarket,APAC,106.43,1
7109,2023-01-09,enterprise,APAC,315.51,17
7110,2022-02-20,smb,Europe,31.12,1
7111,2024-10-16,midmarket,Europe,114.86,1
7112,2025-04-13,smb,North America,29.05,1
7113,2023-09-28,midmarket,North America,116.97,-1
7114,2023-11-15,smb,Europe,28.94,12
7115,2025-03-27,midmarket,North America,127.37,-1
7116,2023-10-15,midmarket,Europe,108.51,-1
7117,2024-03-05,smb,Other,29.79,-1
7118,2023-07-01,enterprise,APAC,362.82,18
7119,2023-10-19,midmarket,Europe,116.74,17
7120,2023-10-28,midmarket,Europe,97.93,-1
7121,2024-06-26,smb,APAC,26.04,1
7122,2024-02-10,midmarket,APAC,104.81,-1
7123,2023-10-06,smb,North America,41.65,-1
7124,2022-04-07,smb,Europe,38.43,38
7125,2025-02-28,smb,North America,37.92,-1
7126,2025-02-07,midmarket,North America,119.47,-1
7127,2022-08-24,smb,North America,38.76,2
7128,2023-01-10,enterprise,Europe,379.67,25
7129,2025-05-26,smb,APAC,25.4,-1
7130,2023-02-14,smb,APAC,26.56,5
7131,2024-11-02,midmarket,North America,109.71,-1
7132,2024-09-29,midmarket,North America,103.29,2
7133,2025-01-03,smb,North America,29.46,-1
7134,2022-01-21,smb,North America,37.98,33
7135,2023-09-09,smb,North America,38.38,4
7136,2023-12-23,smb,Other,27.52,-1
7137,2024-12-04,smb,North America,34.4,-1
7138,2022-10-14,smb,APAC,32.46,2
7139,2023-01-27,smb,North America,37.15,1
7140,2022-08-18,midmarket,Europe,114.13,-1
7141,2024-08-30,smb,APAC,27.17,-1
7142,2025-06-28,smb,Other,21.02,-1
7143,2022-06-29,midmarket,North America,138.14,11
7144,2022-10-25,midmarket,APAC,111.32,8
7145,2023-01-27,enterprise,North America,403.88,7
7146,2025-02-08,midmarket,APAC,99.23,1
7147,2023-07-23,smb,North America,34.34,10
7148,2022-12-26,midmarket,Europe,114.4,1
7149,2023-02-16,smb,Europe,36.61,1
7150,2024-02-03,enterprise,APAC,341.52,-1
7151,2023-05-09,smb,APAC,29.86,13
7152,2022-06-29,smb,North America,40.78,9
7153,2024-11-12,smb,APAC,23.47,-1
7154,2023-06-23,smb,North America,39.33,-1
7155,2022-11-24,midmarket,North America,136.1,3
7156,2024-07-18,smb,North America,30.39,-1
7157,2024-08-08,smb,North America,30.64,-1
7158,2022-07-17,midmarket,North America,153.17,1
7159,2022-04-05,smb,Europe,31.19,1
7160,2022-02-27,enterprise,North America,512.26,-1
7161,2024-09-04,smb,Europe,27.86,-1
7162,2024-03-09,midmarket,North America,117.77,13
7163,2024-10-07,smb,Europe,30.2,-1
7164,2024-03-10,enterprise,North America,420.48,4
7165,2023-05-28,enterprise,North America,425.98,-1
7166,2024-01-23,smb,Europe,29.73,-1
7167,2024-07-10,smb,Other,25.65,-1
7168,2023-05-24,midmarket,Other,100.21,-1
7169,2025-03-13,smb,North America,32.21,-1
7170,2025-02-21,smb,Other,25.04,-1
7171,2024-10-18,smb,Europe,28.63,-1
7172,2025-06-20,midmarket,APAC,83.23,-1
7173,2023-05-14,smb,North America,35.05,-1
7174,2022-05-26,smb,North America,36.24,-1
7175,2023-09-10,midmarket,North America,135.16,-1
7176,2024-08-09,midmarket,APAC,106.11,-1
7177,2024-09-21,smb,North America,29.49,-1
7178,2023-05-11,midmarket,North America,116.22,-1
7179,2023-01-09,midmarket,Europe,129.19,1
7180,2023-07-23,midmarket,Other,89.14,-1
7181,2024-10-22,smb,Europe,28.72,-1
7182,2022-03-19,smb,Europe,36.37,11
7183,2023-02-23,smb,North America,36.18,-1
7184,2022-10-21,smb,APAC,30.13,-1
7185,2024-10-25,midmarket,North America,131.21,3
7186,2023-08-23,enterprise,North America,428.1,-1
7187,2022-04-21,midmarket,Europe,124.28,1
7188,2022-12-01,midmarket,North America,119.92,3
7189,2022-02-26,midmarket,Europe,110.9,1
7190,2023-08-30,smb,Europe,35.71,1
7191,2025-06-27,midmarket,North America,126.11,-1
7192,2023-12-25,enterprise,North America,449.41,8
7193,2025-01-14,midmarket,North America,102.17,1
7194,2024-08-05,midmarket,North America,129.71,-1
7195,2025-01-31,midmarket,APAC,77.17,-1
7196,2023-02-01,midmarket,Europe,116.12,10
7197,2025-04-28,midmarket,North America,119.29,-1
7198,2022-11-01,smb,North America,37.56,1
7199,2023-07-14,smb,APAC,28.72,15
7200,2024-05-19,smb,APAC,29.45,-1
7201,2023-01-02,smb,APAC,33.29,1
7202,2022-12-04,smb,North America,34.66,-1
7203,2022-06-15,smb,Europe,30.49,-1
7204,2022-01-06,smb,North America,41.82,6
7205,2023-10-02,smb,APAC,26.17,-1
7206,2025-06-13,midmarket,North America,101.79,-1
7207,2022-10-08,midmarket,Europe,104.82,1
7208,2023-07-16,midmarket,North America,115.1,1
7209,2025-04-08,midmarket,APAC,88.09,2
7210,2024-09-12,smb,North America,39.13,1
7211,2022-01-06,enterprise,APAC,395.43,21
7212,2023-10-01,smb,North America,36.85,1
7213,2022-07-02,smb,APAC,26.78,-1
7214,2022-11-12,smb,North America,40.4,21
7215,2022-11-11,enterprise,Europe,376.07,18
7216,2024-02-21,midmarket,APAC,103.61,-1
7217,2022-09-11,midmarket,North America,132.7,4
7218,2022-11-18,smb,North America,40.34,-1
7219,2022-10-16,smb,North America,35.12,8
7220,2023-04-01,smb,North America,41.23,19
7221,2024-04-17,smb,Europe,33.24,-1
7222,2023-05-26,smb,North America,35.89,12
7223,2023-02-22,smb,North America,43.12,24
7224,2023-10-23,enterprise,North America,373.37,15
7225,2024-02-24,midmarket,North America,104.59,-1
7226,2022-01-20,enterprise,North America,496.31,19
7227,2025-02-09,smb,Europe,29.94,-1
7228,2025-03-15,smb,North America,29.36,-1
7229,2024-02-08,smb,APAC,25.04,-1
7230,2024-01-04,smb,APAC,24.93,1
7231,2024-06-05,smb,North America,31.41,1
7232,2023-07-17,midmarket,APAC,97.94,-1
7233,2023-04-12,enterprise,Europe,322.32,12
7234,2023-03-27,smb,Europe,32.94,1
7235,2022-07-23,smb,North America,40.38,-1
7236,2024-12-09,smb,Europe,31.39,-1
7237,2023-02-14,midmarket,North America,147.14,1
7238,2022-12-29,smb,Europe,29.07,-1
7239,2025-05-15,smb,North America,28.29,-1
7240,2023-10-09,smb,North America,32.44,-1
7241,2024-03-04,midmarket,Europe,100.54,12
7242,2022-11-10,smb,North America,38.7,23
7243,2022-12-21,smb,North America,32.54,-1
7244,2024-07-18,smb,APAC,28.74,-1
7245,2023-07-30,smb,North America,41.99,12
7246,2022-07-08,smb,North America,36.2,2
7247,2024-12-02,smb,North America,28.81,1
7248,2023-05-29,smb,Other,29.66,5
7249,2024-05-02,midmarket,Europe,113.07,-1
7250,2023-03-12,enterprise,Europe,323.07,1
7251,2023-12-17,midmarket,APAC,100.02,3
7252,2024-09-16,smb,Europe,27.56,-1
7253,2025-02-03,enterprise,APAC,310.87,-1
7254,2022-09-22,enterprise,Europe,411.5,1
7255,2024-05-08,smb,APAC,25.17,-1
7256,2025-03-13,smb,Europe,26.83,3
7257,2024-03-31,enterprise,North America,418.75,2
7258,2022-07-02,midmarket,North America,137.52,1
7259,2022-08-31,smb,North America,43.47,-1
7260,2022-09-16,midmarket,Europe,115.96,6
7261,2022-05-16,smb,Other,31.83,28
7262,2024-08-19,smb,APAC,28.91,-1
7263,2025-05-16,midmarket,APAC,92.58,-1
7264,2023-10-22,smb,Europe,28.71,1
7265,2024-02-04,midmarket,APAC,89.21,13
7266,2024-09-14,smb,Europe,30.46,-1
7267,2023-06-15,midmarket,North America,110.68,14
7268,2023-08-26,enterprise,Europe,315.33,10
7269,2024-01-22,midmarket,North America,106.23,-1
7270,2023-01-24,smb,North America,42.84,7
7271,2022-03-20,midmarket,North America,144.48,1
7272,2023-12-26,midmarket,North America,135.92,3
7273,2024-11-15,midmarket,North America,132.69,-1
7274,2022-04-04,smb,North America,42.09,-1
7275,2022-10-04,midmarket,APAC,104.02,9
7276,2022-12-02,smb,North America,37.98,11
7277,2024-10-23,smb,APAC,28.71,-1
7278,2023-10-06,smb,North America,40.39,-1
7279,2023-11-13,smb,Other,29.4,-1
7280,2024-04-03,enterprise,APAC,314.78,-1
7281,2022-12-19,smb,APAC,32.37,-1
7282,2024-06-29,smb,Europe,30.13,12
7283,2022-02-08,midmarket,Europe,115.31,-1
7284,2022-05-26,smb,North America,37.11,21
7285,2024-11-07,midmarket,North America,100.93,3
7286,2024-04-19,smb,APAC,25.13,1
7287,2022-08-14,smb,North America,41.65,1
7288,2023-07-14,smb,North America,33.29,1
7289,2022-03-08,midmarket,APAC,119.89,19
7290,2024-05-07,smb,North America,30.65,-1
7291,2024-08-22,smb,Europe,25.98,-1
7292,2022-12-22,midmarket,North America,130.3,9
7293,2023-03-23,smb,North America,34.53,17
7294,2022-10-30,smb,North America,33.99,-1
7295,2023-05-12,smb,Europe,28.15,1
7296,2022-12-14,smb,APAC,30.16,8
7297,2022-11-12,enterprise,APAC,318.71,1
7298,2023-07-03,midmarket,North America,128.73,14
7299,2025-01-01,midmarket,North America,103.07,-1
7300,2024-08-31,midmarket,APAC,79.44,-1
7301,2023-01-15,smb,North America,32.64,19
7302,2025-04-18,smb,North America,29.21,-1
7303,2022-09-26,midmarket,Europe,125.87,-1
7304,2025-03-08,smb,APAC,25.61,-1
7305,2023-01-30,midmarket,North America,135.26,1
7306,2023-11-21,midmarket,North America,138.04,1
7307,2022-09-17,smb,Other,26.19,-1
7308,2024-08-30,smb,Other,28.37,-1
7309,2023-02-10,midmarket,Europe,121.17,-1
7310,2025-01-18,smb,Europe,31.23,-1
7311,2022-04-16,smb,Other,32.6,14
7312,2023-10-03,midmarket,Europe,96.28,6
7313,2022-07-22,smb,APAC,31.01,3
7314,2025-02-08,smb,Europe,28.92,-1
7315,2023-06-17,midmarket,North America,133.51,15
7316,2024-05-10,smb,APAC,25.3,-1
7317,2025-01-27,smb,Europe,25.96,-1
7318,2023-11-15,smb,North America,41.33,3
7319,2022-03-15,smb,Europe,34.32,-1
7320,2022-10-09,smb,APAC,27.77,-1
7321,2022-09-29,midmarket,North America,118.13,9
7322,2025-03-12,midmarket,APAC,91.69,1
7323,2025-03-05,midmarket,North America,101.92,-1
7324,2023-09-01,midmarket,Europe,98.64,-1
7325,2025-02-09,midmarket,Other,96.19,-1
7326,2022-11-10,smb,APAC,25.81,29
7327,2024-05-16,midmarket,APAC,85.3,-1
7328,2023-05-16,midmarket,Europe,116.91,23
7329,2022-11-03,smb,Europe,30.56,-1
7330,2022-11-16,midmarket,Europe,103.57,16
7331,2023-06-20,smb,North America,37.74,-1
7332,2023-03-10,smb,Europe,34.68,5
7333,2022-09-27,midmarket,Europe,113.19,-1
7334,2023-03-03,enterprise,Europe,405.92,2
7335,2022-06-14,smb,North America,43.05,-1
7336,2025-05-22,enterprise,North America,389.54,-1
7337,2023-04-30,smb,North America,38.36,2
7338,2022-05-18,smb,North America,43.26,11
7339,2024-01-05,smb,North America,30.61,-1
7340,2025-01-31,midmarket,North America,115.6,-1
7341,2023-04-05,smb,APAC,26.07,-1
7342,2024-12-14,midmarket,North America,106.18,-1
7343,2024-02-19,smb,APAC,31.65,-1
7344,2024-08-01,smb,North America,29.39,-1
7345,2023-01-14,midmarket,APAC,96.15,-1
7346,2022-02-17,midmarket,Europe,107.06,12
7347,2023-03-18,midmarket,APAC,103.21,-1
7348,2025-03-25,smb,APAC,28.7,-1
7349,2024-10-05,midmarket,Europe,98.52,-1
7350,2024-09-27,smb,North America,37.82,-1
7351,2025-01-25,smb,Europe,28.7,-1
7352,2023-04-22,smb,North America,42.08,-1
7353,2023-02-15,smb,APAC,32.71,17
7354,2025-03-26,midmarket,APAC,80.6,-1
7355,2023-12-31,midmarket,North America,137.71,-1
7356,2023-01-16,smb,Europe,30.02,1
7357,2022-12-21,midmarket,North America,130.66,9
7358,2025-01-24,smb,Europe,26.56,5
7359,2022-03-10,smb,Europe,33.5,1
7360,2022-03-20,enterprise,Europe,454.07,1
7361,2024-07-30,smb,APAC,29.33,-1
7362,2022-01-02,midmarket,North America,140.24,17
7363,2022-08-07,smb,APAC,34.47,-1
7364,2025-06-18,smb,Europe,27.23,-1
7365,2023-06-28,smb,North America,33.48,13
7366,2024-07-17,smb,North America,38.14,1
7367,2023-09-14,midmarket,North America,107.01,-1
7368,2022-04-26,smb,Europe,37.67,-1
7369,2022-08-24,midmarket,APAC,89.54,6
7370,2024-08-29,smb,North America,32.3,-1
7371,2022-05-01,midmarket,North America,129.6,1
7372,2024-01-29,midmarket,Europe,100.99,4
7373,2023-03-21,enterprise,North America,397.35,1
7374,2023-04-18,midmarket,North America,113.41,-1
7375,2025-04-30,midmarket,Europe,83.86,-1
7376,2024-02-13,enterprise,North America,440.86,-1
7377,2024-02-24,smb,APAC,27.53,1
7378,2023-03-24,smb,North America,33.85,8
7379,2023-05-02,midmarket,Europe,97.26,-1
7380,2024-05-25,smb,North America,32.75,-1
7381,2022-02-19,midmarket,North America,131.37,1
7382,2022-10-30,smb,Europe,33.17,17
7383,2024-02-05,midmarket,Europe,93.53,-1
7384,2024-03-06,smb,Other,29.98,1
7385,2022-04-28,midmarket,North America,126.66,7
7386,2024-10-02,midmarket,Europe,100.06,-1
7387,2023-11-24,smb,Europe,33.44,-1
7388,2022-10-31,smb,North America,36.39,21
7389,2024-08-17,smb,APAC,23.64,-1
7390,2025-06-18,midmarket,North America,107.92,-1
7391,2023-06-25,smb,APAC,29.51,-1
7392,2022-12-28,smb,Europe,36.64,-1
7393,2023-01-18,enterprise,North America,417.48,1
7394,2024-01-27,enterprise,Europe,397.6,-1
7395,2022-03-02,midmarket,North America,138.63,1
7396,2023-09-09,midmarket,Europe,116.11,-1
7397,2022-02-01,midmarket,APAC,92.35,-1
7398,2022-02-19,enterprise,Europe,445.44,33
7399,2023-07-03,smb,North America,33.75,2
7400,2024-08-09,smb,North America,32.73,-1
7401,2025-02-01,smb,Europe,29.27,-1
7402,2022-04-22,smb,Europe,39.28,-1
7403,2022-11-08,midmarket,Europe,109.2,-1
7404,2023-06-23,smb,North America,34.0,-1
7405,2024-01-03,smb,APAC,31.91,4
7406,2025-06-13,smb,APAC,27.95,-1
7407,2024-05-23,midmarket,Europe,109.73,-1
7408,2023-11-18,smb,North America,35.21,3
7409,2022-03-19,smb,Europe,33.85,-1
7410,2022-04-14,smb,North America,45.06,18
7411,2022-07-15,smb,APAC,26.67,-1
7412,2024-04-23,smb,APAC,29.73,8
7413,2023-02-27,smb,APAC,30.52,15
7414,2022-11-04,smb,North America,43.8,1
7415,2024-05-05,smb,Europe,31.04,-1
7416,2024-11-06,smb,APAC,24.84,-1
7417,2023-07-15,enterprise,North America,457.49,6
7418,2025-01-30,smb,North America,38.51,-1
7419,2024-07-25,midmarket,North America,133.57,11
7420,2024-07-02,midmarket,Europe,97.13,4
7421,2025-01-12,midmarket,North America,109.92,-1
7422,2022-08-23,smb,North America,41.94,12
7423,2024-08-25,enterprise,Europe,353.28,1
7424,2025-05-07,midmarket,APAC,75.28,-1
7425,2025-06-20,enterprise,APAC,260.94,-1
7426,2024-01-08,smb,APAC,24.55,9
7427,2024-08-20,smb,APAC,24.42,1
7428,2025-02-07,smb,Europe,27.36,-1
7429,2024-12-23,midmarket,APAC,103.38,-1
7430,2025-02-19,midmarket,North America,120.66,-1
7431,2024-11-28,smb,APAC,23.04,1
7432,2023-05-02,midmarket,APAC,103.3,4
7433,2024-07-20,smb,Europe,29.61,9
7434,2023-06-08,smb,North America,39.94,-1
7435,2024-10-20,smb,North America,38.1,-1
7436,2024-10-30,enterprise,North America,339.5,1
7437,2025-04-07,enterprise,North America,432.17,-1
7438,2024-01-21,smb,North America,31.07,-1
7439,2023-08-30,midmarket,North America,134.76,-1
7440,2022-07-31,smb,North America,43.88,21
7441,2024-03-25,smb,APAC,29.84,1
7442,2023-12-24,midmarket,Europe,96.1,3
7443,2023-10-20,midmarket,APAC,89.05,12
7444,2024-05-12,smb,North America,30.26,4
7445,2024-12-21,midmarket,North America,103.04,-1
7446,2022-07-09,smb,North America,33.99,11
7447,2023-07-05,smb,APAC,25.03,-1
7448,2024-07-10,smb,North America,35.36,9
7449,2024-11-11,midmarket,Europe,88.44,-1
7450,2024-09-20,midmarket,North America,115.11,-1
7451,2024-10-16,smb,North America,36.31,8
7452,2024-12-27,smb,North America,28.88,-1
7453,2025-05-12,smb,Europe,29.77,1
7454,2024-02-15,smb,North America,38.39,-1
7455,2022-11-14,smb,APAC,30.39,6
7456,2023-12-21,midmarket,North America,122.55,-1
7457,2024-06-24,midmarket,North America,127.94,1
7458,2022-05-09,smb,North America,39.86,-1
7459,2024-08-23,midmarket,Other,87.75,-1
7460,2023-11-26,smb,Europe,34.32,-1
7461,2025-04-09,midmarket,Europe,108.53,1
7462,2022-09-28,midmarket,Europe,111.04,-1
7463,2025-03-03,enterprise,APAC,289.76,-1
7464,2023-07-26,smb,North America,40.26,22
7465,2024-01-02,smb,APAC,28.41,17
7466,2024-04-22,midmarket,APAC,99.94,-1
7467,2024-01-09,midmarket,North America,107.17,-1
7468,2025-02-27,midmarket,North America,100.69,-1
7469,2022-08-02,midmarket,Europe,117.26,-1
7470,2024-07-20,smb,North America,38.04,2
7471,2025-05-29,midmarket,North America,106.5,1
7472,2022-10-08,midmarket,North America,150.59,18
7473,2022-11-22,enterprise,North America,473.2,-1
7474,2023-08-30,smb,Europe,34.65,-1
7475,2024-07-13,smb,Europe,33.21,-1
7476,2025-05-08,smb,Europe,26.48,1
7477,2024-10-12,smb,Europe,28.19,-1
7478,2024-10-10,smb,North America,30.25,-1
7479,2023-07-17,smb,Europe,30.96,-1
7480,2024-04-03,smb,APAC,23.76,-1
7481,2022-09-27,smb,North America,41.7,-1
7482,2023-08-14,enterprise,Europe,398.31,4
7483,2022-08-30,smb,APAC,27.87,29
7484,2022-02-04,smb,Europe,34.73,12
7485,2024-12-28,smb,North America,35.54,-1
7486,2024-10-23,midmarket,North America,125.65,1
7487,2023-10-14,midmarket,Europe,123.72,-1
7488,2022-01-19,smb,Europe,31.86,6
7489,2022-04-26,midmarket,APAC,98.42,-1
7490,2022-05-23,enterprise,Europe,434.35,1
7491,2024-07-03,midmarket,North America,104.64,-1
7492,2022-09-17,smb,APAC,32.95,29
7493,2022-11-16,smb,Europe,29.72,-1
7494,2025-01-03,smb,Other,24.58,-1
7495,2025-01-23,smb,APAC,27.03,-1
7496,2024-08-31,smb,North America,37.31,2
7497,2023-01-31,midmarket,Europe,100.29,1
7498,2024-01-11,midmarket,Europe,117.18,1
7499,2022-09-13,midmarket,North America,146.92,11
7500,2024-12-30,smb,Europe,31.97,3
7501,2022-04-19,enterprise,North America,513.19,23
7502,2024-08-07,midmarket,North America,131.61,6
7503,2023-10-15,smb,Europe,34.17,3
7504,2024-08-24,smb,North America,35.35,1
7505,2023-07-30,enterprise,APAC,360.88,13
7506,2022-07-21,smb,Europe,38.89,23
7507,2024-08-16,smb,APAC,28.14,-1
7508,2024-03-16,smb,Europe,28.45,-1
7509,2023-08-16,smb,APAC,26.58,-1
7510,2023-04-21,enterprise,North America,466.41,-1
7511,2023-03-15,midmarket,Other,109.47,-1
7512,2023-09-06,midmarket,North America,114.46,15
7513,2022-11-30,smb,APAC,34.29,1
7514,2022-12-27,smb,Europe,30.93,1
7515,2022-12-21,smb,North America,37.22,-1
7516,2022-01-17,smb,Europe,39.29,1
7517,2025-03-29,midmarket,Europe,112.83,-1
7518,2022-10-29,midmarket,North America,134.97,-1
7519,2022-07-30,midmarket,North America,152.33,1
7520,2022-07-12,midmarket,North America,147.99,-1
7521,2025-06-14,smb,Other,26.82,-1
7522,2023-09-01,smb,Europe,35.3,1
7523,2023-02-22,midmarket,North America,125.35,17
7524,2023-05-31,smb,APAC,25.08,-1
7525,2022-04-23,midmarket,Europe,106.44,-1
7526,2023-02-05,smb,Europe,28.71,7
7527,2022-11-14,enterprise,Europe,352.17,1
7528,2024-10-21,smb,North America,29.6,-1
7529,2022-03-16,midmarket,North America,127.58,-1
7530,2023-06-27,midmarket,APAC,102.24,14
7531,2024-10-05,smb,APAC,23.86,-1
7532,2024-11-29,midmarket,APAC,86.13,1
7533,2023-10-17,smb,North America,33.37,-1
7534,2022-10-11,midmarket,APAC,90.97,2
7535,2023-03-06,smb,North America,39.66,-1
7536,2022-10-11,midmarket,Europe,128.62,-1
7537,2024-04-24,smb,North America,37.55,1
7538,2023-01-09,smb,APAC,31.41,-1
7539,2024-03-15,smb,Other,30.0,1
7540,2024-04-16,midmarket,North America,129.31,-1
7541,2025-04-14,smb,APAC,22.35,1
7542,2023-04-18,enterprise,Europe,341.01,-1
7543,2025-05-11,smb,North America,34.23,-1
7544,2023-05-27,midmarket,North America,133.21,1
7545,2024-05-18,smb,Europe,33.55,1
7546,2024-04-24,smb,North America,31.66,14
7547,2024-11-09,midmarket,North America,133.31,-1
7548,2023-08-22,enterprise,APAC,330.26,7
7549,2024-10-08,midmarket,Europe,114.7,-1
7550,2023-03-30,smb,APAC,29.74,-1
7551,2023-09-19,midmarket,Europe,98.76,1
7552,2023-09-30,smb,Europe,30.37,1
7553,2024-06-17,smb,APAC,25.03,1
7554,2024-02-29,smb,North America,33.12,-1
7555,2022-04-10,midmarket,North America,152.04,16
7556,2024-10-29,enterprise,Europe,327.01,1
7557,2024-08-25,midmarket,Other,79.18,-1
7558,2022-05-14,smb,North America,37.91,1
7559,2025-05-12,midmarket,Other,86.23,-1
7560,2024-04-23,midmarket,APAC,86.14,1
7561,2022-04-19,midmarket,Europe,102.41,13
7562,2023-09-20,smb,North America,40.64,15
7563,2024-12-02,smb,North America,31.15,-1
7564,2022-12-24,midmarket,Europe,128.87,1
7565,2025-04-05,midmarket,North America,97.94,-1
7566,2023-06-18,midmarket,North America,133.01,1
7567,2022-10-16,midmarket,North America,138.87,1
7568,2023-03-31,smb,Other,24.97,-1
7569,2023-11-01,smb,North America,37.99,14
7570,2024-05-28,smb,Europe,29.48,1
7571,2025-03-29,smb,North America,32.06,2
7572,2022-09-06,smb,North America,43.17,1
7573,2025-05-10,midmarket,North America,128.0,1
7574,2023-11-05,smb,APAC,25.52,-1
7575,2022-06-13,midmarket,Europe,123.73,-1
7576,2025-03-28,midmarket,North America,102.16,-1
7577,2023-03-22,smb,APAC,25.37,-1
7578,2024-03-02,midmarket,North America,108.77,-1
7579,2024-06-09,smb,APAC,28.42,-1
7580,2022-01-18,midmarket,North America,147.37,22
7581,2022-10-10,midmarket,APAC,103.76,1
7582,2024-05-25,smb,Other,29.45,-1
7583,2023-02-19,smb,APAC,31.97,-1
7584,2022-01-12,smb,North America,36.16,-1
7585,2022-01-30,midmarket,Europe,109.49,41
7586,2024-11-20,enterprise,APAC,312.66,-1
7587,2022-07-15,smb,Europe,32.34,11
7588,2022-05-09,smb,North America,33.6,13
7589,2023-12-19,smb,Europe,26.84,-1
7590,2022-06-01,smb,North America,38.24,1
7591,2024-04-13,smb,Europe,30.89,-1
7592,2023-11-26,smb,North America,37.86,-1
7593,2024-04-08,midmarket,Europe,113.45,-1
7594,2023-09-20,smb,North America,41.7,1
7595,2024-09-20,smb,North America,37.84,-1
7596,2024-04-02,smb,North America,33.74,1
7597,2023-06-14,midmarket,APAC,100.62,-1
7598,2022-01-20,smb,Europe,32.02,2
7599,2022-12-15,midmarket,Europe,129.97,14
7600,2022-06-17,smb,APAC,31.11,1
7601,2022-01-20,smb,Europe,32.37,1
7602,2022-12-15,smb,North America,40.79,3
7603,2022-09-21,midmarket,Europe,115.18,-1
7604,2022-04-08,midmarket,North America,156.38,1
7605,2023-02-03,smb,Europe,28.72,-1
7606,2023-10-09,smb,North America,34.58,9
7607,2022-08-16,smb,APAC,34.53,18
7608,2022-12-15,midmarket,Europe,112.62,-1
7609,2022-01-26,smb,North America,37.98,26
7610,2022-03-06,smb,Europe,35.77,1
7611,2022-07-20,midmarket,North America,140.83,1
7612,2023-08-01,midmarket,North America,110.59,-1
7613,2024-04-29,smb,APAC,25.61,1
7614,2024-10-02,midmarket,APAC,86.41,-1
7615,2024-03-14,smb,Europe,28.48,-1
7616,2024-02-27,smb,Europe,29.9,-1
7617,2025-04-08,smb,North America,31.42,-1
7618,2022-11-23,midmarket,North America,140.82,-1
7619,2024-10-15,smb,Europe,30.59,4
7620,2025-04-10,smb,Europe,28.13,-1
7621,2023-12-26,smb,North America,32.77,7
7622,2024-12-08,smb,North America,32.99,5
7623,2022-06-25,smb,North America,35.56,28
7624,2025-01-26,smb,North America,38.17,-1
7625,2023-12-21,smb,North America,32.48,-1
7626,2022-10-10,smb,North America,42.74,19
7627,2022-03-20,midmarket,Europe,123.02,-1
7628,2024-07-07,midmarket,North America,130.12,-1
7629,2023-07-04,smb,North America,41.23,1
7630,2023-01-31,midmarket,Europe,123.74,22
7631,2023-05-13,smb,APAC,29.97,-1
7632,2025-06-18,smb,North America,30.4,-1
7633,2023-06-30,midmarket,North America,133.36,-1
7634,2022-04-11,enterprise,Europe,335.9,1
7635,2022-12-24,smb,North America,36.82,13
7636,2022-07-05,enterprise,North America,495.39,1
7637,2024-05-25,smb,Europe,31.25,-1
7638,2024-10-18,smb,North America,31.71,-1
7639,2024-12-09,smb,APAC,29.56,3
7640,2024-03-18,smb,APAC,23.71,1
7641,2024-09-07,smb,North America,38.29,1
7642,2023-06-17,midmarket,North America,137.15,10
7643,2024-03-12,midmarket,Other,80.31,12
7644,2022-05-17,midmarket,Europe,102.35,-1
7645,2023-11-18,smb,Other,30.37,-1
7646,2023-12-13,midmarket,APAC,84.07,-1
7647,2022-02-09,midmarket,North America,156.89,23
7648,2023-12-01,midmarket,North America,120.51,1
7649,2024-07-11,midmarket,North America,113.79,6
7650,2023-04-15,midmarket,APAC,105.1,-1
7651,2023-11-27,smb,North America,36.15,-1
7652,2023-01-01,midmarket,Europe,109.66,1
7653,2022-12-12,smb,Europe,34.63,-1
7654,2022-06-15,midmarket,APAC,100.78,-1
7655,2023-02-23,smb,APAC,25.48,-1
7656,2024-10-21,midmarket,North America,128.53,-1
7657,2025-04-08,smb,North America,33.2,-1
7658,2024-03-22,smb,Europe,32.56,1
7659,2024-03-07,midmarket,APAC,97.28,1
7660,2024-02-23,smb,Europe,32.05,1
7661,2023-08-31,midmarket,Europe,100.31,1
7662,2023-06-24,smb,APAC,32.83,-1
7663,2024-03-03,smb,North America,34.9,1
7664,2024-09-27,midmarket,North America,132.6,1
7665,2023-06-12,midmarket,APAC,108.75,-1
7666,2023-12-24,enterprise,Europe,381.46,1
7667,2023-08-23,smb,APAC,28.41,5
7668,2022-12-31,midmarket,North America,112.28,1
7669,2023-01-06,smb,Europe,31.24,8
7670,2022-04-11,midmarket,North America,142.83,9
7671,2023-07-16,smb,North America,35.05,4
7672,2024-06-28,midmarket,North America,105.27,1
7673,2024-05-24,smb,Europe,30.67,1
7674,2025-06-11,midmarket,North America,100.45,-1
7675,2022-02-20,midmarket,North America,129.38,-1
7676,2024-08-28,enterprise,North America,394.87,-1
7677,2024-10-11,smb,North America,30.23,-1
7678,2023-07-11,midmarket,Europe,97.3,1
7679,2022-12-28,smb,Europe,30.34,-1
7680,2023-04-01,smb,Europe,33.49,15
7681,2024-05-20,midmarket,North America,135.92,11
7682,2025-01-05,enterprise,Europe,307.85,-1
7683,2024-03-31,midmarket,North America,129.57,-1
7684,2023-10-19,midmarket,Europe,98.34,20
7685,2024-04-12,smb,APAC,28.72,-1
7686,2022-04-01,smb,Europe,30.77,20
7687,2024-02-15,midmarket,Other,99.67,1
7688,2022-02-23,midmarket,North America,147.36,1
7689,2025-05-08,smb,Europe,30.13,-1
7690,2025-02-08,midmarket,Europe,85.14,-1
7691,2023-10-11,smb,Europe,34.82,-1
7692,2023-04-23,smb,Europe,29.18,16
7693,2024-07-23,midmarket,North America,120.22,3
7694,2024-03-24,smb,Europe,33.39,-1
7695,2024-06-19,smb,Europe,31.55,-1
7696,2023-10-20,smb,Europe,34.66,5
7697,2022-10-29,smb,North America,41.01,5
7698,2022-04-04,smb,North America,42.75,2
7699,2022-12-28,smb,APAC,28.11,-1
7700,2023-11-07,smb,North America,34.88,-1
7701,2023-06-26,smb,North America,37.13,-1
7702,2023-10-09,smb,North America,37.32,1
7703,2022-12-21,smb,Europe,35.15,1
7704,2025-04-11,midmarket,Europe,100.19,-1
7705,2023-04-13,smb,APAC,31.19,-1
7706,2024-12-15,midmarket,Europe,90.19,-1
7707,2023-05-14,midmarket,North America,123.84,-1
7708,2023-07-21,midmarket,North America,142.31,19
7709,2024-02-10,midmarket,North America,111.81,16
7710,2022-12-02,smb,Europe,29.68,30
7711,2022-10-08,midmarket,Other,104.97,-1
7712,2023-04-29,smb,North America,34.05,-1
7713,2024-10-23,smb,North America,33.73,-1
7714,2022-07-04,midmarket,Europe,124.12,-1
7715,2023-07-13,midmarket,Europe,109.6,10
7716,2024-05-07,smb,Europe,34.18,4
7717,2024-06-20,smb,Europe,33.79,-1
7718,2023-07-09,midmarket,North America,126.73,19
7719,2022-04-14,midmarket,Europe,134.71,6
7720,2022-01-21,midmarket,North America,129.38,1
7721,2023-08-23,enterprise,Europe,336.01,-1
7722,2024-10-30,enterprise,North America,410.37,-1
7723,2022-02-06,smb,Europe,35.6,37
7724,2025-02-06,enterprise,Other,261.26,1
7725,2024-05-12,midmarket,Europe,100.56,8
7726,2022-01-11,smb,North America,37.03,-1
7727,2023-03-15,smb,Other,25.64,20
7728,2022-10-09,midmarket,North America,127.05,-1
7729,2025-04-26,smb,APAC,29.16,-1
7730,2023-12-09,smb,North America,39.62,-1
7731,2023-02-18,enterprise,APAC,339.81,-1
7732,2022-12-21,midmarket,North America,130.17,-1
7733,2023-12-21,smb,North America,30.95,16
7734,2022-01-07,smb,Other,29.41,10
7735,2022-11-25,smb,Europe,34.64,12
7736,2022-07-31,midmarket,North America,145.42,1
7737,2024-03-02,smb,North America,33.92,6
7738,2024-05-03,midmarket,North America,135.42,-1
7739,2023-08-19,smb,North America,40.5,1
7740,2022-06-28,smb,Europe,29.91,21
7741,2023-04-18,midmarket,Europe,125.26,18
7742,2024-12-11,midmarket,APAC,83.14,-1
7743,2022-09-17,smb,APAC,34.2,4
7744,2022-07-28,smb,APAC,31.83,5
7745,2022-05-23,enterprise,Europe,382.29,1
7746,2024-11-08,smb,North America,33.33,1
7747,2022-06-02,midmarket,Europe,119.46,10
7748,2024-01-13,midmarket,North America,135.49,1
7749,2025-06-28,midmarket,North America,123.39,-1
7750,2024-03-29,smb,APAC,27.04,-1
7751,2023-06-11,midmarket,Europe,122.24,-1
7752,2022-09-21,smb,North America,38.45,-1
7753,2022-01-03,midmarket,North America,134.59,14
7754,2022-07-18,smb,North America,36.13,19
7755,2025-04-30,smb,Europe,31.57,-1
7756,2022-07-03,midmarket,North America,139.04,22
7757,2022-01-26,midmarket,APAC,105.77,18
7758,2024-11-07,midmarket,Europe,106.23,-1
7759,2023-06-19,midmarket,North America,141.03,1
7760,2023-04-01,smb,Europe,29.64,4
7761,2024-07-04,smb,APAC,26.29,-1
7762,2023-10-30,midmarket,APAC,94.1,-1
7763,2025-03-13,smb,Europe,25.23,-1
7764,2023-08-20,smb,North America,34.92,-1
7765,2024-06-28,midmarket,Europe,112.22,-1
7766,2025-01-26,midmarket,APAC,83.51,-1
7767,2023-08-15,midmarket,Other,101.8,1
7768,2022-12-29,smb,Europe,37.77,-1
7769,2025-05-28,midmarket,Europe,89.88,-1
7770,2022-10-17,smb,North America,37.54,9
7771,2022-02-20,midmarket,North America,122.17,40
7772,2024-01-08,smb,North America,37.89,-1
7773,2025-06-13,enterprise,North America,371.56,-1
7774,2022-04-21,smb,Europe,35.44,-1
7775,2024-12-19,enterprise,North America,418.5,-1
7776,2024-11-25,midmarket,Europe,109.69,1
7777,2025-03-31,enterprise,Europe,331.92,-1
7778,2023-06-22,smb,North America,41.37,12
7779,2022-11-22,smb,Europe,37.72,29
7780,2023-10-16,midmarket,North America,129.61,18
7781,2022-07-01,smb,North America,33.72,15
7782,2024-12-11,smb,Other,27.05,-1
7783,2024-04-26,smb,North America,39.42,-1
7784,2023-09-09,smb,North America,37.18,-1
7785,2023-10-21,midmarket,Europe,114.97,-1
7786,2024-06-27,smb,North America,33.39,-1
7787,2023-10-30,smb,North America,36.4,1
7788,2024-12-07,smb,Europe,32.01,-1
7789,2025-03-25,midmarket,Europe,110.28,-1
7790,2025-04-26,smb,Europe,25.43,-1
7791,2024-03-02,midmarket,APAC,81.35,14
7792,2024-08-05,smb,North America,33.22,6
7793,2023-02-01,enterprise,Europe,363.86,-1
7794,2022-02-18,midmarket,North America,148.63,6
7795,2023-05-26,smb,North America,31.8,22
7796,2025-01-17,smb,Other,26.81,-1
7797,2022-06-20,enterprise,Europe,395.09,1
7798,2023-11-28,smb,North America,38.34,-1
7799,2022-09-03,smb,North America,38.88,33
7800,2023-07-02,smb,North America,40.15,8
7801,2022-07-02,smb,Europe,33.39,1
7802,2024-07-26,midmarket,North America,113.52,-1
7803,2024-10-30,midmarket,APAC,95.42,6
7804,2024-08-25,smb,North America,33.96,3
7805,2024-06-18,midmarket,North America,112.6,-1
7806,2022-10-28,smb,Other,32.06,29
7807,2023-11-08,smb,APAC,30.22,4
7808,2022-05-14,smb,North America,35.92,25
7809,2023-04-23,midmarket,Europe,119.8,1
7810,2023-10-08,smb,APAC,26.35,7
7811,2024-05-02,smb,Europe,29.88,-1
7812,2022-05-04,enterprise,Europe,359.38,3
7813,2024-11-03,midmarket,Europe,89.55,-1
7814,2023-08-09,midmarket,APAC,95.61,-1
7815,2025-01-29,midmarket,Europe,101.86,1
7816,2023-11-05,smb,North America,34.04,-1
7817,2023-11-29,smb,Europe,27.46,2
7818,2024-06-02,midmarket,Europe,96.23,11
7819,2024-11-12,smb,Europe,27.29,1
7820,2022-07-21,midmarket,North America,137.86,8
7821,2023-10-15,midmarket,Europe,101.36,-1
7822,2022-02-08,enterprise,Europe,402.2,4
7823,2023-08-29,smb,Other,26.92,10
7824,2024-11-04,smb,North America,31.6,-1
7825,2025-01-09,smb,Europe,31.34,4
7826,2022-12-28,smb,Europe,34.91,6
7827,2023-05-09,midmarket,North America,134.8,1
7828,2023-12-05,smb,Europe,30.69,15
7829,2023-05-21,midmarket,North America,120.84,-1
7830,2022-08-16,midmarket,APAC,107.38,1
7831,2023-01-25,smb,Europe,37.63,1
7832,2023-05-31,enterprise,North America,417.82,20
7833,2023-10-24,midmarket,Europe,113.83,1
7834,2025-03-20,midmarket,Other,82.78,1
7835,2023-11-27,midmarket,North America,140.19,1
7836,2023-05-09,smb,APAC,27.13,-1
7837,2024-04-22,midmarket,North America,119.41,-1
7838,2024-09-13,smb,North America,34.28,1
7839,2023-07-04,smb,Europe,34.32,-1
7840,2023-09-17,smb,North America,38.99,-1
7841,2022-10-05,midmarket,APAC,110.98,-1
7842,2025-01-08,smb,Europe,31.27,-1
7843,2025-01-11,midmarket,Europe,99.29,-1
7844,2022-08-12,midmarket,Europe,104.15,1
7845,2023-03-18,smb,Europe,36.39,24
7846,2022-12-14,midmarket,Europe,107.96,-1
7847,2025-03-23,smb,Europe,25.53,-1
7848,2022-03-25,enterprise,APAC,316.98,1
7849,2022-09-22,smb,Europe,33.66,1
7850,2023-02-06,smb,North America,37.01,21
7851,2023-12-16,smb,Europe,32.85,7
7852,2022-11-14,midmarket,North America,136.09,26
7853,2023-11-16,midmarket,North America,109.47,1
7854,2024-08-11,smb,North America,32.43,-1
7855,2024-11-23,smb,North America,38.02,1
7856,2022-05-07,enterprise,North America,487.69,8
7857,2022-06-27,enterprise,APAC,390.85,18
7858,2022-05-02,smb,APAC,26.49,8
7859,2025-03-07,smb,North America,37.35,-1
7860,2024-04-12,smb,Other,28.89,-1
7861,2023-11-10,smb,Other,26.37,-1
7862,2024-10-06,midmarket,APAC,96.44,-1
7863,2024-01-18,midmarket,North America,114.42,16
7864,2022-10-28,smb,North America,40.43,4
7865,2023-10-13,smb,Europe,34.47,-1
7866,2024-06-16,midmarket,Europe,103.54,-1
7867,2022-02-15,smb,Europe,29.91,39
7868,2024-02-13,midmarket,Europe,103.58,8
7869,2023-09-27,midmarket,APAC,104.72,-1
7870,2022-03-30,smb,Other,31.28,37
7871,2022-12-03,midmarket,Europe,113.48,-1
7872,2023-07-27,enterprise,APAC,378.43,10
7873,2023-03-14,smb,APAC,26.09,4
7874,2023-01-06,midmarket,North America,117.04,3
7875,2024-04-08,midmarket,APAC,87.77,-1
7876,2023-05-31,smb,North America,40.69,12
7877,2023-09-28,midmarket,North America,135.23,-1
7878,2024-10-15,smb,Other,27.32,-1
7879,2022-04-29,midmarket,North America,151.6,-1
7880,2023-04-05,midmarket,Europe,109.84,15
7881,2022-04-04,smb,Other,27.74,-1
7882,2025-03-29,midmarket,North America,117.4,-1
7883,2022-08-25,smb,North America,37.91,1
7884,2024-11-12,smb,North America,34.22,7
7885,2022-09-01,smb,Europe,30.08,-1
7886,2023-02-18,midmarket,North America,125.74,14
7887,2024-02-16,midmarket,North America,121.18,7
7888,2024-11-26,smb,APAC,23.3,-1
7889,2022-08-15,smb,North America,44.74,-1
7890,2022-09-29,smb,Europe,29.04,5
7891,2025-01-30,smb,North America,37.84,-1
7892,2023-02-15,midmarket,Europe,98.64,27
7893,2022-09-25,midmarket,Europe,128.06,12
7894,2024-08-06,smb,North America,35.03,4
7895,2022-04-27,smb,North America,36.08,1
7896,2025-01-11,midmarket,North America,105.94,3
7897,2025-01-22,smb,North America,32.11,-1
7898,2024-12-28,smb,North America,36.77,-1
7899,2023-01-12,midmarket,Europe,101.4,-1
7900,2022-05-26,midmarket,North America,124.99,-1
7901,2023-06-27,smb,North America,39.26,20
7902,2023-03-03,smb,North America,38.96,16
7903,2025-05-08,smb,APAC,25.11,-1
7904,2024-03-17,midmarket,North America,105.53,-1
7905,2025-04-20,smb,Europe,29.25,1
7906,2024-08-16,smb,Europe,27.59,1
7907,2024-07-01,smb,North America,35.88,11
7908,2022-05-23,midmarket,North America,126.31,8
7909,2022-03-29,enterprise,North America,521.46,22
7910,2022-03-01,smb,Europe,35.62,27
7911,2024-01-28,midmarket,North America,125.45,2
7912,2022-09-15,midmarket,North America,146.37,-1
7913,2025-06-16,smb,APAC,29.37,-1
7914,2022-06-19,midmarket,Europe,127.07,12
7915,2025-04-23,smb,North America,33.99,-1
7916,2024-05-01,smb,APAC,30.45,-1
7917,2022-05-16,smb,North America,35.73,1
7918,2022-03-16,midmarket,North America,147.57,10
7919,2023-05-21,smb,North America,39.31,-1
7920,2023-03-09,smb,Other,28.37,2
7921,2023-02-07,smb,North America,42.02,-1
7922,2023-11-06,midmarket,APAC,103.22,18
7923,2022-06-15,midmarket,Europe,124.87,-1
7924,2022-06-15,smb,Europe,38.4,-1
7925,2024-06-05,enterprise,North America,422.72,-1
7926,2025-06-17,smb,North America,30.29,-1
7927,2022-12-16,enterprise,Europe,343.78,12
7928,2025-04-04,enterprise,North America,379.27,-1
7929,2023-03-17,smb,Europe,30.15,-1
7930,2023-03-05,smb,North America,39.92,7
7931,2022-04-26,smb,APAC,34.26,12
7932,2023-06-25,smb,Europe,30.26,-1
7933,2023-09-28,smb,Europe,35.74,-1
7934,2024-04-26,smb,Europe,32.94,-1
7935,2022-07-21,midmarket,North America,153.86,-1
7936,2022-08-29,midmarket,North America,121.5,1
7937,2023-07-06,midmarket,North America,125.15,1
7938,2022-03-30,smb,Europe,36.14,-1
7939,2022-07-02,midmarket,North America,144.79,-1
7940,2024-03-13,smb,North America,39.83,-1
7941,2025-05-02,midmarket,North America,125.93,1
7942,2024-01-02,smb,North America,32.99,-1
7943,2022-07-04,smb,Europe,33.25,-1
7944,2025-06-18,smb,Europe,30.28,-1
7945,2023-10-28,smb,North America,32.36,-1
7946,2024-07-03,midmarket,North America,135.43,2
7947,2022-09-09,smb,Europe,36.21,5
7948,2024-01-09,midmarket,Europe,117.34,1
7949,2022-04-08,smb,APAC,34.86,12
7950,2024-03-09,midmarket,APAC,85.94,6
7951,2022-09-16,midmarket,APAC,101.61,19
7952,2025-03-06,midmarket,APAC,93.25,-1
7953,2022-03-11,smb,APAC,34.23,1
7954,2024-04-12,smb,Europe,32.86,-1
7955,2022-06-27,midmarket,Europe,103.94,6
7956,2024-05-26,midmarket,Europe,109.17,6
7957,2023-09-22,midmarket,North America,117.61,-1
7958,2025-05-19,smb,North America,31.95,-1
7959,2024-04-11,smb,APAC,31.69,1
7960,2023-04-20,midmarket,Europe,100.25,1
7961,2022-04-22,smb,North America,34.99,18
7962,2024-01-31,smb,North America,34.85,-1
7963,2023-07-17,smb,North America,40.96,-1
7964,2022-03-09,smb,North America,35.84,7
7965,2024-01-12,smb,Europe,27.22,1
7966,2022-09-25,smb,Europe,32.9,7
7967,2022-10-26,midmarket,Europe,119.62,-1
7968,2022-01-12,enterprise,North America,412.35,35
7969,2023-04-20,midmarket,North America,140.26,19
7970,2022-10-06,enterprise,North America,486.79,1
7971,2022-04-02,midmarket,North America,137.03,19
7972,2023-07-09,smb,Europe,27.59,4
7973,2022-10-08,smb,North America,38.78,-1
7974,2022-06-21,enterprise,APAC,321.59,35
7975,2023-08-19,enterprise,Europe,359.26,-1
7976,2022-03-22,smb,North America,42.99,-1
7977,2025-06-17,smb,North America,28.32,-1
7978,2023-08-24,midmarket,North America,107.09,8
7979,2025-06-25,smb,North America,29.09,-1
7980,2025-01-29,midmarket,APAC,77.88,-1
7981,2025-06-03,enterprise,Europe,301.49,-1
7982,2023-11-24,smb,APAC,27.51,-1
7983,2023-06-24,smb,Europe,34.98,1
7984,2024-07-07,midmarket,APAC,80.02,-1
7985,2022-04-13,smb,APAC,29.68,-1
7986,2024-12-08,smb,North America,38.15,-1
7987,2023-02-17,enterprise,North America,442.5,1
7988,2022-01-10,smb,North America,44.2,-1
7989,2022-10-31,midmarket,North America,131.65,-1
7990,2022-11-06,smb,Europe,29.36,7
7991,2022-01-19,midmarket,North America,125.04,1
7992,2024-05-03,midmarket,APAC,101.43,-1
7993,2022-05-02,midmarket,North America,150.27,-1
7994,2024-12-16,smb,APAC,26.19,-1
7995,2023-08-02,midmarket,North America,125.7,-1
7996,2024-07-05,smb,North America,34.2,1
7997,2023-03-10,midmarket,APAC,86.47,8
7998,2022-06-18,smb,North America,34.56,35
7999,2022-08-19,smb,Europe,38.88,-1
8000,2024-04-04,midmarket,APAC,81.63,13
8001,2024-07-02,smb,North America,33.14,-1
8002,2022-12-08,smb,North America,40.41,-1
8003,2023-04-01,smb,North America,36.64,-1
8004,2025-04-20,midmarket,North America,129.74,1
8005,2024-12-22,smb,Other,21.48,-1
8006,2023-06-12,smb,APAC,32.31,1
8007,2022-11-04,midmarket,North America,117.25,-1
8008,2023-01-20,smb,Europe,30.15,1
8009,2023-11-18,midmarket,APAC,97.93,1
8010,2023-12-25,smb,North America,40.02,-1
8011,2022-08-23,smb,North America,37.95,-1
8012,2022-03-26,smb,APAC,29.28,32
8013,2023-09-25,midmarket,Europe,105.78,-1
8014,2024-10-14,midmarket,North America,102.87,-1
8015,2022-07-14,midmarket,Europe,128.54,17
8016,2023-06-06,smb,North America,41.74,-1
8017,2022-07-26,midmarket,Europe,122.85,4
8018,2022-11-05,midmarket,Europe,112.6,7
8019,2024-02-21,midmarket,North America,126.37,-1
8020,2023-01-01,smb,APAC,30.23,7
8021,2022-12-03,midmarket,Europe,98.62,-1
8022,2025-06-24,smb,Europe,27.52,-1
8023,2022-08-08,midmarket,Europe,121.61,9
8024,2022-08-30,midmarket,Europe,128.27,1
8025,2025-04-01,enterprise,North America,361.79,-1
8026,2023-12-04,midmarket,North America,135.28,1
8027,2022-02-24,smb,Europe,37.52,9
8028,2023-06-27,midmarket,Europe,124.9,-1
8029,2023-12-23,midmarket,North America,141.58,-1
8030,2022-11-20,enterprise,Other,279.82,10
8031,2023-12-01,midmarket,APAC,94.8,-1
8032,2024-04-07,midmarket,North America,130.85,1
8033,2022-11-16,midmarket,North America,144.44,11
8034,2024-11-02,enterprise,Europe,295.41,-1
8035,2023-08-01,smb,North America,37.92,2
8036,2025-05-14,smb,Other,27.2,-1
8037,2022-04-22,smb,Europe,31.69,5
8038,2023-02-18,enterprise,North America,412.78,1
8039,2024-07-09,smb,North America,33.62,-1
8040,2025-02-15,smb,North America,32.37,-1
8041,2022-10-10,smb,Europe,34.18,1
8042,2025-06-04,midmarket,North America,97.3,-1
8043,2022-09-04,smb,APAC,32.89,12
8044,2023-06-15,smb,Europe,28.62,-1
8045,2023-02-06,smb,APAC,32.41,1
8046,2023-06-26,smb,North America,31.74,6
8047,2025-02-25,smb,North America,36.3,-1
8048,2024-07-23,smb,APAC,25.99,7
8049,2024-10-13,enterprise,North America,408.68,-1
8050,2022-11-21,midmarket,North America,119.0,26
8051,2025-04-23,smb,Other,24.7,1
8052,2023-07-10,midmarket,APAC,93.12,9
8053,2024-04-11,midmarket,APAC,80.55,6
8054,2024-06-09,midmarket,North America,127.74,5
8055,2024-04-25,midmarket,Europe,93.52,1
8056,2024-02-07,enterprise,Europe,400.89,1
8057,2023-09-05,smb,Europe,32.21,-1
8058,2024-04-06,midmarket,North America,102.84,-1
8059,2025-03-01,smb,APAC,29.49,-1
8060,2023-05-13,midmarket,North America,113.79,9
8061,2023-10-14,smb,Europe,34.8,-1
8062,2022-08-18,smb,APAC,28.93,1
8063,2023-03-30,smb,APAC,30.08,-1
8064,2024-09-12,midmarket,North America,129.62,-1
8065,2024-03-28,enterprise,Europe,304.79,-1
8066,2022-09-27,smb,Europe,35.54,6
8067,2023-11-28,smb,North America,32.38,1
8068,2024-11-02,enterprise,North America,413.53,-1
8069,2022-06-08,smb,Europe,30.72,1
8070,2022-03-21,smb,APAC,26.74,12
8071,2023-05-17,midmarket,Other,84.75,-1
8072,2024-04-17,smb,North America,36.6,10
8073,2023-02-04,midmarket,North America,148.69,21
8074,2024-11-13,enterprise,North America,443.08,-1
8075,2024-12-16,smb,Other,26.82,-1
8076,2023-11-11,smb,APAC,31.08,1
8077,2023-04-29,smb,Other,30.81,2
8078,2022-02-23,smb,Europe,35.14,-1
8079,2024-11-14,smb,North America,31.21,-1
8080,2025-02-16,midmarket,Europe,104.47,-1
8081,2023-07-19,midmarket,North America,113.0,23
8082,2023-10-22,midmarket,North America,137.15,19
8083,2024-08-19,smb,North America,33.62,-1
8084,2024-06-06,smb,North America,32.46,-1
8085,2022-06-22,smb,North America,43.38,-1
8086,2024-05-07,midmarket,APAC,83.16,-1
8087,2025-03-25,midmarket,Europe,113.22,-1
8088,2024-08-15,smb,APAC,30.68,-1
8089,2023-09-06,smb,North America,37.75,-1
8090,2023-10-30,midmarket,Europe,115.35,-1
8091,2022-11-28,smb,North America,33.07,28
8092,2024-04-23,smb,North America,34.6,10
8093,2022-11-05,smb,North America,42.84,1
8094,2023-03-13,midmarket,North America,110.22,-1
8095,2022-12-05,smb,APAC,28.03,1
8096,2023-03-04,enterprise,APAC,322.13,-1
8097,2023-04-13,midmarket,North America,135.26,-1
8098,2022-04-16,smb,Europe,36.64,1
8099,2024-07-04,midmarket,North America,103.5,-1
8100,2023-07-17,enterprise,North America,386.28,1
8101,2025-04-26,midmarket,Europe,108.17,1
8102,2022-08-19,midmarket,APAC,94.87,13
8103,2024-05-03,smb,APAC,25.7,-1
8104,2022-08-17,midmarket,North America,120.04,-1
8105,2023-11-30,smb,Europe,33.87,-1
8106,2023-09-19,smb,North America,31.37,-1
8107,2023-07-27,midmarket,North America,119.09,1
8108,2024-04-15,smb,North America,35.61,-1
8109,2024-11-22,midmarket,North America,99.23,6
8110,2023-02-09,midmarket,North America,147.45,16
8111,2024-12-20,enterprise,North America,429.0,-1
8112,2022-08-24,enterprise,Europe,404.28,25
8113,2023-01-09,enterprise,North America,426.76,-1
8114,2023-02-01,midmarket,North America,116.36,-1
8115,2025-05-01,smb,Other,24.69,-1
8116,2022-06-01,smb,APAC,28.37,19
8117,2023-05-20,smb,North America,38.84,11
8118,2023-06-26,smb,North America,33.17,12
8119,2024-10-17,smb,North America,36.39,-1
8120,2023-09-13,midmarket,Other,87.73,-1
8121,2025-05-18,smb,North America,32.89,-1
8122,2024-08-02,midmarket,North America,106.38,-1
8123,2024-06-16,smb,Europe,28.13,-1
8124,2024-08-18,smb,Europe,29.58,-1
8125,2022-07-26,midmarket,North America,132.52,-1
8126,2023-07-27,smb,North America,42.47,-1
8127,2024-01-18,smb,North America,34.05,-1
8128,2022-09-24,smb,North America,33.94,-1
8129,2022-06-01,midmarket,North America,135.82,-1
8130,2022-06-23,smb,APAC,29.13,-1
8131,2024-10-03,smb,APAC,29.77,-1
8132,2024-04-18,midmarket,Europe,96.01,-1
8133,2022-12-25,smb,Europe,36.78,-1
8134,2024-07-29,midmarket,Europe,108.58,-1
8135,2024-06-06,smb,North America,31.63,1
8136,2024-11-07,midmarket,Europe,98.42,-1
8137,2025-03-07,midmarket,North America,113.71,-1
8138,2025-01-30,midmarket,North America,115.98,1
8139,2022-08-19,smb,North America,37.76,2
8140,2024-09-08,smb,Europe,30.62,1
8141,2023-05-17,enterprise,Europe,394.77,20
8142,2023-05-30,midmarket,Europe,111.41,-1
8143,2024-04-05,smb,Europe,31.61,-1
8144,2024-02-08,midmarket,APAC,105.94,8
8145,2023-06-20,enterprise,North America,423.87,1
8146,2025-06-29,smb,North America,31.87,-1
8147,2022-08-12,midmarket,APAC,96.62,12
8148,2022-05-04,smb,Europe,30.56,26
8149,2022-02-07,midmarket,North America,128.81,24
8150,2024-11-04,smb,North America,33.02,-1
8151,2023-06-03,smb,Other,29.61,1
8152,2023-07-13,midmarket,North America,115.88,-1
8153,2024-04-08,smb,APAC,29.28,6
8154,2023-07-10,smb,APAC,25.25,8
8155,2024-01-03,smb,APAC,25.16,-1
8156,2022-03-16,midmarket,North America,129.61,11
8157,2022-07-19,midmarket,Europe,115.64,-1
8158,2025-04-04,smb,North America,29.89,1
8159,2023-07-30,enterprise,North America,372.93,1
8160,2022-08-02,enterprise,North America,454.03,6
8161,2023-04-17,midmarket,North America,125.12,7
8162,2023-03-04,smb,North America,36.72,11
8163,2022-12-16,midmarket,Europe,107.38,-1
8164,2023-01-10,midmarket,North America,125.37,-1
8165,2024-07-19,smb,North America,31.43,-1
8166,2022-05-17,midmarket,North America,126.15,18
8167,2023-01-31,midmarket,Europe,114.84,-1
8168,2023-08-21,smb,North America,36.99,12
8169,2023-11-21,midmarket,Europe,121.04,3
8170,2025-01-28,smb,North America,36.96,-1
8171,2025-03-24,midmarket,Europe,84.45,-1
8172,2023-01-15,smb,APAC,27.35,-1
8173,2023-11-20,smb,Europe,35.13,1
8174,2022-01-29,midmarket,Europe,113.33,-1
8175,2024-02-27,midmarket,APAC,94.99,-1
8176,2022-07-15,smb,North America,41.2,1
8177,2022-04-04,midmarket,North America,137.87,22
8178,2024-05-07,midmarket,APAC,80.16,-1
8179,2022-08-16,smb,APAC,27.81,1
8180,2023-09-02,smb,Europe,27.98,12
8181,2022-05-09,smb,North America,35.57,31
8182,2024-08-09,midmarket,North America,105.87,-1
8183,2024-09-02,midmarket,APAC,95.55,1
8184,2024-01-04,smb,Europe,30.28,1
8185,2024-12-02,midmarket,North America,100.8,-1
8186,2023-07-12,midmarket,North America,110.75,12
8187,2022-08-26,enterprise,APAC,395.53,11
8188,2022-07-13,enterprise,Europe,348.71,14
8189,2022-10-07,smb,Other,26.42,7
8190,2022-09-13,midmarket,North America,135.9,20
8191,2023-02-17,smb,North America,34.3,25
8192,2022-10-01,midmarket,North America,120.3,-1
8193,2024-01-25,midmarket,Europe,93.11,-1
8194,2022-07-09,midmarket,North America,153.56,9
8195,2024-03-04,smb,North America,36.58,1
8196,2023-03-03,smb,North America,38.0,-1
8197,2024-05-26,smb,North America,39.18,-1
8198,2023-10-17,enterprise,APAC,334.57,13
8199,2025-03-01,midmarket,North America,105.86,-1
8200,2023-07-16,smb,Europe,31.85,-1
8201,2023-01-12,enterprise,Europe,375.46,26
8202,2024-01-22,smb,North America,34.73,1
8203,2024-04-20,midmarket,Europe,113.15,-1
8204,2023-07-15,midmarket,APAC,87.49,-1
8205,2023-12-16,midmarket,Europe,96.38,11
8206,2023-08-24,midmarket,Europe,105.35,-1
8207,2023-01-26,smb,APAC,25.94,-1
8208,2023-02-05,smb,Other,32.07,26
8209,2025-03-03,smb,APAC,25.98,-1
8210,2024-05-11,smb,North America,30.35,1
8211,2022-05-02,midmarket,Europe,121.61,-1
8212,2025-05-12,smb,Europe,30.99,-1
8213,2024-06-27,midmarket,North America,116.34,4
8214,2022-03-06,smb,North America,39.65,3
8215,2024-07-17,midmarket,APAC,98.76,1
8216,2024-01-23,smb,North America,32.96,1
8217,2025-03-13,smb,APAC,26.78,-1
8218,2023-09-17,smb,Other,28.08,-1
8219,2023-10-24,smb,North America,39.7,-1
8220,2023-02-06,smb,North America,42.29,-1
8221,2023-02-15,smb,Other,31.68,1
8222,2024-02-28,smb,North America,31.64,-1
8223,2024-11-22,midmarket,APAC,99.82,-1
8224,2025-02-10,smb,North America,35.18,-1
8225,2024-09-10,midmarket,North America,113.19,2
8226,2024-02-18,smb,North America,40.16,2
8227,2023-10-01,smb,North America,40.31,12
8228,2023-03-10,midmarket,APAC,109.39,1
8229,2024-09-06,smb,North America,29.79,1
8230,2023-02-10,smb,North America,34.18,1
8231,2022-12-08,smb,Europe,37.41,2
8232,2025-01-12,smb,Other,28.44,5
8233,2024-01-23,smb,North America,33.43,-1
8234,2023-03-28,smb,APAC,27.51,11
8235,2025-01-08,midmarket,North America,119.04,-1
8236,2025-05-13,midmarket,APAC,76.99,-1
8237,2023-02-10,smb,Europe,33.86,-1
8238,2023-10-28,midmarket,APAC,111.33,11
8239,2023-09-10,midmarket,Europe,102.36,-1
8240,2024-06-14,midmarket,Other,94.88,-1
8241,2025-04-28,midmarket,North America,114.18,1
8242,2023-12-01,smb,Europe,29.31,2
8243,2024-10-15,midmarket,Europe,99.18,-1
8244,2024-01-30,midmarket,North America,124.7,1
8245,2025-02-05,smb,APAC,28.21,-1
8246,2023-06-01,smb,APAC,29.4,-1
8247,2023-05-07,midmarket,APAC,112.84,21
8248,2023-06-24,smb,North America,32.85,7
8249,2025-06-25,midmarket,APAC,99.75,-1
8250,2024-02-20,smb,North America,36.18,-1
8251,2022-07-14,enterprise,Other,319.92,31
8252,2022-02-22,midmarket,North America,119.9,20
8253,2023-10-24,midmarket,Europe,101.82,8
8254,2024-10-25,smb,North America,33.53,1
8255,2023-09-04,enterprise,Europe,410.97,11
8256,2023-12-16,smb,North America,38.78,-1
8257,2024-10-15,smb,APAC,23.2,8
8258,2023-10-21,enterprise,APAC,308.55,-1
8259,2025-03-05,smb,North America,33.15,-1
8260,2024-03-25,midmarket,APAC,105.12,-1
8261,2024-07-21,midmarket,Europe,112.08,3
8262,2024-09-24,midmarket,North America,107.73,-1
8263,2024-03-10,midmarket,North America,105.16,1
8264,2022-03-05,midmarket,North America,121.65,23
8265,2023-06-30,smb,North America,37.15,13
8266,2022-06-30,smb,Europe,29.99,15
8267,2023-10-14,midmarket,Europe,100.31,-1
8268,2022-07-02,midmarket,North America,147.14,19
8269,2023-10-12,smb,Other,26.1,-1
8270,2023-03-15,midmarket,North America,148.37,19
8271,2022-01-26,smb,APAC,33.92,35
8272,2022-06-09,smb,APAC,28.61,-1
8273,2023-10-04,midmarket,APAC,83.19,12
8274,2022-04-11,smb,Europe,34.8,1
8275,2024-12-28,smb,North America,35.88,-1
8276,2024-08-26,smb,APAC,26.78,-1
8277,2024-06-24,smb,Europe,34.05,-1
8278,2022-08-08,midmarket,APAC,112.94,26
8279,2024-10-12,smb,North America,34.37,-1
8280,2024-03-20,midmarket,Europe,90.45,-1
8281,2023-05-14,enterprise,North America,405.58,-1
8282,2022-01-01,smb,Europe,34.94,5
8283,2023-11-06,midmarket,APAC,89.83,-1
8284,2024-10-12,smb,North America,37.62,-1
8285,2022-02-12,smb,North America,39.16,-1
8286,2022-03-09,smb,North America,36.34,1
8287,2023-05-04,smb,North America,40.42,22
8288,2023-10-15,smb,North America,37.56,14
8289,2023-08-29,smb,North America,33.41,1
8290,2023-06-28,smb,North America,37.48,-1
8291,2022-11-22,smb,Europe,35.34,-1
8292,2022-03-18,smb,APAC,30.73,3
8293,2022-02-09,midmarket,North America,129.22,-1
8294,2022-05-07,enterprise,North America,477.26,6
8295,2024-05-30,midmarket,APAC,99.43,-1
8296,2024-09-29,midmarket,North America,100.69,-1
8297,2023-07-10,midmarket,North America,116.52,17
8298,2022-04-09,smb,Europe,36.03,33
8299,2023-06-15,smb,Other,25.16,1
8300,2025-06-11,smb,North America,37.22,-1
8301,2022-11-15,smb,Other,25.51,15
8302,2023-09-19,smb,North America,39.28,1
8303,2023-11-18,smb,North America,41.6,16
8304,2023-02-25,smb,North America,36.11,1
8305,2023-07-13,midmarket,APAC,102.16,-1
8306,2023-08-25,smb,Europe,28.17,7
8307,2023-08-28,midmarket,Europe,113.55,12
8308,2024-07-04,midmarket,Other,100.84,3
8309,2024-01-12,midmarket,Europe,121.95,-1
8310,2022-03-10,smb,North America,38.83,-1
8311,2022-01-09,smb,Europe,38.37,8
8312,2023-06-09,enterprise,North America,465.72,-1
8313,2025-03-04,smb,Europe,27.41,-1
8314,2022-02-17,midmarket,APAC,117.91,-1
8315,2022-04-01,midmarket,Europe,106.36,-1
8316,2024-05-16,midmarket,North America,137.57,-1
8317,2023-07-30,midmarket,Europe,122.13,-1
8318,2022-10-22,smb,North America,38.71,18
8319,2022-09-22,enterprise,North America,427.89,6
8320,2024-04-28,midmarket,Europe,119.22,4
8321,2023-10-31,enterprise,North America,362.24,6
8322,2024-03-25,smb,North America,35.44,-1
8323,2022-12-24,smb,Europe,33.11,1
8324,2023-11-03,smb,North America,34.9,15
8325,2025-01-02,smb,North America,29.7,2
8326,2023-02-08,smb,Other,25.89,9
8327,2023-05-21,midmarket,North America,146.41,11
8328,2022-07-28,enterprise,North America,488.68,4
8329,2024-03-26,smb,APAC,30.56,-1
8330,2022-02-11,midmarket,North America,137.76,-1
8331,2022-11-14,smb,APAC,31.52,-1
8332,2024-06-28,smb,Europe,30.39,1
8333,2022-01-25,midmarket,Europe,126.38,23
8334,2025-06-16,smb,North America,36.25,-1
8335,2023-05-31,midmarket,North America,118.0,-1
8336,2023-05-24,midmarket,APAC,113.62,-1
8337,2023-11-16,smb,North America,40.68,-1
8338,2024-03-26,smb,APAC,27.07,-1
8339,2023-08-10,enterprise,APAC,375.66,9
8340,2025-02-02,midmarket,Europe,111.09,-1
8341,2025-05-12,enterprise,North America,323.83,-1
8342,2022-09-13,enterprise,Europe,332.4,1
8343,2024-06-20,enterprise,Europe,368.4,-1
8344,2023-01-19,midmarket,North America,141.51,-1
8345,2025-06-24,smb,APAC,23.65,-1
8346,2022-11-20,smb,North America,38.39,1
8347,2023-01-12,smb,Other,28.44,2
8348,2024-06-30,smb,North America,34.33,-1
8349,2024-10-03,smb,North America,29.75,1
8350,2022-06-14,smb,Europe,31.31,4
8351,2023-12-10,smb,North America,39.4,-1
8352,2023-03-18,smb,North America,32.84,10
8353,2024-02-20,smb,North America,36.94,3
8354,2023-12-12,smb,APAC,29.31,-1
8355,2025-06-11,smb,North America,37.16,-1
8356,2025-04-06,midmarket,Europe,112.96,-1
8357,2024-04-14,enterprise,Europe,397.3,-1
8358,2024-05-16,midmarket,Europe,105.9,-1
8359,2025-02-20,enterprise,North America,329.48,-1
8360,2022-08-23,midmarket,North America,124.65,-1
8361,2024-07-15,enterprise,Other,291.09,1
8362,2024-09-12,midmarket,APAC,79.42,-1
8363,2022-06-12,smb,APAC,26.5,-1
8364,2025-01-29,midmarket,Europe,94.91,1
8365,2024-06-11,midmarket,APAC,90.48,1
8366,2023-03-19,midmarket,Other,97.77,12
8367,2023-09-10,midmarket,Europe,123.15,-1
8368,2023-09-17,smb,APAC,27.68,11
8369,2025-03-18,smb,North America,28.73,-1
8370,2025-05-21,enterprise,North America,380.18,-1
8371,2024-10-26,smb,Europe,28.44,3
8372,2024-04-12,enterprise,Europe,392.68,9
8373,2022-05-13,smb,North America,38.7,-1
8374,2025-03-13,smb,Europe,27.36,1
8375,2022-06-20,smb,Europe,36.49,-1
8376,2022-08-01,midmarket,APAC,104.32,-1
8377,2022-03-30,smb,North America,40.54,2
8378,2025-04-24,smb,North America,29.61,-1
8379,2023-09-22,smb,Europe,30.6,-1
8380,2022-10-29,midmarket,Europe,99.39,-1
8381,2022-04-14,smb,APAC,33.44,1
8382,2023-06-10,midmarket,North America,117.54,12
8383,2024-07-12,enterprise,North America,351.58,-1
8384,2025-06-23,smb,Other,24.81,-1
8385,2023-12-06,midmarket,North America,126.39,1
8386,2024-02-14,midmarket,Europe,100.38,-1
8387,2024-12-02,smb,North America,38.48,1
8388,2025-02-24,smb,North America,34.78,-1
8389,2022-12-24,smb,APAC,33.74,-1
8390,2025-06-19,smb,North America,30.73,-1
8391,2023-10-25,smb,North America,36.94,4
8392,2025-04-01,smb,APAC,25.2,2
8393,2022-05-30,midmarket,North America,131.95,1
8394,2022-05-05,enterprise,North America,390.3,8
8395,2025-02-02,smb,Europe,26.62,-1
8396,2024-05-08,midmarket,North America,133.62,8
8397,2022-08-12,midmarket,Europe,128.34,-1
8398,2025-02-15,smb,North America,29.46,-1
8399,2022-05-11,midmarket,North America,115.89,4
8400,2024-05-20,midmarket,North America,105.93,-1
8401,2022-09-19,smb,APAC,31.61,14
8402,2022-04-01,midmarket,North America,125.48,12
8403,2024-10-25,smb,Other,27.24,-1
8404,2024-12-17,enterprise,North America,328.95,-1
8405,2022-05-16,smb,North America,42.07,35
8406,2022-04-29,midmarket,Europe,132.07,-1
8407,2024-02-24,smb,North America,30.77,1
8408,2022-02-06,midmarket,Europe,132.62,14
8409,2024-08-10,midmarket,APAC,104.27,7
8410,2025-03-14,smb,APAC,26.29,-1
8411,2024-08-16,midmarket,Europe,96.3,-1
8412,2022-10-22,smb,Europe,34.19,-1
8413,2022-08-31,midmarket,North America,125.98,-1
8414,2024-05-18,midmarket,APAC,106.37,5
8415,2022-03-20,midmarket,North America,138.52,-1
8416,2023-11-18,smb,North America,39.43,-1
8417,2023-07-27,midmarket,Europe,113.73,-1
8418,2024-08-08,midmarket,North America,110.88,-1
8419,2022-09-16,smb,Europe,33.72,1
8420,2024-08-30,midmarket,North America,131.89,-1
8421,2024-06-11,smb,North America,33.67,12
8422,2022-11-01,smb,Europe,31.81,-1
8423,2023-04-01,smb,Europe,37.06,1
8424,2022-03-26,smb,Other,28.01,-1
8425,2023-07-28,midmarket,North America,140.27,1
8426,2022-11-29,smb,North America,34.7,1
8427,2022-05-25,smb,North America,42.97,22
8428,2023-12-16,midmarket,North America,127.72,-1
8429,2023-12-26,smb,North America,31.9,7
8430,2022-04-20,smb,APAC,27.0,12
8431,2022-08-25,midmarket,North America,125.49,-1
8432,2022-04-16,midmarket,APAC,111.55,10
8433,2024-05-16,smb,Europe,29.23,1
8434,2023-03-08,smb,Europe,30.51,-1
8435,2022-04-01,smb,North America,40.67,-1
8436,2022-09-02,midmarket,North America,150.99,-1
8437,2025-05-30,midmarket,North America,99.91,-1
8438,2022-11-23,midmarket,Europe,119.47,12
8439,2024-05-23,midmarket,Europe,117.54,-1
8440,2023-08-21,smb,North America,37.2,13
8441,2022-08-20,midmarket,North America,152.17,29
8442,2023-01-28,midmarket,Other,99.22,1
8443,2022-01-18,smb,North America,42.33,20
8444,2024-08-11,midmarket,North America,128.74,8
8445,2023-03-03,midmarket,North America,117.51,11
8446,2023-09-30,smb,North America,37.22,1
8447,2022-07-14,midmarket,North America,138.81,28
8448,2024-11-17,smb,Europe,26.18,-1
8449,2022-10-06,enterprise,Europe,378.38,1
8450,2023-12-24,midmarket,Europe,116.07,12
8451,2025-01-18,smb,North America,28.98,1
8452,2024-06-29,midmarket,North America,116.55,-1
8453,2024-02-09,smb,APAC,24.93,6
8454,2025-02-07,midmarket,North America,103.45,1
8455,2022-08-14,smb,North America,39.11,1
8456,2025-05-14,midmarket,Europe,84.17,1
8457,2023-12-12,smb,Europe,30.61,-1
8458,2023-06-07,smb,North America,31.83,1
8459,2022-11-23,smb,APAC,33.89,-1
8460,2024-08-08,enterprise,North America,439.98,1
8461,2025-05-30,smb,Other,22.19,-1
8462,2024-05-30,smb,North America,30.51,1
8463,2022-02-11,midmarket,Europe,110.51,-1
8464,2023-08-22,smb,North America,31.55,1
8465,2024-07-23,enterprise,APAC,332.37,-1
8466,2023-05-23,midmarket,Europe,113.67,15
8467,2024-09-13,smb,APAC,27.23,-1
8468,2024-06-21,midmarket,APAC,103.53,12
8469,2022-03-27,midmarket,Europe,129.93,1
8470,2023-12-13,smb,North America,35.02,18
8471,2022-08-08,smb,North America,40.25,31
8472,2023-09-13,enterprise,Other,303.44,5
8473,2023-05-06,midmarket,APAC,103.8,-1
8474,2024-10-26,midmarket,North America,104.88,-1
8475,2025-01-12,smb,North America,31.59,1
8476,2023-08-12,smb,North America,34.01,-1
8477,2023-11-17,smb,North America,32.58,-1
8478,2024-03-09,smb,North America,34.54,2
8479,2024-04-16,smb,APAC,29.48,-1
8480,2024-03-21,midmarket,North America,117.76,2
8481,2024-09-26,midmarket,APAC,105.5,-1
8482,2025-06-07,midmarket,Other,77.91,-1
8483,2024-11-22,midmarket,North America,132.16,-1
8484,2022-06-21,midmarket,Europe,106.47,28
8485,2023-08-31,smb,Europe,30.23,-1
8486,2023-08-12,midmarket,North America,113.29,9
8487,2023-10-12,midmarket,Europe,99.92,-1
8488,2023-11-06,smb,Europe,28.23,-1
8489,2024-07-05,smb,North America,36.02,11
8490,2023-06-22,midmarket,APAC,90.64,1
8491,2022-12-03,smb,North America,33.46,-1
8492,2023-08-07,smb,North America,34.17,-1
8493,2024-12-26,midmarket,Other,90.22,-1
8494,2023-02-02,smb,North America,37.04,-1
8495,2022-01-27,midmarket,North America,123.76,1
8496,2025-05-30,midmarket,North America,97.94,-1
8497,2022-09-07,midmarket,North America,142.09,1
8498,2024-02-09,enterprise,North America,432.23,-1
8499,2024-10-18,smb,Europe,29.36,-1
8500,2022-12-17,smb,North America,38.54,2
8501,2023-03-11,midmarket,Europe,103.56,1
8502,2022-12-24,smb,North America,38.05,-1
8503,2022-07-11,midmarket,North America,143.41,1
8504,2022-07-15,midmarket,Other,107.28,-1
8505,2022-08-27,smb,APAC,29.03,-1
8506,2023-08-08,midmarket,Europe,115.43,21
8507,2023-11-09,smb,North America,36.04,-1
8508,2022-01-21,midmarket,Europe,128.62,1
8509,2024-12-15,smb,APAC,27.96,-1
8510,2024-05-12,midmarket,APAC,101.21,1
8511,2022-04-01,midmarket,Europe,106.45,14
8512,2024-12-11,smb,Europe,27.82,4
8513,2022-02-08,smb,North America,37.24,1
8514,2023-12-17,midmarket,North America,121.49,6
8515,2023-08-17,smb,North America,36.36,9
8516,2023-10-03,midmarket,North America,130.98,1
8517,2025-05-05,midmarket,North America,115.05,-1
8518,2025-03-28,midmarket,North America,116.7,1
8519,2022-12-23,smb,Europe,34.56,1
8520,2024-01-10,smb,Europe,29.03,-1
8521,2025-05-08,smb,Europe,26.23,-1
8522,2024-07-19,smb,North America,31.75,-1
8523,2025-02-06,midmarket,Europe,108.0,-1
8524,2023-07-09,midmarket,Other,82.28,-1
8525,2022-12-28,midmarket,North America,123.81,-1
8526,2023-10-14,smb,APAC,26.59,9
8527,2024-11-08,midmarket,North America,119.71,-1
8528,2025-03-31,smb,Europe,32.58,-1
8529,2024-05-25,smb,Europe,33.97,-1
8530,2024-06-20,smb,Europe,26.76,-1
8531,2023-10-16,enterprise,APAC,329.27,-1
8532,2023-02-12,midmarket,North America,111.76,9
8533,2023-06-24,smb,APAC,31.59,12
8534,2023-09-28,smb,APAC,27.54,1
8535,2024-11-06,smb,APAC,24.32,-1
8536,2023-12-10,smb,North America,35.84,-1
8537,2024-10-08,smb,North America,33.5,-1
8538,2022-02-04,midmarket,APAC,121.8,-1
8539,2024-08-23,smb,Europe,25.82,-1
8540,2023-10-10,midmarket,Other,104.63,-1
8541,2025-06-27,smb,North America,30.08,-1
8542,2023-08-25,midmarket,APAC,88.1,17
8543,2023-09-03,midmarket,APAC,105.22,-1
8544,2022-06-12,enterprise,APAC,354.13,1
8545,2024-10-26,smb,Europe,33.23,-1
8546,2024-06-14,smb,North America,35.35,5
8547,2025-01-05,midmarket,Europe,100.36,-1
8548,2022-04-29,midmarket,Europe,107.92,19
8549,2022-09-28,midmarket,North America,150.88,-1
8550,2025-01-24,midmarket,North America,120.92,1
8551,2022-02-23,smb,APAC,32.31,1
8552,2023-10-11,enterprise,North America,451.9,1
8553,2023-06-01,smb,North America,32.67,-1
8554,2025-04-13,smb,Europe,31.9,1
8555,2024-12-29,midmarket,Other,85.65,1
8556,2025-02-18,smb,Europe,31.7,-1
8557,2023-01-04,smb,North America,40.46,17
8558,2024-01-20,smb,North America,35.3,-1
8559,2024-06-12,smb,North America,37.72,3
8560,2025-05-19,enterprise,North America,400.54,-1
8561,2022-01-10,enterprise,APAC,306.4,21
8562,2025-05-31,smb,North America,34.93,-1
8563,2023-03-30,midmarket,North America,129.49,1
8564,2022-06-13,smb,APAC,33.91,-1
8565,2024-02-25,smb,North America,38.95,-1
8566,2024-09-24,midmarket,North America,106.12,1
8567,2022-06-15,midmarket,Europe,100.43,16
8568,2022-02-22,midmarket,North America,124.85,-1
8569,2025-02-18,smb,North America,35.84,-1
8570,2025-04-06,midmarket,Other,93.1,-1
8571,2022-07-19,enterprise,APAC,371.17,13
8572,2025-02-27,smb,APAC,28.67,1
8573,2025-03-06,smb,Europe,29.66,-1
8574,2025-06-26,smb,North America,32.75,-1
8575,2022-10-04,smb,APAC,34.46,18
8576,2024-01-09,midmarket,Europe,93.36,4
8577,2025-06-22,smb,North America,31.92,-1
8578,2025-02-25,smb,North America,31.2,1
8579,2024-02-11,midmarket,Europe,94.2,4
8580,2022-09-09,midmarket,North America,137.15,5
8581,2022-04-18,midmarket,North America,126.44,-1
8582,2022-11-27,smb,North America,37.98,10
8583,2022-03-25,smb,Europe,30.9,1
8584,2022-09-07,smb,North America,37.49,-1
8585,2022-04-06,smb,Europe,31.41,25
8586,2024-08-30,smb,North America,38.64,-1
8587,2024-01-23,smb,Europe,31.36,11
8588,2023-10-23,smb,North America,39.64,-1
8589,2024-10-30,smb,North America,34.02,-1
8590,2023-06-09,enterprise,Europe,318.2,1
8591,2023-05-30,smb,Europe,34.33,-1
8592,2022-09-22,smb,North America,33.51,1
8593,2023-07-22,midmarket,Europe,106.63,21
8594,2022-08-11,smb,APAC,30.92,32
8595,2024-01-22,smb,North America,38.83,-1
8596,2025-06-26,midmarket,Europe,109.1,-1
8597,2023-11-12,smb,North America,32.99,1
8598,2023-01-17,midmarket,APAC,107.07,1
8599,2024-05-27,smb,North America,34.77,5
8600,2024-11-12,smb,Other,27.13,-1
8601,2023-08-25,enterprise,Europe,413.35,11
8602,2022-11-16,midmarket,Europe,115.63,-1
8603,2024-06-29,midmarket,North America,112.0,1
8604,2022-08-27,midmarket,Europe,126.55,-1
8605,2025-06-26,smb,North America,32.95,-1
8606,2023-02-10,enterprise,North America,482.2,1
8607,2023-03-23,smb,North America,38.41,13
8608,2024-07-16,midmarket,Europe,117.07,1
8609,2022-01-16,midmarket,APAC,92.37,-1
8610,2022-09-16,smb,APAC,32.52,1
8611,2022-06-10,smb,North America,37.52,35
8612,2023-05-14,smb,APAC,30.67,1
8613,2023-12-08,smb,APAC,31.92,1
8614,2022-08-18,smb,APAC,31.9,1
8615,2023-03-16,midmarket,Europe,120.55,12
8616,2024-09-12,enterprise,North America,352.27,-1
8617,2025-04-14,smb,APAC,23.31,-1
8618,2022-01-19,enterprise,Europe,408.81,-1
8619,2024-03-11,smb,Europe,30.19,1
8620,2022-02-02,smb,North America,35.39,1
8621,2023-10-26,smb,North America,38.87,1
8622,2025-01-27,smb,North America,35.61,-1
8623,2024-10-15,smb,Europe,26.07,-1
8624,2022-10-24,enterprise,North America,381.31,23
8625,2022-11-26,smb,APAC,28.96,1
8626,2024-09-26,smb,North America,35.72,1
8627,2024-11-11,midmarket,North America,130.25,-1
8628,2022-12-25,smb,North America,37.47,-1
8629,2022-01-04,smb,North America,35.23,-1
8630,2023-07-22,midmarket,North America,139.55,23
8631,2024-03-01,smb,Europe,27.36,1
8632,2023-07-21,smb,Other,28.42,17
8633,2025-04-07,enterprise,North America,367.97,-1
8634,2024-11-04,smb,North America,38.15,-1
8635,2024-10-02,midmarket,APAC,97.3,-1
8636,2022-01-26,enterprise,North America,391.02,12
8637,2024-12-25,midmarket,Europe,96.9,-1
8638,2024-08-21,smb,Europe,27.15,-1
8639,2023-05-22,midmarket,APAC,93.58,18
8640,2024-01-23,midmarket,North America,119.1,-1
8641,2024-11-17,smb,Other,25.43,1
8642,2025-03-02,midmarket,Other,91.78,-1
8643,2023-12-04,midmarket,North America,108.14,-1
8644,2022-02-22,midmarket,Europe,117.34,-1
8645,2024-02-29,smb,North America,39.39,-1
8646,2024-05-17,smb,North America,34.37,-1
8647,2022-03-17,smb,Other,29.65,29
8648,2024-11-08,enterprise,North America,420.77,-1
8649,2022-09-15,smb,North America,41.25,-1
8650,2025-02-10,smb,North America,33.52,-1
8651,2023-12-05,midmarket,Europe,122.39,1
8652,2023-02-16,midmarket,APAC,87.43,1
8653,2022-03-17,midmarket,Europe,103.01,23
8654,2022-01-23,midmarket,Europe,117.39,16
8655,2024-08-04,midmarket,North America,106.24,-1
8656,2023-04-27,smb,Europe,29.82,4
8657,2024-12-07,smb,North America,30.25,-1
8658,2022-10-22,smb,Europe,35.49,9
8659,2025-03-20,midmarket,Europe,96.76,-1
8660,2025-04-16,smb,Other,26.88,-1
8661,2022-05-10,smb,Europe,31.79,10
8662,2024-04-05,smb,Europe,31.8,-1
8663,2025-04-14,midmarket,North America,103.59,-1
8664,2023-02-17,smb,North America,32.34,1
8665,2022-03-28,midmarket,Europe,125.64,12
8666,2025-01-22,smb,Europe,26.12,-1
8667,2023-08-28,smb,Europe,33.81,-1
8668,2022-02-04,smb,Europe,36.83,5
8669,2024-12-08,smb,North America,35.5,-1
8670,2024-05-16,smb,North America,36.05,-1
8671,2022-03-31,smb,North America,44.49,1
8672,2022-11-27,midmarket,Europe,99.92,6
8673,2022-01-24,midmarket,Other,115.21,8
8674,2025-05-03,smb,Europe,24.86,-1
8675,2022-02-01,smb,Europe,34.79,-1
8676,2024-10-12,smb,Europe,33.48,-1
8677,2023-10-15,midmarket,North America,116.07,1
8678,2024-01-14,smb,North America,39.45,-1
8679,2024-11-01,enterprise,North America,399.17,-1
8680,2025-02-15,midmarket,Other,93.88,-1
8681,2022-06-12,midmarket,North America,116.58,12
8682,2022-01-23,enterprise,Europe,406.71,1
8683,2022-06-09,smb,North America,35.65,-1
8684,2024-05-20,midmarket,Europe,89.48,6
8685,2023-12-27,midmarket,North America,130.45,6
8686,2022-04-18,smb,Other,31.54,36
8687,2022-10-26,midmarket,North America,141.69,-1
8688,2023-11-17,midmarket,APAC,103.72,-1
8689,2024-07-20,midmarket,Europe,112.81,10
8690,2023-03-15,enterprise,North America,426.56,-1
8691,2025-04-26,smb,Europe,27.43,-1
8692,2025-06-20,midmarket,Europe,105.37,-1
8693,2024-09-04,midmarket,North America,123.64,1
8694,2023-08-03,midmarket,Europe,99.69,-1
8695,2025-01-24,midmarket,Europe,98.25,-1
8696,2024-07-17,midmarket,Europe,93.63,-1
8697,2023-10-25,midmarket,Europe,117.52,-1
8698,2023-07-21,midmarket,Europe,101.75,-1
8699,2024-11-28,enterprise,North America,402.61,2
8700,2023-12-12,smb,North America,38.55,2
8701,2022-08-22,midmarket,North America,153.27,14
8702,2025-06-29,enterprise,Europe,318.32,-1
8703,2022-03-29,smb,North America,44.34,7
8704,2024-06-05,midmarket,North America,125.56,1
8705,2024-04-16,smb,APAC,23.53,13
8706,2024-01-18,enterprise,North America,396.05,10
8707,2022-03-08,smb,North America,38.61,20
8708,2023-09-21,smb,APAC,25.35,-1
8709,2025-02-12,midmarket,Europe,97.77,-1
8710,2022-11-02,midmarket,APAC,91.19,22
8711,2024-06-01,smb,North America,38.41,-1
8712,2024-12-31,smb,Europe,28.17,1
8713,2025-04-30,midmarket,Other,75.8,-1
8714,2023-10-21,smb,North America,37.49,-1
8715,2023-02-05,midmarket,North America,143.7,24
8716,2024-06-11,smb,North America,39.45,5
8717,2023-09-13,midmarket,APAC,109.7,16
8718,2024-03-11,smb,North America,39.52,10
8719,2024-08-04,enterprise,Europe,327.52,-1
8720,2024-06-25,smb,Europe,30.4,-1
8721,2022-11-06,midmarket,Other,93.57,-1
8722,2024-08-22,smb,North America,38.91,4
8723,2023-11-23,smb,Europe,27.63,1
8724,2025-04-02,smb,Other,24.83,-1
8725,2024-04-21,smb,North America,32.59,1
8726,2025-02-11,smb,Europe,32.12,-1
8727,2025-06-02,smb,North America,31.11,-1
8728,2025-06-22,enterprise,North America,414.32,-1
8729,2024-08-08,smb,North America,38.97,-1
8730,2024-02-02,smb,North America,32.13,-1
8731,2022-05-31,midmarket,North America,145.8,-1
8732,2023-05-08,midmarket,APAC,95.58,25
8733,2023-08-30,smb,Europe,31.02,16
8734,2024-09-22,smb,North America,32.02,-1
8735,2024-01-22,smb,Europe,32.24,8
8736,2023-07-15,smb,Other,26.01,8
8737,2022-07-07,midmarket,North America,143.89,23
8738,2024-07-02,smb,North America,37.62,1
8739,2023-07-06,smb,North America,35.77,1
8740,2022-02-16,smb,APAC,26.7,1
8741,2022-12-29,smb,APAC,26.02,14
8742,2025-01-27,smb,Europe,27.24,-1
8743,2022-06-01,smb,North America,44.68,2
8744,2023-06-03,smb,Europe,31.24,-1
8745,2023-10-16,smb,Europe,33.95,4
8746,2022-04-17,smb,North America,44.89,19
8747,2022-07-31,midmarket,North America,127.83,1
8748,2025-04-14,midmarket,North America,115.42,-1
8749,2024-01-24,smb,Europe,34.44,1
8750,2022-09-26,smb,Other,29.65,-1
8751,2022-08-05,smb,North America,34.43,1
8752,2023-06-28,smb,APAC,31.39,-1
8753,2024-07-12,enterprise,Europe,386.82,-1
8754,2024-07-20,midmarket,Europe,111.85,-1
8755,2022-09-07,smb,APAC,32.64,-1
8756,2024-07-14,smb,Europe,32.5,-1
8757,2025-02-17,midmarket,North America,118.47,-1
8758,2022-10-16,midmarket,North America,122.3,22
8759,2022-02-03,midmarket,APAC,120.76,-1
8760,2025-05-08,smb,Europe,25.4,-1
8761,2023-10-29,smb,North America,39.95,-1
8762,2024-09-17,midmarket,Europe,98.08,-1
8763,2023-02-13,midmarket,North America,136.54,1
8764,2023-01-17,smb,North America,41.52,-1
8765,2022-10-15,smb,APAC,32.91,1
8766,2022-10-04,smb,North America,34.67,-1
8767,2023-08-25,midmarket,North America,130.17,1
8768,2022-05-15,midmarket,North America,123.87,1
8769,2024-12-10,midmarket,APAC,80.12,-1
8770,2023-10-15,smb,North America,36.52,1
8771,2025-03-13,midmarket,North America,130.63,-1
8772,2023-10-03,smb,North America,41.63,-1
8773,2023-01-22,smb,North America,38.87,1
8774,2023-10-20,smb,North America,39.35,-1
8775,2022-07-16,midmarket,North America,124.13,-1
8776,2024-11-17,midmarket,North America,106.86,-1
8777,2024-07-07,smb,Europe,32.06,1
8778,2022-07-07,midmarket,North America,145.72,16
8779,2024-01-13,smb,North America,38.42,1
8780,2023-11-18,midmarket,Europe,95.1,16
8781,2022-09-14,smb,North America,37.1,13
8782,2022-06-05,smb,North America,33.95,-1
8783,2024-08-28,enterprise,Other,316.73,-1
8784,2022-12-03,smb,Europe,31.36,5
8785,2023-10-25,smb,Europe,30.96,-1
8786,2022-11-13,smb,Europe,34.19,7
8787,2024-04-13,midmarket,Other,75.99,12
8788,2022-03-04,midmarket,North America,130.75,1
8789,2023-04-04,smb,North America,40.04,1
8790,2023-11-30,midmarket,APAC,90.88,4
8791,2023-07-15,smb,North America,37.71,15
8792,2024-02-21,midmarket,Europe,121.46,3
8793,2022-08-19,smb,North America,34.5,1
8794,2023-07-18,midmarket,North America,117.81,12
8795,2024-08-23,smb,Europe,31.68,9
8796,2023-03-02,enterprise,Europe,385.38,-1
8797,2022-07-20,midmarket,Europe,133.43,4
8798,2024-12-17,midmarket,North America,99.69,-1
8799,2024-09-20,smb,North America,38.24,-1
8800,2024-05-18,midmarket,Europe,104.24,-1
8801,2024-10-15,smb,North America,31.36,-1
8802,2024-09-20,midmarket,Europe,102.5,-1
8803,2024-08-10,smb,Europe,29.24,-1
8804,2023-10-13,smb,North America,32.88,2
8805,2022-01-25,enterprise,North America,421.28,30
8806,2024-02-01,enterprise,APAC,298.49,4
8807,2022-12-15,midmarket,North America,133.09,13
8808,2024-09-13,smb,North America,30.05,-1
8809,2023-08-21,smb,Other,23.81,5
8810,2025-03-01,enterprise,North America,360.71,-1
8811,2024-01-30,smb,APAC,29.78,3
8812,2023-12-04,smb,North America,41.17,-1
8813,2025-03-18,smb,North America,28.37,-1
8814,2023-08-30,smb,Europe,36.48,18
8815,2023-04-25,smb,North America,39.57,1
8816,2023-04-20,smb,Europe,36.51,1
8817,2025-01-21,smb,North America,33.98,1
8818,2024-08-23,midmarket,Europe,101.81,-1
8819,2022-07-28,smb,APAC,33.25,5
8820,2023-09-21,smb,Europe,32.28,-1
8821,2023-04-19,smb,Europe,36.48,1
8822,2024-04-05,midmarket,North America,135.18,1
8823,2022-03-08,smb,North America,40.25,11
8824,2024-06-30,enterprise,APAC,319.06,-1
8825,2024-08-05,smb,Europe,29.63,-1
8826,2022-10-17,midmarket,Europe,121.59,-1
8827,2022-07-12,smb,North America,41.28,-1
8828,2024-03-11,midmarket,North America,127.05,-1
8829,2022-11-24,enterprise,North America,381.29,2
8830,2025-04-16,midmarket,North America,129.09,-1
8831,2024-09-16,enterprise,North America,373.17,2
8832,2025-05-03,midmarket,North America,104.12,-1
8833,2023-11-14,smb,North America,33.05,6
8834,2025-04-12,smb,Europe,25.03,-1
8835,2022-01-18,smb,Europe,34.55,-1
8836,2023-01-05,smb,North America,32.81,-1
8837,2022-01-03,midmarket,APAC,97.01,-1
8838,2024-05-14,smb,Europe,25.98,-1
8839,2023-10-14,smb,North America,32.83,13
8840,2023-01-03,midmarket,APAC,117.22,17
8841,2023-01-25,smb,Europe,33.49,2
8842,2024-04-01,smb,Europe,26.69,-1
8843,2022-08-19,smb,APAC,31.08,-1
8844,2023-10-19,smb,North America,37.48,5
8845,2024-02-22,midmarket,Europe,107.77,12
8846,2022-11-03,smb,North America,36.52,1
8847,2022-10-19,midmarket,North America,138.55,-1
8848,2023-03-28,smb,North America,33.63,1
8849,2024-01-26,midmarket,North America,112.49,6
8850,2022-11-21,smb,North America,44.11,1
8851,2023-04-29,smb,Europe,31.77,-1
8852,2023-11-25,midmarket,North America,110.97,11
8853,2022-08-27,midmarket,North America,122.23,-1
8854,2023-12-27,midmarket,North America,131.75,-1
8855,2022-06-26,smb,North America,34.8,-1
8856,2022-07-01,smb,Europe,32.55,-1
8857,2022-10-30,midmarket,Europe,109.13,5
8858,2023-01-01,smb,Europe,30.38,17
8859,2022-02-08,smb,Other,29.41,34
8860,2025-05-12,smb,North America,29.03,-1
8861,2023-01-29,smb,North America,37.54,-1
8862,2024-10-23,midmarket,APAC,78.81,1
8863,2025-02-24,midmarket,Europe,113.71,-1
8864,2024-10-18,midmarket,Other,89.3,-1
8865,2024-11-26,midmarket,Europe,88.39,-1
8866,2022-05-08,smb,Europe,31.17,-1
8867,2023-04-20,smb,North America,40.14,-1
8868,2024-08-10,midmarket,North America,126.62,-1
8869,2024-01-05,smb,Europe,29.89,-1
8870,2022-01-08,midmarket,Europe,107.34,6
8871,2023-12-25,midmarket,APAC,97.66,-1
8872,2024-10-23,smb,Other,23.56,-1
8873,2024-11-23,smb,North America,29.87,-1
8874,2023-05-05,smb,North America,35.58,-1
8875,2022-10-29,midmarket,APAC,111.34,-1
8876,2023-01-30,midmarket,APAC,97.59,-1
8877,2023-01-14,midmarket,APAC,88.0,1
8878,2023-03-19,smb,Europe,29.02,23
8879,2023-01-21,midmarket,Other,99.18,10
8880,2023-08-07,smb,North America,36.99,11
8881,2022-02-22,midmarket,North America,144.57,1
8882,2022-12-18,smb,North America,39.04,1
8883,2023-02-06,midmarket,North America,129.67,-1
8884,2022-07-15,smb,APAC,30.41,11
8885,2025-01-25,smb,Europe,33.27,-1
8886,2024-05-11,smb,Europe,33.82,-1
8887,2025-03-09,smb,North America,32.07,-1
8888,2023-12-18,smb,Europe,32.75,7
8889,2022-05-20,midmarket,North America,115.98,1
8890,2025-02-28,smb,Europe,24.89,-1
8891,2023-08-08,smb,North America,34.74,1
8892,2024-05-23,smb,Europe,32.84,-1
8893,2023-05-02,smb,North America,42.06,15
8894,2023-09-23,midmarket,Europe,114.98,1
8895,2023-09-17,smb,Europe,33.76,1
8896,2022-12-30,midmarket,Other,83.26,-1
8897,2023-12-09,midmarket,APAC,109.08,-1
8898,2024-07-25,midmarket,North America,104.27,3
8899,2022-01-26,smb,North America,45.65,13
8900,2022-06-17,midmarket,North America,120.34,-1
8901,2024-12-10,smb,North America,29.06,-1
8902,2023-12-28,smb,North America,36.69,1
8903,2025-05-27,smb,APAC,22.74,-1
8904,2024-02-11,enterprise,APAC,273.69,12
8905,2024-04-13,smb,North America,37.04,-1
8906,2025-02-21,midmarket,APAC,96.1,-1
8907,2024-04-22,midmarket,APAC,88.76,13
8908,2023-02-25,smb,North America,38.23,-1
8909,2023-11-05,midmarket,APAC,99.62,-1
8910,2022-10-28,smb,Other,25.62,10
8911,2023-03-03,enterprise,Other,312.46,16
8912,2024-05-18,smb,Europe,31.76,1
8913,2022-07-10,midmarket,North America,149.73,24
8914,2024-05-07,smb,North America,34.23,1
8915,2024-01-16,smb,Other,28.06,14
8916,2023-01-29,enterprise,North America,434.92,-1
8917,2022-02-27,smb,North America,42.55,1
8918,2024-06-18,midmarket,North America,130.03,-1
8919,2024-11-18,smb,Europe,29.82,-1
8920,2024-07-20,smb,North America,30.14,-1
8921,2023-06-22,smb,APAC,32.32,-1
8922,2024-04-13,midmarket,Europe,108.34,-1
8923,2023-06-14,smb,North America,38.23,-1
8924,2023-04-03,smb,North America,37.59,5
8925,2023-02-22,smb,Europe,29.7,23
8926,2022-09-27,midmarket,APAC,103.61,17
8927,2025-05-21,midmarket,APAC,89.17,-1
8928,2024-04-30,smb,APAC,26.64,1
8929,2022-08-12,smb,North America,34.86,-1
8930,2025-01-08,smb,APAC,28.37,4
8931,2022-07-13,smb,Europe,33.59,17
8932,2024-01-28,smb,Europe,33.03,-1
8933,2022-07-31,smb,Europe,29.41,-1
8934,2023-04-06,smb,North America,37.53,2
8935,2024-04-20,midmarket,Europe,91.7,-1
8936,2025-06-28,smb,Europe,30.41,-1
8937,2025-06-19,midmarket,North America,114.79,-1
8938,2025-02-16,smb,Europe,28.64,-1
8939,2022-10-28,smb,North America,44.06,1
8940,2022-04-30,smb,Europe,32.72,1
8941,2025-03-01,midmarket,APAC,87.13,-1
8942,2025-03-23,smb,North America,35.61,-1
8943,2022-12-22,midmarket,North America,132.03,1
8944,2022-01-25,enterprise,Europe,419.02,27
8945,2024-04-06,smb,North America,40.31,-1
8946,2022-04-08,smb,North America,42.03,3
8947,2022-02-21,enterprise,Europe,356.44,-1
8948,2025-04-10,smb,North America,30.17,-1
8949,2023-09-25,midmarket,Europe,121.09,14
8950,2022-05-23,smb,North America,34.15,-1
8951,2024-04-15,smb,North America,35.37,3
8952,2023-04-17,smb,North America,42.05,9
8953,2023-11-16,smb,Other,28.97,12
8954,2025-02-20,smb,Europe,25.71,-1
8955,2022-10-31,smb,North America,41.37,-1
8956,2024-04-04,midmarket,North America,116.64,-1
8957,2024-11-23,midmarket,Europe,113.5,-1
8958,2023-06-25,smb,Europe,32.98,-1
8959,2025-05-22,midmarket,North America,114.35,-1
8960,2023-07-27,smb,North America,31.49,-1
8961,2023-08-09,midmarket,Europe,101.32,1
8962,2025-02-02,smb,Europe,28.3,-1
8963,2024-03-22,smb,APAC,29.61,5
8964,2025-01-13,smb,Europe,29.4,1
8965,2024-10-05,smb,Europe,32.85,-1
8966,2024-06-27,midmarket,Europe,89.51,4
8967,2022-11-05,smb,Europe,31.62,27
8968,2023-05-24,midmarket,Europe,114.46,19
8969,2025-01-08,smb,North America,35.21,1
8970,2024-02-26,smb,Other,26.36,1
8971,2022-12-24,midmarket,North America,127.07,1
8972,2023-02-22,enterprise,Europe,327.82,-1
8973,2024-09-16,midmarket,Europe,108.43,9
8974,2022-08-16,midmarket,APAC,117.2,-1
8975,2022-05-24,smb,North America,43.17,-1
8976,2024-09-03,midmarket,APAC,97.72,7
8977,2023-01-03,smb,North America,39.57,7
8978,2024-09-03,smb,North America,37.15,9
8979,2023-11-12,smb,APAC,30.68,-1
8980,2025-06-27,smb,North America,27.85,-1
8981,2023-11-01,midmarket,Europe,103.3,-1
8982,2025-01-11,smb,Europe,32.45,-1
8983,2024-12-21,smb,Other,27.61,-1
8984,2022-09-28,smb,APAC,32.26,6
8985,2025-06-25,midmarket,North America,105.65,-1
8986,2024-08-09,enterprise,APAC,336.45,-1
8987,2022-05-17,smb,North America,36.33,21
8988,2022-01-08,smb,Europe,32.1,12
8989,2022-12-13,midmarket,APAC,103.65,1
8990,2022-01-21,smb,Europe,35.75,16
8991,2023-04-02,enterprise,Europe,355.89,1
8992,2025-06-25,smb,APAC,26.38,-1
8993,2023-09-04,midmarket,Europe,115.84,-1
8994,2022-01-31,midmarket,APAC,97.64,8
8995,2023-09-23,midmarket,North America,117.4,7
8996,2022-10-07,midmarket,North America,140.24,18
8997,2024-12-28,smb,APAC,29.84,-1
8998,2022-04-26,midmarket,North America,151.8,7
8999,2024-09-10,smb,North America,30.53,-1
9000,2023-07-24,smb,APAC,29.51,9
9001,2022-01-25,smb,Europe,38.15,12
9002,2024-05-08,smb,North America,32.32,6
9003,2023-08-04,midmarket,North America,131.39,1
9004,2024-09-11,enterprise,North America,384.01,-1
9005,2024-02-28,smb,North America,37.38,-1
9006,2024-10-01,smb,North America,29.37,-1
9007,2023-08-11,smb,APAC,27.14,-1
9008,2022-01-11,smb,North America,37.92,-1
9009,2022-06-16,smb,APAC,30.03,24
9010,2023-08-09,smb,Other,24.02,-1
9011,2023-05-23,midmarket,North America,125.45,1
9012,2024-10-10,smb,Other,25.56,-1
9013,2023-06-10,smb,North America,31.84,4
9014,2025-01-02,smb,Europe,27.48,-1
9015,2022-08-28,midmarket,Other,89.17,10
9016,2023-05-07,midmarket,APAC,114.26,-1
9017,2024-08-23,midmarket,North America,105.26,-1
9018,2022-06-08,midmarket,North America,139.99,6
9019,2023-02-15,smb,North America,36.74,7
9020,2024-08-17,smb,Other,23.89,-1
9021,2024-01-22,midmarket,North America,135.87,6
9022,2024-09-19,smb,Europe,31.34,-1
9023,2023-10-21,midmarket,North America,129.22,-1
9024,2025-01-01,smb,North America,29.51,-1
9025,2025-01-24,midmarket,North America,106.9,-1
9026,2025-05-28,smb,North America,30.67,-1
9027,2022-06-05,smb,Europe,33.52,-1
9028,2024-01-25,smb,North America,40.35,12
9029,2022-05-26,smb,North America,38.37,1
9030,2022-10-20,midmarket,Europe,109.11,-1
9031,2023-01-19,smb,North America,33.14,-1
9032,2024-04-04,midmarket,APAC,91.37,-1
9033,2023-07-05,smb,Europe,27.8,-1
9034,2025-01-08,smb,Europe,28.04,-1
9035,2023-01-16,smb,North America,43.37,23
9036,2024-02-27,smb,North America,36.24,-1
9037,2024-08-31,midmarket,APAC,84.56,-1
9038,2025-06-04,smb,APAC,24.04,-1
9039,2022-11-09,midmarket,North America,134.48,19
9040,2024-07-25,smb,North America,29.71,4
9041,2022-04-19,smb,North America,44.46,30
9042,2023-11-25,smb,Europe,32.21,1
9043,2023-06-13,smb,North America,37.03,22
9044,2025-05-08,smb,Other,25.87,-1
9045,2024-09-13,midmarket,North America,107.17,-1
9046,2025-03-29,smb,Other,21.04,-1
9047,2024-12-21,smb,North America,34.96,2
9048,2023-06-09,midmarket,North America,114.27,5
9049,2024-07-24,enterprise,North America,338.69,-1
9050,2022-02-08,midmarket,North America,155.04,16
9051,2023-12-13,smb,Other,28.92,-1
9052,2022-03-02,smb,Europe,30.67,34
9053,2024-07-13,smb,North America,38.84,1
9054,2025-05-18,midmarket,Other,72.49,-1
9055,2024-05-19,enterprise,North America,437.41,-1
9056,2024-12-07,smb,North America,32.93,-1
9057,2022-10-27,midmarket,North America,133.03,1
9058,2025-06-22,midmarket,Europe,102.37,-1
9059,2023-12-04,midmarket,APAC,84.99,6
9060,2024-05-10,midmarket,North America,135.0,-1
9061,2024-09-10,midmarket,Europe,91.45,1
9062,2024-03-27,smb,North America,40.15,-1
9063,2023-02-09,midmarket,North America,113.87,-1
9064,2024-02-20,midmarket,Europe,95.8,-1
9065,2024-04-14,smb,Europe,26.6,9
9066,2024-12-29,smb,Europe,28.48,-1
9067,2023-09-07,smb,North America,37.56,-1
9068,2023-10-03,smb,North America,37.74,-1
9069,2023-10-05,smb,Europe,34.75,7
9070,2022-05-27,smb,Europe,34.65,-1
9071,2022-04-25,smb,North America,39.82,1
9072,2022-01-27,smb,North America,38.15,1
9073,2024-04-30,smb,APAC,28.85,1
9074,2023-06-19,smb,North America,41.66,-1
9075,2025-01-09,midmarket,Europe,95.85,1
9076,2024-06-15,midmarket,Europe,99.57,8
9077,2022-06-30,midmarket,North America,128.5,33
9078,2022-05-08,midmarket,Europe,108.17,-1
9079,2023-04-13,smb,Europe,33.25,1
9080,2025-03-21,smb,Europe,25.48,-1
9081,2022-03-04,midmarket,APAC,117.76,-1
9082,2022-08-28,midmarket,Europe,103.53,10
9083,2022-02-07,midmarket,North America,123.93,12
9084,2023-06-12,smb,North America,32.31,-1
9085,2025-06-16,midmarket,Europe,93.98,-1
9086,2024-05-22,enterprise,North America,431.96,5
9087,2023-09-22,enterprise,APAC,367.23,11
9088,2022-07-04,smb,North America,38.37,6
9089,2023-03-30,midmarket,North America,118.88,-1
9090,2023-11-01,smb,North America,38.64,-1
9091,2022-12-17,smb,APAC,31.6,4
9092,2024-06-18,smb,Europe,32.0,12
9093,2025-06-04,smb,Europe,27.94,-1
9094,2022-09-20,enterprise,North America,451.81,5
9095,2022-11-18,midmarket,APAC,89.51,1
9096,2022-06-11,smb,APAC,28.47,-1
9097,2024-07-15,midmarket,North America,134.27,1
9098,2023-08-13,smb,APAC,24.8,-1
9099,2022-12-29,smb,APAC,28.13,1
9100,2022-10-07,enterprise,North America,404.86,1
9101,2022-03-31,midmarket,North America,121.57,4
9102,2023-08-31,smb,Europe,36.02,1
9103,2024-05-21,smb,North America,31.15,-1
9104,2022-10-27,smb,APAC,30.1,-1
9105,2022-01-03,midmarket,Europe,132.22,3
9106,2023-08-27,smb,North America,31.28,-1
9107,2024-05-12,midmarket,North America,106.16,-1
9108,2023-03-17,midmarket,Europe,106.97,-1
9109,2022-11-16,smb,North America,34.34,23
9110,2022-07-16,smb,North America,35.42,35
9111,2024-08-10,midmarket,North America,121.63,-1
9112,2025-01-04,smb,APAC,23.7,-1
9113,2024-09-09,midmarket,North America,122.67,-1
9114,2023-10-24,midmarket,North America,140.26,-1
9115,2024-07-12,enterprise,APAC,285.3,6
9116,2023-05-22,smb,North America,34.08,-1
9117,2022-02-01,enterprise,Europe,339.8,19
9118,2023-04-15,smb,North America,32.03,12
9119,2024-06-16,midmarket,APAC,90.74,-1
9120,2024-04-06,smb,North America,35.15,1
9121,2025-06-17,midmarket,North America,101.4,-1
9122,2025-06-26,midmarket,North America,106.12,-1
9123,2022-11-06,smb,Other,25.32,21
9124,2022-01-13,smb,APAC,33.21,25
9125,2022-12-16,smb,North America,36.99,1
9126,2025-01-22,midmarket,North America,123.33,-1
9127,2024-11-04,smb,North America,34.49,1
9128,2022-05-07,smb,North America,38.06,-1
9129,2022-07-24,midmarket,North America,139.29,1
9130,2023-12-21,smb,APAC,24.01,5
9131,2024-04-22,smb,North America,37.28,14
9132,2025-06-07,smb,APAC,24.59,-1
9133,2024-08-21,smb,North America,34.67,-1
9134,2022-09-28,smb,APAC,30.56,-1
9135,2022-02-17,smb,North America,40.77,-1
9136,2024-03-19,smb,North America,37.61,5
9137,2023-12-08,smb,APAC,24.89,-1
9138,2025-03-22,midmarket,North America,113.59,-1
9139,2024-01-05,smb,APAC,24.53,-1
9140,2023-10-02,smb,APAC,26.2,1
9141,2023-01-23,midmarket,Other,87.4,19
9142,2022-04-21,smb,APAC,31.99,36
9143,2025-01-23,smb,North America,34.68,1
9144,2024-11-20,smb,North America,37.35,-1
9145,2022-07-27,smb,Europe,34.26,-1
9146,2024-06-17,midmarket,North America,128.44,-1
9147,2023-04-10,smb,Europe,36.4,1
9148,2023-07-12,smb,North America,32.87,23
9149,2024-12-18,smb,Europe,31.33,-1
9150,2024-12-10,midmarket,North America,109.88,-1
9151,2022-09-01,midmarket,North America,124.09,-1
9152,2023-01-28,smb,Other,32.02,23
9153,2024-11-14,enterprise,APAC,277.14,1
9154,2025-03-16,midmarket,North America,128.14,-1
9155,2022-04-11,smb,North America,43.55,32
9156,2024-11-29,smb,Europe,32.9,1
9157,2023-09-17,smb,North America,37.5,4
9158,2024-01-24,smb,Europe,31.94,8
9159,2022-04-07,smb,APAC,30.16,11
9160,2024-05-18,smb,North America,34.04,1
9161,2024-05-15,smb,North America,38.78,1
9162,2024-04-25,smb,North America,34.08,1
9163,2024-10-05,smb,North America,34.03,-1
9164,2025-04-22,midmarket,Europe,113.23,-1
9165,2024-12-20,midmarket,North America,110.8,-1
9166,2024-08-08,smb,Other,27.99,4
9167,2025-06-06,smb,Europe,26.52,-1
9168,2024-05-10,smb,North America,30.09,-1
9169,2024-05-07,smb,Europe,31.36,1
9170,2023-11-23,smb,North America,35.97,3
9171,2024-09-08,midmarket,North America,127.89,1
9172,2022-04-02,smb,Europe,29.38,-1
9173,2023-10-08,smb,North America,31.69,1
9174,2023-06-27,midmarket,North America,140.98,-1
9175,2025-03-10,smb,North America,33.05,-1
9176,2022-04-03,smb,North America,39.77,21
9177,2024-04-01,smb,Europe,28.14,-1
9178,2022-08-24,smb,Other,32.47,13
9179,2025-02-01,enterprise,Europe,373.46,-1
9180,2024-12-22,smb,Other,25.1,-1
9181,2022-10-28,smb,Europe,30.72,-1
9182,2025-01-17,smb,North America,38.48,-1
9183,2023-09-26,midmarket,APAC,109.65,-1
9184,2025-05-24,smb,North America,33.08,1
9185,2024-07-20,midmarket,North America,123.54,-1
9186,2022-02-13,midmarket,Other,99.69,1
9187,2022-09-16,midmarket,Europe,105.41,1
9188,2023-05-30,smb,APAC,30.78,-1
9189,2022-09-27,smb,North America,40.74,4
9190,2022-06-18,enterprise,APAC,356.74,-1
9191,2025-06-01,smb,North America,35.77,-1
9192,2025-01-13,smb,North America,33.12,-1
9193,2023-07-09,smb,APAC,32.03,-1
9194,2022-10-02,smb,North America,35.31,1
9195,2022-08-20,smb,Europe,38.57,-1
9196,2025-03-14,midmarket,APAC,81.3,1
9197,2023-02-27,midmarket,APAC,91.21,4
9198,2022-01-17,smb,North America,41.5,-1
9199,2023-05-23,smb,North America,32.75,-1
9200,2023-08-03,smb,APAC,25.89,-1
9201,2024-03-06,smb,Europe,32.95,14
9202,2023-03-09,smb,Europe,30.87,13
9203,2025-03-23,smb,North America,36.23,2
9204,2024-04-01,smb,North America,31.62,2
9205,2025-06-12,midmarket,Other,79.98,-1
9206,2023-04-14,smb,Europe,31.48,-1
9207,2024-04-11,smb,APAC,27.44,4
9208,2023-04-12,enterprise,North America,416.86,1
9209,2024-06-12,midmarket,North America,115.59,-1
9210,2024-08-09,smb,Europe,28.48,-1
9211,2023-02-15,smb,APAC,25.31,1
9212,2025-04-11,enterprise,North America,390.99,-1
9213,2024-12-29,midmarket,North America,114.94,2
9214,2025-02-15,midmarket,Europe,95.86,3
9215,2022-10-05,midmarket,North America,120.85,1
9216,2024-07-04,smb,North America,38.79,1
9217,2022-05-16,smb,Europe,31.66,34
9218,2022-05-15,smb,North America,44.5,17
9219,2025-05-26,enterprise,Europe,298.96,-1
9220,2022-07-15,midmarket,North America,153.19,4
9221,2025-01-07,midmarket,Europe,97.79,-1
9222,2023-07-04,smb,APAC,29.18,-1
9223,2023-01-23,smb,APAC,27.97,1
9224,2022-04-04,midmarket,Europe,133.94,2
9225,2024-05-11,smb,Europe,28.52,1
9226,2024-07-09,enterprise,North America,424.15,-1
9227,2023-08-19,midmarket,North America,107.86,-1
9228,2024-10-30,smb,North America,34.76,1
9229,2023-02-17,midmarket,Europe,121.03,23
9230,2023-12-05,smb,North America,35.69,15
9231,2023-01-01,midmarket,North America,136.02,-1
9232,2024-01-13,smb,Europe,33.65,-1
9233,2022-06-23,midmarket,Europe,117.26,-1
9234,2023-08-31,midmarket,North America,115.33,-1
9235,2023-12-02,midmarket,North America,119.63,-1
9236,2023-12-12,smb,Europe,33.48,10
9237,2023-07-24,smb,APAC,26.92,-1
9238,2024-04-01,smb,Europe,31.88,-1
9239,2023-10-16,enterprise,North America,371.86,1
9240,2022-12-28,enterprise,APAC,385.98,23
9241,2022-10-02,enterprise,North America,454.65,-1
9242,2024-04-06,smb,North America,34.93,8
9243,2025-04-12,midmarket,North America,123.92,1
9244,2024-08-19,midmarket,North America,128.95,1
9245,2024-03-25,smb,Europe,27.1,-1
9246,2025-03-21,smb,Europe,27.23,-1
9247,2025-02-21,midmarket,APAC,88.57,-1
9248,2023-10-09,enterprise,Europe,344.21,-1
9249,2022-05-20,midmarket,North America,128.04,7
9250,2024-03-20,smb,Europe,29.46,-1
9251,2024-03-05,midmarket,Europe,94.35,3
9252,2022-12-20,smb,Europe,29.44,1
9253,2024-12-19,enterprise,North America,358.44,-1
9254,2025-01-15,smb,Europe,25.46,-1
9255,2023-02-27,smb,Europe,33.02,-1
9256,2023-09-01,enterprise,North America,374.35,-1
9257,2022-09-07,smb,APAC,26.41,1
9258,2022-08-16,midmarket,North America,147.08,1
9259,2022-12-05,smb,North America,39.22,9
9260,2023-04-12,smb,Europe,36.49,1
9261,2022-12-15,smb,APAC,34.25,-1
9262,2022-07-13,midmarket,Europe,119.97,3
9263,2023-07-25,enterprise,Europe,399.59,1
9264,2024-03-06,smb,Other,23.53,-1
9265,2023-02-20,smb,North America,40.1,-1
9266,2023-11-12,smb,North America,36.73,1
9267,2022-12-13,smb,Europe,34.99,-1
9268,2024-06-17,smb,North America,30.76,1
9269,2024-04-07,smb,Europe,34.68,-1
9270,2025-05-10,smb,Other,23.69,1
9271,2022-03-09,smb,North America,43.18,26
9272,2024-12-24,smb,North America,38.77,-1
9273,2023-03-11,smb,North America,41.89,1
9274,2022-03-26,midmarket,Europe,112.18,20
9275,2024-05-30,smb,Europe,29.61,-1
9276,2022-08-08,smb,Other,30.08,1
9277,2022-08-13,midmarket,Europe,117.47,21
9278,2025-06-04,smb,Other,23.51,-1
9279,2022-10-09,midmarket,North America,138.4,12
9280,2023-11-30,smb,North America,40.64,1
9281,2022-09-14,midmarket,North America,125.34,-1
9282,2022-06-08,smb,APAC,27.35,-1
9283,2022-01-02,smb,North America,42.37,40
9284,2022-01-21,smb,North America,41.33,-1
9285,2023-08-28,midmarket,North America,141.31,-1
9286,2023-07-08,smb,North America,39.62,-1
9287,2022-02-19,midmarket,Europe,115.76,15
9288,2023-03-23,midmarket,APAC,105.11,3
9289,2022-12-15,midmarket,North America,145.29,4
9290,2023-12-31,smb,Europe,29.88,-1
9291,2025-06-23,midmarket,North America,95.72,-1
9292,2024-06-01,smb,North America,36.22,-1
9293,2025-03-17,smb,North America,28.51,-1
9294,2022-09-03,midmarket,Europe,130.77,3
9295,2022-10-02,smb,Europe,30.22,-1
9296,2024-08-16,midmarket,Europe,99.07,8
9297,2023-01-31,midmarket,APAC,115.72,8
9298,2024-12-19,enterprise,North America,337.54,1
9299,2023-08-15,smb,Europe,27.2,10
9300,2022-09-14,smb,Europe,29.71,1
9301,2024-12-13,smb,North America,38.72,1
9302,2023-12-04,smb,North America,41.1,1
9303,2024-10-21,midmarket,North America,113.07,-1
9304,2023-08-01,smb,North America,39.42,-1
9305,2022-06-11,smb,North America,42.11,1
9306,2024-05-19,midmarket,North America,105.85,4
9307,2022-06-08,smb,APAC,28.33,-1
9308,2024-04-26,midmarket,APAC,105.68,8
9309,2023-06-16,midmarket,Europe,99.55,1
9310,2024-10-06,enterprise,Europe,341.62,-1
9311,2025-01-15,midmarket,Other,78.63,-1
9312,2023-06-04,smb,North America,37.76,-1
9313,2025-01-30,smb,Europe,26.56,-1
9314,2022-05-22,smb,Europe,31.43,15
9315,2022-05-17,enterprise,APAC,305.35,11
9316,2025-06-21,smb,APAC,29.34,-1
9317,2024-01-03,smb,North America,31.66,12
9318,2023-07-30,smb,Europe,31.3,1
9319,2022-07-18,smb,North America,38.18,2
9320,2023-01-04,smb,North America,35.8,1
9321,2024-05-25,smb,Europe,33.2,-1
9322,2024-11-14,smb,Europe,28.11,-1
9323,2025-03-15,midmarket,North America,118.25,-1
9324,2023-06-05,smb,North America,37.59,1
9325,2023-08-04,smb,Europe,35.44,11
9326,2022-07-28,midmarket,North America,147.07,34
9327,2022-04-17,midmarket,APAC,97.5,-1
9328,2023-07-13,smb,Europe,34.52,11
9329,2024-01-10,midmarket,Europe,116.17,-1
9330,2022-05-14,midmarket,North America,152.51,1
9331,2023-06-06,smb,Other,31.24,17
9332,2024-03-29,enterprise,APAC,339.64,12
9333,2024-10-31,enterprise,North America,384.56,-1
9334,2025-04-12,enterprise,Europe,308.1,-1
9335,2023-03-11,midmarket,APAC,112.13,-1
9336,2023-05-15,midmarket,North America,143.82,1
9337,2025-01-21,smb,Europe,25.7,5
9338,2024-06-03,midmarket,APAC,95.17,4
9339,2022-12-16,midmarket,Europe,101.27,28
9340,2024-05-24,smb,APAC,25.41,1
9341,2022-07-20,midmarket,North America,129.5,-1
9342,2023-07-27,midmarket,APAC,93.48,1
9343,2023-01-27,midmarket,Other,102.64,-1
9344,2025-06-20,midmarket,North America,97.91,-1
9345,2022-02-14,midmarket,North America,142.06,28
9346,2024-12-29,enterprise,Europe,344.04,1
9347,2022-12-25,smb,APAC,32.49,2
9348,2022-02-16,smb,North America,35.22,17
9349,2024-04-22,smb,North America,33.5,-1
9350,2024-05-15,enterprise,APAC,332.36,1
9351,2022-07-01,smb,North America,41.63,9
9352,2022-02-18,smb,Europe,34.31,21
9353,2022-05-23,enterprise,Europe,388.16,8
9354,2023-06-06,smb,Other,31.26,12
9355,2022-06-18,smb,North America,37.28,7
9356,2024-06-16,midmarket,Other,79.16,-1
9357,2022-04-09,smb,Europe,39.21,-1
9358,2024-10-03,midmarket,APAC,100.18,1
9359,2025-01-21,smb,North America,30.96,-1
9360,2024-07-03,midmarket,Europe,114.59,1
9361,2025-04-19,midmarket,APAC,82.1,-1
9362,2025-04-13,smb,APAC,28.41,1
9363,2022-03-01,smb,North America,41.42,1
9364,2023-03-13,midmarket,Europe,111.71,1
9365,2024-08-27,smb,North America,38.97,1
9366,2023-03-10,smb,North America,41.16,1
9367,2024-07-29,smb,Europe,26.84,1
9368,2024-09-15,smb,Other,26.95,-1
9369,2025-06-26,smb,Europe,30.89,-1
9370,2023-02-25,smb,North America,38.32,-1
9371,2023-03-20,midmarket,North America,120.47,1
9372,2022-01-31,smb,North America,37.04,33
9373,2022-12-31,midmarket,North America,149.68,3
9374,2022-12-24,midmarket,APAC,100.61,-1
9375,2023-08-02,midmarket,North America,126.69,1
9376,2023-06-22,midmarket,North America,130.99,-1
9377,2024-12-28,smb,Europe,25.86,-1
9378,2024-09-14,smb,North America,30.03,-1
9379,2024-07-18,smb,North America,31.57,-1
9380,2022-01-07,smb,Europe,30.44,1
9381,2023-08-25,midmarket,North America,141.04,-1
9382,2024-07-19,smb,Europe,27.0,-1
9383,2022-11-09,midmarket,Europe,105.11,-1
9384,2023-06-27,enterprise,Europe,372.96,19
9385,2024-07-16,smb,North America,38.84,-1
9386,2024-10-10,smb,North America,29.54,-1
9387,2024-12-26,midmarket,Europe,92.17,1
9388,2023-07-03,midmarket,North America,134.87,-1
9389,2023-05-26,enterprise,North America,428.72,9
9390,2023-05-04,smb,North America,38.36,-1
9391,2024-05-03,midmarket,North America,102.86,5
9392,2023-06-20,midmarket,North America,141.25,-1
9393,2023-05-26,smb,Other,28.22,1
9394,2022-08-03,smb,Europe,37.28,-1
9395,2023-09-03,midmarket,Europe,124.16,13
9396,2022-10-30,smb,North America,41.28,-1
9397,2023-11-01,midmarket,North America,106.63,1
9398,2025-02-07,midmarket,APAC,95.38,1
9399,2024-09-16,smb,Europe,30.44,-1
9400,2023-09-02,midmarket,Other,81.63,10
9401,2025-06-01,midmarket,North America,104.35,-1
9402,2025-06-04,smb,North America,29.44,-1
9403,2023-07-22,smb,Europe,36.21,-1
9404,2024-09-01,smb,North America,37.39,-1
9405,2023-03-13,smb,North America,39.94,-1
9406,2025-01-26,midmarket,North America,124.33,1
9407,2023-04-22,smb,North America,38.62,-1
9408,2022-11-26,midmarket,APAC,114.03,-1
9409,2022-06-20,smb,APAC,28.27,-1
9410,2024-12-11,midmarket,Europe,93.21,-1
9411,2023-01-14,enterprise,North America,446.67,15
9412,2024-11-03,enterprise,APAC,332.18,1
9413,2022-04-21,smb,Europe,38.0,-1
9414,2023-10-02,enterprise,APAC,371.83,-1
9415,2023-06-30,smb,Europe,34.81,9
9416,2023-07-14,smb,Other,25.11,12
9417,2022-08-02,smb,North America,35.81,8
9418,2022-04-05,midmarket,Europe,116.42,-1
9419,2023-03-19,midmarket,APAC,105.62,-1
9420,2023-08-24,smb,APAC,28.87,-1
9421,2024-10-09,smb,Other,21.97,-1
9422,2023-08-14,midmarket,North America,125.3,17
9423,2022-11-10,smb,Europe,36.57,19
9424,2022-12-01,midmarket,North America,120.83,8
9425,2024-02-20,midmarket,Europe,110.55,1
9426,2023-07-10,midmarket,North America,117.87,-1
9427,2025-02-23,midmarket,North America,116.51,-1
9428,2023-07-16,midmarket,APAC,105.06,15
9429,2023-12-25,smb,APAC,25.7,-1
9430,2022-03-23,midmarket,Europe,127.44,-1
9431,2022-09-05,smb,North America,40.83,-1
9432,2024-12-20,smb,North America,31.89,1
9433,2023-03-16,smb,North America,42.13,19
9434,2023-06-22,enterprise,North America,459.85,9
9435,2024-01-24,smb,APAC,28.21,-1
9436,2022-03-15,midmarket,Europe,104.01,-1
9437,2023-10-09,smb,North America,35.73,-1
9438,2023-03-18,midmarket,Europe,106.57,16
9439,2022-07-09,smb,North America,36.35,1
9440,2023-06-18,midmarket,North America,132.73,-1
9441,2023-07-25,smb,North America,41.6,-1
9442,2022-08-26,midmarket,North America,119.41,1
9443,2023-11-24,midmarket,Europe,115.72,1
9444,2024-08-10,smb,Europe,31.12,9
9445,2022-12-08,midmarket,Europe,119.66,1
9446,2025-05-18,smb,APAC,28.39,-1
9447,2024-02-21,smb,APAC,26.85,15
9448,2024-09-13,smb,APAC,27.52,1
9449,2022-03-31,smb,Other,27.5,1
9450,2024-09-06,smb,APAC,25.14,-1
9451,2023-03-06,smb,APAC,29.6,1
9452,2024-06-25,enterprise,North America,339.9,-1
9453,2024-10-23,smb,North America,31.58,4
9454,2022-11-16,smb,Europe,29.91,4
9455,2022-11-27,midmarket,APAC,91.3,24
9456,2022-03-17,midmarket,APAC,103.31,33
9457,2024-02-12,midmarket,Europe,93.64,1
9458,2024-09-14,smb,APAC,24.09,-1
9459,2023-06-08,midmarket,Europe,116.25,-1
9460,2022-07-25,smb,Europe,35.58,-1
9461,2023-02-08,smb,North America,42.91,-1
9462,2023-05-30,smb,Europe,36.52,-1
9463,2025-03-14,midmarket,North America,126.75,-1
9464,2022-06-08,smb,North America,41.58,-1
9465,2023-03-15,smb,Europe,30.46,14
9466,2024-03-25,midmarket,North America,109.82,-1
9467,2022-10-29,midmarket,APAC,117.51,-1
9468,2025-02-02,midmarket,Europe,113.39,-1
9469,2025-03-06,smb,Europe,28.94,1
9470,2023-05-01,midmarket,North America,129.74,-1
9471,2024-08-09,enterprise,APAC,263.02,1
9472,2024-08-22,midmarket,Europe,92.1,6
9473,2024-05-19,enterprise,Europe,353.48,5
9474,2022-08-26,midmarket,Europe,105.06,-1
9475,2022-03-05,smb,Europe,34.46,-1
9476,2023-03-20,smb,Europe,35.65,22
9477,2022-06-17,smb,Europe,37.28,-1
9478,2023-01-09,enterprise,APAC,377.11,-1
9479,2024-03-25,smb,North America,32.64,-1
9480,2024-01-22,smb,APAC,27.46,1
9481,2022-09-25,smb,North America,40.25,12
9482,2022-01-23,smb,North America,41.23,1
9483,2022-10-15,midmarket,North America,152.12,1
9484,2023-08-04,smb,North America,34.28,14
9485,2024-09-21,smb,North America,29.93,-1
9486,2023-04-11,midmarket,APAC,97.19,-1
9487,2022-12-31,smb,Europe,33.42,14
9488,2023-12-05,midmarket,Other,88.16,14
9489,2022-04-02,enterprise,North America,429.09,28
9490,2022-10-15,smb,Europe,31.11,14
9491,2022-02-16,smb,North America,39.19,-1
9492,2023-11-02,smb,Europe,33.26,-1
9493,2023-07-20,smb,North America,33.04,9
9494,2024-01-14,midmarket,Europe,118.51,1
9495,2024-02-27,smb,Europe,32.3,-1
9496,2023-05-20,smb,North America,32.91,8
9497,2025-01-13,midmarket,North America,98.76,-1
9498,2025-03-17,smb,North America,28.77,1
9499,2022-05-22,smb,North America,34.66,1
9500,2025-03-20,midmarket,Europe,103.37,1
9501,2022-09-08,smb,Europe,38.18,1
9502,2022-11-13,smb,APAC,26.75,1
9503,2023-11-08,smb,Other,25.02,2
9504,2022-02-07,smb,North America,44.46,5
9505,2023-04-10,smb,APAC,29.38,-1
9506,2022-09-06,smb,APAC,29.68,-1
9507,2023-09-08,enterprise,North America,414.48,12
9508,2024-11-05,smb,APAC,23.41,1
9509,2025-03-25,smb,Europe,26.47,-1
9510,2022-09-28,smb,Europe,38.39,8
9511,2023-11-27,smb,Europe,32.82,-1
9512,2023-08-29,smb,APAC,26.91,-1
9513,2023-06-14,smb,APAC,32.94,-1
9514,2024-03-18,smb,APAC,26.89,-1
9515,2025-06-16,smb,North America,29.16,-1
9516,2023-06-02,smb,Other,31.26,1
9517,2022-03-25,enterprise,Europe,416.06,1
9518,2025-03-14,enterprise,APAC,319.85,3
9519,2025-04-04,smb,APAC,22.16,-1
9520,2023-02-16,midmarket,North America,121.33,-1
9521,2023-10-03,midmarket,North America,141.38,-1
9522,2025-01-05,midmarket,APAC,80.86,-1
9523,2023-10-05,smb,APAC,31.66,3
9524,2023-09-07,smb,APAC,30.93,-1
9525,2025-03-22,smb,Europe,27.85,-1
9526,2024-11-23,smb,North America,37.92,1
9527,2023-10-10,smb,Europe,35.64,-1
9528,2022-07-26,midmarket,North America,148.98,-1
9529,2023-07-14,midmarket,APAC,96.34,19
9530,2024-05-13,midmarket,Europe,107.33,1
9531,2022-12-14,enterprise,North America,411.4,26
9532,2023-11-17,smb,Europe,27.98,2
9533,2024-04-20,midmarket,Other,100.16,1
9534,2022-04-19,smb,Europe,39.5,9
9535,2023-12-28,smb,North America,31.24,1
9536,2024-07-30,midmarket,Europe,109.33,2
9537,2022-10-01,smb,Europe,38.08,-1
9538,2023-12-01,smb,North America,37.17,1
9539,2024-06-24,smb,Europe,26.22,-1
9540,2022-02-26,smb,North America,34.23,-1
9541,2024-04-01,smb,Europe,30.71,-1
9542,2022-11-28,smb,North America,43.47,15
9543,2023-05-22,smb,Europe,30.28,-1
9544,2024-04-06,enterprise,Europe,334.76,1
9545,2022-01-06,smb,Europe,38.11,1
9546,2022-01-22,smb,North America,43.89,14
9547,2023-07-24,enterprise,North America,478.22,12
9548,2025-04-26,enterprise,APAC,325.69,-1
9549,2022-01-08,enterprise,APAC,370.14,-1
9550,2024-10-03,midmarket,North America,132.54,-1
9551,2022-04-06,enterprise,North America,469.25,5
9552,2023-09-16,midmarket,Other,95.47,1
9553,2023-07-04,smb,North America,31.56,-1
9554,2023-08-21,smb,Other,26.8,5
9555,2022-04-15,smb,APAC,26.81,12
9556,2024-08-19,enterprise,North America,441.85,6
9557,2022-12-18,smb,North America,32.61,-1
9558,2024-09-10,midmarket,Other,82.0,3
9559,2024-04-16,midmarket,North America,138.88,-1
9560,2023-12-05,smb,Europe,34.08,7
9561,2023-01-29,smb,North America,40.98,4
9562,2024-04-12,smb,Europe,32.63,2
9563,2025-06-26,smb,APAC,22.14,-1
9564,2025-03-23,smb,Europe,27.07,-1
9565,2025-03-15,smb,North America,36.22,-1
9566,2022-10-08,smb,Europe,37.54,21
9567,2024-01-17,midmarket,Europe,102.0,-1
9568,2023-05-23,midmarket,North America,118.65,5
9569,2025-05-18,smb,APAC,23.69,-1
9570,2025-04-27,smb,Europe,29.16,-1
9571,2025-01-12,midmarket,North America,108.02,-1
9572,2022-07-27,midmarket,Other,84.95,5
9573,2023-02-11,midmarket,North America,125.52,2
9574,2024-06-26,smb,North America,35.46,-1
9575,2024-08-14,midmarket,North America,123.16,10
9576,2023-03-23,smb,North America,35.89,-1
9577,2022-06-24,enterprise,North America,424.36,7
9578,2022-06-24,midmarket,North America,126.1,-1
9579,2024-05-23,midmarket,APAC,97.62,-1
9580,2023-08-03,smb,Europe,29.88,-1
9581,2023-09-19,midmarket,North America,141.03,-1
9582,2024-11-06,smb,Europe,27.61,-1
9583,2022-01-22,smb,Europe,38.05,19
9584,2024-08-20,smb,Europe,28.4,-1
9585,2022-12-16,midmarket,Other,100.77,1
9586,2025-04-03,smb,North America,35.03,-1
9587,2025-05-04,midmarket,North America,101.69,-1
9588,2023-10-03,smb,North America,35.07,-1
9589,2023-02-08,smb,North America,33.62,-1
9590,2022-10-25,smb,Europe,33.66,23
9591,2022-08-20,smb,North America,43.74,26
9592,2025-06-28,smb,Europe,29.24,-1
9593,2022-08-28,smb,APAC,32.33,4
9594,2023-07-24,midmarket,APAC,92.64,-1
9595,2023-09-04,smb,Europe,31.49,-1
9596,2024-05-16,midmarket,Europe,112.16,-1
9597,2024-12-11,midmarket,Europe,89.61,-1
9598,2023-12-14,smb,Europe,27.76,6
9599,2024-08-25,smb,North America,31.68,6
9600,2023-12-25,smb,North America,33.16,1
9601,2023-07-12,smb,North America,42.05,-1
9602,2022-07-21,smb,Europe,30.55,-1
9603,2022-09-24,smb,Europe,29.72,5
9604,2023-07-06,smb,North America,32.92,-1
9605,2022-02-28,smb,North America,36.49,29
9606,2023-02-08,midmarket,APAC,97.56,12
9607,2023-08-14,smb,North America,33.41,4
9608,2023-08-27,smb,North America,32.2,-1
9609,2024-11-05,smb,North America,30.27,-1
9610,2025-05-19,enterprise,North America,408.31,-1
9611,2024-07-20,midmarket,APAC,93.71,4
9612,2022-04-12,midmarket,North America,146.14,-1
9613,2023-06-06,midmarket,North America,114.91,21
9614,2024-07-20,smb,Other,24.16,-1
9615,2024-01-29,enterprise,Europe,407.51,1
9616,2023-08-08,midmarket,Europe,95.93,-1
9617,2023-07-11,smb,Europe,31.52,23
9618,2023-06-03,midmarket,North America,119.45,16
9619,2024-01-09,midmarket,North America,104.67,-1
9620,2022-08-17,smb,North America,39.57,-1
9621,2023-10-23,smb,North America,36.92,-1
9622,2022-09-20,smb,North America,36.69,1
9623,2024-05-18,smb,Europe,30.25,1
9624,2025-01-08,smb,North America,32.52,-1
9625,2023-10-10,midmarket,North America,123.38,-1
9626,2023-05-10,smb,Europe,35.82,1
9627,2025-04-15,smb,North America,35.18,-1
9628,2024-04-21,smb,Europe,28.65,-1
9629,2023-07-01,smb,North America,34.04,17
9630,2022-02-06,midmarket,Europe,127.52,12
9631,2022-01-21,enterprise,APAC,330.25,4
9632,2022-10-10,smb,Europe,37.66,-1
9633,2022-10-29,smb,APAC,33.22,11
9634,2024-07-09,midmarket,North America,110.19,-1
9635,2023-10-01,smb,North America,39.67,3
9636,2025-06-29,smb,North America,29.66,-1
9637,2023-11-21,smb,North America,31.03,1
9638,2025-02-26,midmarket,APAC,102.09,-1
9639,2023-12-06,smb,North America,38.83,16
9640,2023-04-03,smb,North America,37.36,22
9641,2024-06-30,smb,APAC,30.13,-1
9642,2023-07-28,smb,North America,32.23,1
9643,2022-12-17,smb,Europe,35.63,23
9644,2023-08-27,midmarket,North America,143.23,12
9645,2024-04-28,smb,Other,28.56,8
9646,2023-04-25,midmarket,North America,125.88,1
9647,2024-06-17,smb,Europe,28.95,-1
9648,2025-06-05,smb,Europe,31.77,-1
9649,2023-06-09,smb,Other,25.72,1
9650,2023-01-12,smb,Other,31.8,-1
9651,2023-05-29,midmarket,APAC,94.67,-1
9652,2024-12-05,midmarket,North America,102.83,-1
9653,2022-08-17,smb,Europe,31.19,10
9654,2025-05-27,enterprise,APAC,295.72,-1
9655,2023-06-13,midmarket,Europe,98.4,12
9656,2024-12-09,smb,APAC,25.49,1
9657,2024-09-30,midmarket,APAC,103.38,-1
9658,2024-09-26,midmarket,North America,103.41,-1
9659,2025-03-05,midmarket,North America,117.88,-1
9660,2022-08-24,smb,North America,37.83,-1
9661,2024-01-28,smb,Europe,32.53,-1
9662,2022-05-07,smb,Europe,34.25,-1
9663,2023-01-17,smb,North America,42.33,1
9664,2022-02-21,enterprise,Europe,386.52,-1
9665,2024-05-20,smb,North America,35.17,2
9666,2024-02-15,enterprise,North America,362.1,1
9667,2024-08-02,smb,Europe,29.94,-1
9668,2022-08-13,midmarket,Europe,102.73,-1
9669,2023-02-28,midmarket,North America,133.01,-1
9670,2024-05-13,smb,Europe,29.84,-1
9671,2024-11-20,midmarket,APAC,98.92,-1
9672,2025-02-04,smb,Europe,28.35,2
9673,2022-04-05,smb,Other,30.49,5
9674,2023-05-29,smb,North America,32.36,-1
9675,2022-01-14,enterprise,North America,488.98,13
9676,2024-11-10,smb,North America,38.64,-1
9677,2022-06-06,smb,Europe,33.66,1
9678,2024-11-15,midmarket,North America,99.36,-1
9679,2022-07-19,smb,Other,29.83,1
9680,2022-01-20,smb,Europe,31.27,1
9681,2025-01-26,smb,APAC,26.05,-1
9682,2023-07-14,smb,North America,31.75,1
9683,2023-06-27,smb,Europe,31.72,-1
9684,2024-04-05,midmarket,North America,134.51,-1
9685,2022-12-17,smb,Europe,29.6,21
9686,2024-05-31,midmarket,APAC,94.09,1
9687,2023-07-02,smb,North America,34.2,-1
9688,2022-12-14,smb,APAC,27.77,-1
9689,2023-05-19,smb,Europe,33.83,1
9690,2022-01-08,smb,Europe,37.61,17
9691,2023-01-20,enterprise,North America,483.38,24
9692,2024-01-25,smb,North America,33.44,1
9693,2022-06-25,midmarket,North America,117.47,-1
9694,2022-06-01,smb,Europe,33.61,-1
9695,2024-04-16,smb,North America,36.16,-1
9696,2023-07-01,midmarket,Other,100.31,-1
9697,2022-06-24,smb,Other,31.3,-1
9698,2024-08-12,smb,North America,38.3,-1
9699,2024-09-16,smb,Europe,25.67,-1
9700,2022-02-14,smb,North America,45.85,10
9701,2022-09-15,smb,North America,44.2,6
9702,2023-04-18,smb,North America,32.26,-1
9703,2024-07-22,enterprise,APAC,293.11,-1
9704,2022-04-05,midmarket,APAC,115.0,1
9705,2024-10-24,enterprise,North America,387.91,-1
9706,2023-02-12,midmarket,North America,110.49,13
9707,2022-06-09,midmarket,North America,128.96,2
9708,2025-01-06,smb,Europe,29.92,-1
9709,2022-04-21,smb,North America,44.22,1
9710,2022-06-15,midmarket,APAC,115.95,12
9711,2025-04-26,smb,Other,27.7,1
9712,2023-10-25,smb,North America,36.03,-1
9713,2023-08-14,midmarket,APAC,107.42,-1
9714,2024-05-27,smb,Europe,26.85,-1
9715,2024-03-15,enterprise,Europe,354.28,-1
9716,2024-02-22,smb,APAC,31.38,-1
9717,2022-01-30,smb,Europe,38.56,5
9718,2023-12-06,enterprise,Europe,374.54,-1
9719,2022-12-22,midmarket,North America,117.25,-1
9720,2024-10-27,smb,Europe,26.87,-1
9721,2023-10-07,midmarket,North America,131.4,-1
9722,2022-06-07,smb,North America,37.27,20
9723,2025-02-04,smb,Europe,27.58,-1
9724,2022-12-29,midmarket,North America,144.71,1
9725,2022-12-13,smb,North America,32.72,1
9726,2025-04-09,smb,North America,31.99,1
9727,2024-09-16,midmarket,APAC,84.92,1
9728,2025-01-01,smb,Europe,25.08,-1
9729,2024-04-24,smb,North America,32.27,-1
9730,2025-03-07,smb,APAC,23.55,1
9731,2022-05-28,midmarket,APAC,106.16,30
9732,2024-02-05,midmarket,North America,119.81,-1
9733,2023-01-10,smb,Europe,32.79,-1
9734,2023-05-24,smb,North America,41.53,-1
9735,2022-10-31,midmarket,Europe,114.86,1
9736,2022-09-19,smb,Europe,35.12,11
9737,2023-07-19,smb,North America,38.56,21
9738,2025-03-17,midmarket,Europe,99.6,-1
9739,2024-03-21,smb,North America,33.38,-1
9740,2023-03-22,smb,Europe,36.72,1
9741,2023-07-08,smb,North America,36.24,-1
9742,2023-11-08,smb,APAC,28.93,-1
9743,2022-11-09,smb,Europe,33.99,-1
9744,2023-10-28,smb,North America,39.95,-1
9745,2024-06-06,smb,APAC,27.6,-1
9746,2022-11-07,midmarket,North America,129.97,30
9747,2024-01-16,smb,Europe,30.78,-1
9748,2024-06-22,smb,Europe,32.9,-1
9749,2023-10-25,smb,North America,34.52,-1
9750,2023-01-08,midmarket,North America,147.42,3
9751,2023-12-09,midmarket,North America,136.29,-1
9752,2024-10-09,midmarket,Europe,90.8,-1
9753,2022-10-11,smb,Europe,31.72,1
9754,2024-01-04,smb,North America,40.18,-1
9755,2024-05-18,smb,North America,32.75,-1
9756,2023-02-15,midmarket,APAC,96.01,11
9757,2023-05-10,smb,North America,34.14,-1
9758,2025-02-08,enterprise,North America,330.93,-1
9759,2023-04-09,midmarket,Europe,111.03,-1
9760,2024-02-03,midmarket,North America,131.53,-1
9761,2022-07-11,smb,Other,30.32,31
9762,2025-03-27,smb,North America,28.53,-1
9763,2024-02-01,midmarket,APAC,96.3,11
9764,2024-08-28,midmarket,North America,112.36,-1
9765,2024-02-08,smb,North America,37.15,15
9766,2023-03-30,enterprise,North America,418.24,-1
9767,2023-03-11,smb,Other,31.85,10
9768,2024-06-13,midmarket,Europe,114.3,-1
9769,2025-01-02,midmarket,North America,122.16,-1
9770,2022-06-12,midmarket,Other,100.13,1
9771,2024-12-14,smb,North America,34.72,4
9772,2024-11-25,smb,North America,33.39,-1
9773,2022-05-20,midmarket,North America,147.45,34
9774,2022-05-19,smb,APAC,34.71,8
9775,2024-06-05,enterprise,North America,458.58,-1
9776,2024-12-11,smb,North America,34.8,-1
9777,2023-05-18,midmarket,Other,99.68,1
9778,2024-03-28,smb,Europe,29.9,1
9779,2025-06-29,enterprise,North America,318.47,-1
9780,2023-02-16,smb,Europe,34.92,-1
9781,2022-10-15,smb,North America,43.61,14
9782,2025-06-19,smb,Europe,31.49,-1
9783,2022-12-24,smb,North America,42.56,-1
9784,2023-08-27,midmarket,Europe,106.33,22
9785,2023-07-19,midmarket,APAC,105.44,-1
9786,2023-10-30,smb,North America,37.89,-1
9787,2022-12-09,smb,North America,38.69,2
9788,2024-05-16,smb,North America,31.42,-1
9789,2024-06-01,smb,APAC,27.93,-1
9790,2022-09-13,smb,APAC,28.51,-1
9791,2023-09-06,smb,APAC,30.36,1
9792,2022-03-15,smb,Other,33.41,23
9793,2022-10-09,smb,APAC,32.26,13
9794,2025-06-13,midmarket,Other,76.86,-1
9795,2023-10-09,smb,Europe,31.3,1
9796,2024-03-05,smb,North America,36.14,11
9797,2025-02-08,midmarket,Europe,106.41,-1
9798,2024-06-29,smb,North America,31.21,2
9799,2024-10-08,smb,North America,34.42,-1
9800,2024-06-27,enterprise,North America,441.95,3
9801,2023-09-29,smb,North America,31.38,-1
9802,2024-03-18,midmarket,Europe,112.92,11
9803,2023-01-04,enterprise,North America,484.31,28
9804,2025-02-10,smb,North America,36.39,4
9805,2022-08-18,smb,APAC,34.44,-1
9806,2025-02-02,smb,Europe,31.53,-1
9807,2025-01-25,enterprise,North America,386.18,-1
9808,2022-07-01,smb,North America,38.87,4
9809,2024-06-25,enterprise,North America,342.84,1
9810,2025-06-16,smb,APAC,21.89,-1
9811,2024-01-01,midmarket,North America,127.96,5
9812,2023-03-11,smb,Other,25.97,1
9813,2025-01-27,enterprise,North America,361.87,-1
9814,2023-10-17,enterprise,APAC,355.32,3
9815,2022-06-05,smb,North America,34.74,-1
9816,2022-11-15,smb,Europe,31.23,28
9817,2024-05-20,smb,North America,37.03,1
9818,2023-08-05,smb,North America,31.57,-1
9819,2022-10-04,midmarket,Other,98.37,26
9820,2024-10-16,enterprise,Europe,297.28,-1
9821,2022-06-03,smb,North America,42.41,26
9822,2022-10-07,midmarket,APAC,107.73,-1
9823,2023-08-18,smb,North America,37.94,-1
9824,2022-02-20,smb,APAC,28.73,-1
9825,2023-05-10,smb,North America,39.81,22
9826,2025-03-07,smb,North America,31.26,-1
9827,2025-04-15,enterprise,North America,385.8,-1
9828,2025-01-17,midmarket,North America,101.13,1
9829,2023-02-18,smb,Other,24.59,1
9830,2022-03-24,midmarket,North America,124.18,37
9831,2024-11-05,smb,North America,31.08,1
9832,2023-04-22,smb,APAC,26.05,1
9833,2024-08-13,midmarket,North America,104.83,-1
9834,2022-06-02,smb,North America,43.8,13
9835,2024-05-02,midmarket,Europe,106.31,-1
9836,2024-01-19,smb,North America,37.14,1
9837,2025-03-20,midmarket,APAC,83.51,-1
9838,2022-05-11,smb,Europe,29.78,11
9839,2023-06-05,enterprise,North America,483.74,-1
9840,2025-06-17,enterprise,Europe,281.37,-1
9841,2023-05-13,midmarket,North America,140.26,-1
9842,2024-04-19,midmarket,Europe,110.36,14
9843,2022-07-25,smb,Europe,33.09,5
9844,2024-07-18,enterprise,APAC,333.47,-1
9845,2022-12-18,midmarket,Europe,123.0,1
9846,2024-01-01,midmarket,APAC,107.03,-1
9847,2025-01-27,midmarket,North America,116.78,-1
9848,2024-04-23,midmarket,APAC,86.51,-1
9849,2023-08-29,midmarket,North America,128.73,-1
9850,2022-08-31,smb,APAC,26.82,1
9851,2023-03-12,smb,Europe,31.54,-1
9852,2024-12-19,smb,North America,34.91,-1
9853,2022-10-03,midmarket,North America,122.46,1
9854,2024-04-17,smb,APAC,30.62,-1
9855,2023-09-11,smb,APAC,32.7,1
9856,2023-02-14,smb,Europe,28.73,27
9857,2024-07-03,midmarket,North America,108.52,1
9858,2023-04-08,midmarket,Europe,110.85,-1
9859,2023-01-01,smb,North America,32.76,1
9860,2023-11-07,midmarket,Europe,94.72,8
9861,2024-08-24,smb,North America,38.68,-1
9862,2025-01-07,midmarket,APAC,77.88,-1
9863,2024-03-14,midmarket,Europe,97.69,9
9864,2024-04-24,midmarket,North America,118.15,-1
9865,2024-10-01,midmarket,Europe,87.2,-1
9866,2022-12-10,midmarket,North America,143.25,17
9867,2022-11-17,enterprise,North America,482.37,-1
9868,2023-09-10,smb,North America,35.41,16
9869,2024-03-16,midmarket,North America,110.68,-1
9870,2024-04-04,smb,North America,39.42,1
9871,2022-07-16,smb,Europe,35.86,1
9872,2024-09-23,smb,Europe,30.08,-1
9873,2023-04-10,smb,Europe,31.54,-1
9874,2025-01-24,midmarket,Other,86.17,1
9875,2024-07-13,smb,APAC,25.13,1
9876,2025-06-08,smb,North America,32.19,-1
9877,2024-03-17,smb,Europe,32.55,-1
9878,2023-11-05,enterprise,APAC,315.09,-1
9879,2022-08-28,smb,North America,41.12,-1
9880,2023-05-24,enterprise,North America,456.79,20
9881,2024-12-31,smb,Other,26.88,1
9882,2023-05-03,enterprise,APAC,340.52,-1
9883,2022-03-10,midmarket,APAC,96.88,30
9884,2022-11-09,smb,APAC,31.86,7
9885,2024-01-30,smb,North America,39.25,1
9886,2024-03-13,smb,Europe,27.08,-1
9887,2025-06-09,smb,APAC,28.62,-1
9888,2025-04-06,smb,North America,37.43,1
9889,2023-11-10,smb,North America,38.02,-1
9890,2023-12-09,smb,North America,31.81,-1
9891,2024-10-18,midmarket,Europe,106.55,-1
9892,2022-03-04,midmarket,Europe,113.77,18
9893,2024-01-30,smb,APAC,26.38,-1
9894,2023-08-28,midmarket,North America,108.47,1
9895,2024-09-26,smb,Europe,31.88,-1
9896,2024-10-18,enterprise,North America,398.24,-1
9897,2024-04-16,midmarket,Other,88.06,-1
9898,2024-04-18,enterprise,Europe,338.8,-1
9899,2024-05-31,smb,Europe,29.7,-1
9900,2024-01-11,smb,North America,35.32,-1
9901,2022-10-18,midmarket,North America,131.41,1
9902,2022-12-30,enterprise,North America,384.09,17
9903,2024-08-04,midmarket,APAC,89.33,-1
9904,2024-02-29,midmarket,North America,106.21,7
9905,2022-10-31,smb,APAC,32.7,1
9906,2025-01-25,smb,North America,33.83,-1
9907,2025-06-05,midmarket,Europe,106.21,-1
9908,2024-03-09,midmarket,North America,118.98,1
9909,2022-10-18,smb,North America,34.57,21
9910,2025-04-12,midmarket,Europe,92.62,1
9911,2022-10-30,midmarket,North America,121.74,23
9912,2023-07-06,smb,North America,36.26,13
9913,2024-12-31,midmarket,Europe,109.48,-1
9914,2023-10-27,enterprise,North America,367.91,1
9915,2022-11-07,midmarket,Europe,111.07,31
9916,2022-04-13,smb,Europe,30.29,1
9917,2023-04-06,midmarket,North America,124.33,10
9918,2024-05-07,smb,North America,35.95,-1
9919,2024-06-30,smb,North America,30.39,1
9920,2022-10-12,smb,North America,33.57,-1
9921,2022-07-22,smb,North America,41.85,1
9922,2024-06-14,midmarket,Europe,101.16,-1
9923,2022-07-22,midmarket,North America,128.22,12
9924,2022-03-23,midmarket,APAC,112.99,11
9925,2023-09-13,smb,APAC,25.05,-1
9926,2023-12-30,smb,North America,39.89,-1
9927,2022-11-07,smb,Europe,36.16,-1
9928,2022-09-27,smb,North America,37.49,-1
9929,2022-10-28,midmarket,North America,131.07,1
9930,2023-03-14,midmarket,Other,92.53,-1
9931,2022-01-12,midmarket,Europe,130.27,-1
9932,2022-01-16,smb,North America,34.56,24
9933,2023-04-18,enterprise,APAC,352.49,-1
9934,2022-01-26,smb,APAC,29.63,7
9935,2023-02-11,enterprise,Europe,407.71,24
9936,2024-01-12,smb,Europe,35.67,12
9937,2022-02-09,enterprise,APAC,334.59,22
9938,2024-02-28,smb,Europe,30.49,-1
9939,2024-03-03,midmarket,Europe,107.21,1
9940,2024-01-02,smb,APAC,28.46,17
9941,2024-03-10,smb,Europe,27.65,-1
9942,2024-10-29,smb,North America,35.02,-1
9943,2022-04-01,midmarket,North America,145.25,-1
9944,2022-08-04,smb,North America,44.15,5
9945,2023-02-09,midmarket,North America,138.55,-1
9946,2024-05-28,enterprise,North America,413.39,-1
9947,2025-01-18,smb,Europe,26.89,-1
9948,2025-03-18,smb,Other,21.6,-1
9949,2024-01-13,midmarket,North America,127.77,-1
9950,2023-06-08,smb,North America,38.51,-1
9951,2023-06-10,smb,APAC,32.0,19
9952,2022-03-18,smb,North America,39.24,-1
9953,2023-08-17,midmarket,APAC,88.89,1
9954,2023-10-17,smb,Europe,29.02,11
9955,2022-09-23,midmarket,Europe,114.78,1
9956,2024-09-06,midmarket,North America,111.12,-1
9957,2024-11-01,midmarket,North America,105.32,1
9958,2023-01-21,smb,Europe,29.18,1
9959,2025-03-12,midmarket,North America,110.97,-1
9960,2022-05-17,midmarket,North America,128.87,1
9961,2025-03-08,midmarket,North America,129.87,-1
9962,2024-09-07,enterprise,Europe,377.83,-1
9963,2022-10-13,smb,Europe,30.37,4
9964,2024-04-09,smb,Europe,33.0,1
9965,2023-02-01,smb,Europe,32.72,-1
9966,2024-10-17,smb,North America,38.53,1
9967,2022-07-24,midmarket,APAC,108.44,15
9968,2022-11-09,smb,APAC,27.39,26
9969,2023-01-27,smb,North America,34.57,23
9970,2022-09-12,smb,Europe,38.44,8
9971,2023-03-01,smb,North America,42.39,12
9972,2024-02-08,midmarket,APAC,95.13,-1
9973,2024-03-18,smb,North America,36.13,-1
9974,2023-12-08,enterprise,North America,417.32,-1
9975,2022-08-30,smb,APAC,32.9,24
9976,2022-09-16,midmarket,Europe,114.72,17
9977,2025-03-19,smb,North America,29.48,3
9978,2022-11-17,smb,Europe,31.64,1
9979,2022-05-12,smb,APAC,31.56,11
9980,2023-08-03,enterprise,North America,401.18,-1
9981,2022-01-09,smb,Europe,38.29,-1
9982,2023-03-14,smb,Europe,37.16,23
9983,2024-12-26,smb,Europe,27.11,1
9984,2022-12-08,smb,Other,31.55,18
9985,2024-06-17,smb,Europe,32.31,-1
9986,2023-09-18,smb,Europe,32.62,-1
9987,2023-03-30,midmarket,APAC,89.86,1
9988,2024-04-24,smb,North America,34.33,-1
9989,2024-01-30,smb,North America,41.15,1
9990,2023-02-11,smb,Other,29.22,26
9991,2022-10-13,midmarket,Europe,118.21,1
9992,2025-03-15,midmarket,North America,98.09,1
9993,2022-08-03,midmarket,North America,126.4,-1
9994,2025-05-09,smb,North America,32.75,-1
9995,2023-08-25,smb,North America,38.31,1
9996,2025-06-25,smb,North America,36.19,-1
9997,2023-03-27,midmarket,Europe,110.89,-1
9998,2023-12-23,midmarket,North America,115.1,-1
9999,2024-02-25,smb,Europe,28.96,-1
